-- MySQL dump 10.13  Distrib 5.5.27, for osx10.8 (i386)
--
-- Host: localhost    Database: mgp
-- ------------------------------------------------------
-- Server version	5.5.27

/*!40101 SET @OLD_CHARACTER_SET_CLIENT=@@CHARACTER_SET_CLIENT */;
/*!40101 SET @OLD_CHARACTER_SET_RESULTS=@@CHARACTER_SET_RESULTS */;
/*!40101 SET @OLD_COLLATION_CONNECTION=@@COLLATION_CONNECTION */;
/*!40101 SET NAMES utf8 */;
/*!40103 SET @OLD_TIME_ZONE=@@TIME_ZONE */;
/*!40103 SET TIME_ZONE='+00:00' */;
/*!40014 SET @OLD_UNIQUE_CHECKS=@@UNIQUE_CHECKS, UNIQUE_CHECKS=0 */;
/*!40014 SET @OLD_FOREIGN_KEY_CHECKS=@@FOREIGN_KEY_CHECKS, FOREIGN_KEY_CHECKS=0 */;
/*!40101 SET @OLD_SQL_MODE=@@SQL_MODE, SQL_MODE='NO_AUTO_VALUE_ON_ZERO' */;
/*!40111 SET @OLD_SQL_NOTES=@@SQL_NOTES, SQL_NOTES=0 */;

--
-- Table structure for table `avi_entrantes`
--

DROP TABLE IF EXISTS `avi_entrantes`;
/*!40101 SET @saved_cs_client     = @@character_set_client */;
/*!40101 SET character_set_client = utf8 */;
CREATE TABLE `avi_entrantes` (
  `ave_key` int(11) NOT NULL,
  `ave_tstamp` datetime NOT NULL,
  `avs_code` int(11) NOT NULL,
  `ave_headers` varchar(500) DEFAULT NULL,
  `ave_subject` varchar(200) DEFAULT NULL,
  `ave_body` varchar(8000) DEFAULT NULL,
  `ave_body_alt` varchar(8000) DEFAULT NULL,
  `ave_from` varchar(100) DEFAULT NULL,
  `ave_status` varchar(50) DEFAULT NULL,
  `ave_attachments` varchar(5) DEFAULT NULL,
  `avm_key` int(11) DEFAULT NULL,
  PRIMARY KEY (`ave_key`),
  UNIQUE KEY `pk_avi_mensajes` (`ave_key`)
) ENGINE=InnoDB DEFAULT CHARSET=utf8;
/*!40101 SET character_set_client = @saved_cs_client */;

--
-- Dumping data for table `avi_entrantes`
--

LOCK TABLES `avi_entrantes` WRITE;
/*!40000 ALTER TABLE `avi_entrantes` DISABLE KEYS */;
/*!40000 ALTER TABLE `avi_entrantes` ENABLE KEYS */;
UNLOCK TABLES;

--
-- Table structure for table `avi_eventos`
--

DROP TABLE IF EXISTS `avi_eventos`;
/*!40101 SET @saved_cs_client     = @@character_set_client */;
/*!40101 SET character_set_client = utf8 */;
CREATE TABLE `avi_eventos` (
  `ave_code` varchar(50) NOT NULL,
  `cco_code` int(10) NOT NULL,
  `avr_type` varchar(50) DEFAULT NULL,
  `avr_status` varchar(20) DEFAULT NULL,
  `ave_template` varchar(100) DEFAULT NULL,
  `ave_filtro` varchar(50) DEFAULT NULL,
  `ave_filtro_valor` varchar(50) DEFAULT NULL,
  `ave_filtro2` varchar(50) DEFAULT NULL,
  `ave_filtro2_valor` varchar(50) DEFAULT NULL,
  `ave_key` int(10) NOT NULL,
  UNIQUE KEY `pk_avi_eventos_1` (`ave_key`)
) ENGINE=InnoDB DEFAULT CHARSET=utf8;
/*!40101 SET character_set_client = @saved_cs_client */;

--
-- Dumping data for table `avi_eventos`
--

LOCK TABLES `avi_eventos` WRITE;
/*!40000 ALTER TABLE `avi_eventos` DISABLE KEYS */;
/*!40000 ALTER TABLE `avi_eventos` ENABLE KEYS */;
UNLOCK TABLES;

--
-- Table structure for table `avi_mensajes`
--

DROP TABLE IF EXISTS `avi_mensajes`;
/*!40101 SET @saved_cs_client     = @@character_set_client */;
/*!40101 SET character_set_client = utf8 */;
CREATE TABLE `avi_mensajes` (
  `avm_key` int(11) NOT NULL,
  `avm_tstamp` datetime NOT NULL,
  `avm_tstamp_send` datetime DEFAULT NULL,
  `avm_descr` varchar(100) DEFAULT NULL,
  `avm_class` varchar(100) DEFAULT NULL,
  `avm_code` varchar(100) DEFAULT NULL,
  `avm_email` varchar(100) DEFAULT NULL,
  `avm_template` varchar(100) DEFAULT NULL,
  `avm_opt` varchar(100) DEFAULT NULL,
  `avm_status` varchar(100) DEFAULT NULL,
  `avm_intentos` int(11) DEFAULT NULL,
  `avm_error` varchar(500) DEFAULT NULL,
  `tev_key` int(11) DEFAULT NULL,
  `avm_attachments` varchar(200) DEFAULT NULL,
  `avs_code` int(11) DEFAULT NULL,
  `avm_headers` varchar(512) DEFAULT NULL,
  `avm_xid` varchar(40) DEFAULT NULL,
  `avm_follow_up` varchar(200) DEFAULT NULL,
  `avm_follow_key` varchar(200) DEFAULT NULL,
  `avm_body` text,
  PRIMARY KEY (`avm_key`),
  UNIQUE KEY `pk_avi_mensajes` (`avm_key`)
) ENGINE=InnoDB DEFAULT CHARSET=utf8;
/*!40101 SET character_set_client = @saved_cs_client */;

--
-- Dumping data for table `avi_mensajes`
--

LOCK TABLES `avi_mensajes` WRITE;
/*!40000 ALTER TABLE `avi_mensajes` DISABLE KEYS */;
/*!40000 ALTER TABLE `avi_mensajes` ENABLE KEYS */;
UNLOCK TABLES;

--
-- Table structure for table `avi_servers`
--

DROP TABLE IF EXISTS `avi_servers`;
/*!40101 SET @saved_cs_client     = @@character_set_client */;
/*!40101 SET character_set_client = utf8 */;
CREATE TABLE `avi_servers` (
  `avs_code` int(11) NOT NULL,
  `avs_server_type` varchar(30) DEFAULT NULL,
  `avs_host` varchar(100) DEFAULT NULL,
  `avs_user` varchar(50) DEFAULT NULL,
  `avs_password` varchar(50) DEFAULT NULL,
  `avs_account` varchar(100) DEFAULT NULL,
  `avs_direction` varchar(30) DEFAULT NULL,
  `use_code` varchar(50) DEFAULT NULL,
  `avs_status` varchar(50) DEFAULT NULL,
  `avs_tstamp` datetime DEFAULT NULL,
  `avs_account_name` varchar(100) DEFAULT NULL,
  `avs_class` varchar(100) DEFAULT NULL,
  PRIMARY KEY (`avs_code`),
  UNIQUE KEY `pk_avi_servers` (`avs_code`)
) ENGINE=InnoDB DEFAULT CHARSET=utf8;
/*!40101 SET character_set_client = @saved_cs_client */;

--
-- Dumping data for table `avi_servers`
--

LOCK TABLES `avi_servers` WRITE;
/*!40000 ALTER TABLE `avi_servers` DISABLE KEYS */;
INSERT INTO `avi_servers` VALUES (1,'SMTP','10.80.22.8','','','noresponder@gcba.gov.ar','OUT','1','ACTIVO','2010-08-26 08:19:44','Informes 147','');
/*!40000 ALTER TABLE `avi_servers` ENABLE KEYS */;
UNLOCK TABLES;

--
-- Table structure for table `cal_llamados`
--

DROP TABLE IF EXISTS `cal_llamados`;
/*!40101 SET @saved_cs_client     = @@character_set_client */;
/*!40101 SET character_set_client = utf8 */;
CREATE TABLE `cal_llamados` (
  `cll_codigo` int(11) NOT NULL,
  `cqu_tel_fijo` varchar(30) COLLATE utf8_spanish_ci DEFAULT NULL,
  `cqu_tel_movil` varchar(30) COLLATE utf8_spanish_ci DEFAULT NULL,
  `cll_fecha` datetime DEFAULT NULL,
  `use_code` varchar(50) COLLATE utf8_spanish_ci DEFAULT NULL,
  `cqu_nombre` varchar(100) COLLATE utf8_spanish_ci DEFAULT NULL,
  PRIMARY KEY (`cll_codigo`),
  KEY `cal_llamados1` (`cqu_tel_fijo`,`cqu_tel_movil`,`cll_fecha`)
) ENGINE=InnoDB DEFAULT CHARSET=utf8 COLLATE=utf8_spanish_ci;
/*!40101 SET character_set_client = @saved_cs_client */;

--
-- Dumping data for table `cal_llamados`
--

LOCK TABLES `cal_llamados` WRITE;
/*!40000 ALTER TABLE `cal_llamados` DISABLE KEYS */;
/*!40000 ALTER TABLE `cal_llamados` ENABLE KEYS */;
UNLOCK TABLES;

--
-- Table structure for table `cal_queue`
--

DROP TABLE IF EXISTS `cal_queue`;
/*!40101 SET @saved_cs_client     = @@character_set_client */;
/*!40101 SET character_set_client = utf8 */;
CREATE TABLE `cal_queue` (
  `cqu_codigo` int(10) NOT NULL COMMENT 'codigo de llamada',
  `cqu_contacto` varchar(50) NOT NULL COMMENT 'contacto RECLAMO/SOLICITUD etc.',
  `cqu_calle` varchar(200) NOT NULL COMMENT 'direccion del reclamo',
  `cqu_altura` int(10) NOT NULL,
  `cqu_prestacion` varchar(200) NOT NULL COMMENT 'prestacion reclamada',
  `cqu_rubro` varchar(200) DEFAULT NULL COMMENT 'grupo de la prestacion',
  `cqu_responsable` varchar(200) DEFAULT NULL COMMENT 'organismo responsable de la prestacion',
  `cqu_x` double DEFAULT NULL COMMENT 'ubicacion en el mapa',
  `cqu_y` double DEFAULT NULL,
  `cqu_con_ingreso_fecha` datetime DEFAULT NULL COMMENT 'fecha de ingreso del reclamo',
  `cqu_con_cumplido_fecha` datetime DEFAULT NULL COMMENT 'fecha de cumplido del reclamo',
  `cqu_con_cumplido_nota` varchar(2000) DEFAULT NULL COMMENT 'Nota al pasar a cumplido el reclamo',
  `cqu_barrio` varchar(100) DEFAULT NULL COMMENT 'fecha de ingreso del reclamo',
  `cqu_cgpc` varchar(50) DEFAULT NULL COMMENT 'fecha de ingreso del reclamo',
  `cqu_historia` varchar(4000) DEFAULT NULL COMMENT 'Historia del contacto',
  `use_code` varchar(50) DEFAULT NULL COMMENT 'operador que procesa la llamada',
  `cqu_ingreso_fecha` datetime DEFAULT NULL COMMENT 'fecha de ingreso de la llamada',
  `cqu_egreso_fecha` datetime DEFAULT NULL COMMENT 'fecha de proceso de la llamada',
  `cqu_estado` varchar(50) DEFAULT NULL COMMENT 'estado de la llamada',
  `cqu_resultado` varchar(50) DEFAULT NULL COMMENT 'resultado de la llamada, se pudo hacer o no',
  `cqu_nota` varchar(2000) DEFAULT NULL COMMENT 'comentario del vecino',
  `cqu_actitud` varchar(50) DEFAULT NULL COMMENT 'recibio la llamada bien o mal',
  `cqu_conforme` varchar(50) DEFAULT NULL COMMENT 'quedo conforme o no',
  `cqu_motivo_no_conforme` varchar(100) DEFAULT NULL COMMENT 'motivo por el cual esta no conforme',
  `cqu_reabrir_contacto` varchar(5) DEFAULT NULL COMMENT 'hay que reabrir el contacto',
  `cqu_seguir` varchar(5) DEFAULT NULL COMMENT 'hay que seguir este problema',
  `cqu_tipo` varchar(50) DEFAULT NULL COMMENT 'tipo de contacto',
  `cqu_nombre` varchar(100) DEFAULT NULL,
  `cqu_tel_fijo` varchar(30) DEFAULT NULL,
  `cqu_tel_movil` varchar(30) DEFAULT NULL,
  `cqu_email` varchar(100) DEFAULT NULL,
  `cqu_resuelto` varchar(50) DEFAULT NULL,
  `cqu_bloqueado` datetime DEFAULT NULL,
  `cqu_reintentos` int(11) DEFAULT '0',
  `cqu_estado_contacto` varchar(50) DEFAULT NULL,
  PRIMARY KEY (`cqu_codigo`),
  KEY `ix_cal_queue1` (`cqu_estado`,`cqu_egreso_fecha`),
  KEY `ix_cal_queue2` (`cqu_estado`,`cqu_barrio`,`cqu_egreso_fecha`),
  KEY `cal_queue1` (`cqu_contacto`),
  KEY `cal_queue3` (`cqu_tipo`,`cqu_estado_contacto`),
  KEY `cal_queue4` (`cqu_estado`)
) ENGINE=MyISAM DEFAULT CHARSET=latin1;
/*!40101 SET character_set_client = @saved_cs_client */;

--
-- Dumping data for table `cal_queue`
--

LOCK TABLES `cal_queue` WRITE;
/*!40000 ALTER TABLE `cal_queue` DISABLE KEYS */;
/*!40000 ALTER TABLE `cal_queue` ENABLE KEYS */;
UNLOCK TABLES;

--
-- Table structure for table `cal_to_do`
--

DROP TABLE IF EXISTS `cal_to_do`;
/*!40101 SET @saved_cs_client     = @@character_set_client */;
/*!40101 SET character_set_client = utf8 */;
CREATE TABLE `cal_to_do` (
  `cto_codigo` int(10) NOT NULL COMMENT 'codigo de tarea',
  `cqu_codigo` int(10) NOT NULL COMMENT 'codigo de llamada que origina la tarea',
  `cto_estado` varchar(50) DEFAULT NULL COMMENT 'estado de la tarea',
  `use_code` varchar(50) DEFAULT NULL COMMENT 'operador que genero la tarea',
  `cto_ingreso_fecha` datetime DEFAULT NULL COMMENT 'fecha de creacion de la tarea',
  `cto_salida_fecha` datetime DEFAULT NULL COMMENT 'fecha de terminacion de la tarea',
  `cto_descripcion` varchar(3000) DEFAULT NULL COMMENT 'Motivo o descripcion de la tarea',
  `cto_nota` varchar(3000) DEFAULT NULL,
  PRIMARY KEY (`cto_codigo`)
) ENGINE=MyISAM DEFAULT CHARSET=latin1;
/*!40101 SET character_set_client = @saved_cs_client */;

--
-- Dumping data for table `cal_to_do`
--

LOCK TABLES `cal_to_do` WRITE;
/*!40000 ALTER TABLE `cal_to_do` DISABLE KEYS */;
/*!40000 ALTER TABLE `cal_to_do` ENABLE KEYS */;
UNLOCK TABLES;

--
-- Table structure for table `cal_to_do_steps`
--

DROP TABLE IF EXISTS `cal_to_do_steps`;
/*!40101 SET @saved_cs_client     = @@character_set_client */;
/*!40101 SET character_set_client = utf8 */;
CREATE TABLE `cal_to_do_steps` (
  `cto_codigo` int(10) NOT NULL COMMENT 'codigo de tarea',
  `cts_codigo` int(10) NOT NULL COMMENT 'codigo de paso',
  `use_code` varchar(50) DEFAULT NULL COMMENT 'operador que genero el paso',
  `cts_ingreso_fecha` datetime DEFAULT NULL COMMENT 'fecha de creacion del paso',
  `cts_alarma_fecha` datetime DEFAULT NULL COMMENT 'fecha de aviso del paso',
  `cts_note` varchar(3000) DEFAULT NULL COMMENT 'Motivo o descripcion del paso',
  PRIMARY KEY (`cto_codigo`,`cts_codigo`)
) ENGINE=MyISAM DEFAULT CHARSET=latin1;
/*!40101 SET character_set_client = @saved_cs_client */;

--
-- Dumping data for table `cal_to_do_steps`
--

LOCK TABLES `cal_to_do_steps` WRITE;
/*!40000 ALTER TABLE `cal_to_do_steps` DISABLE KEYS */;
/*!40000 ALTER TABLE `cal_to_do_steps` ENABLE KEYS */;
UNLOCK TABLES;

--
-- Table structure for table `cat_value`
--

DROP TABLE IF EXISTS `cat_value`;
/*!40101 SET @saved_cs_client     = @@character_set_client */;
/*!40101 SET character_set_client = utf8 */;
CREATE TABLE `cat_value` (
  `vli_code` varchar(50) NOT NULL,
  `val_value` varchar(200) NOT NULL,
  `val_order` int(10) DEFAULT NULL,
  `cas_code` varchar(50) DEFAULT NULL,
  `cas_value` varchar(200) NOT NULL
) ENGINE=InnoDB DEFAULT CHARSET=latin1;
/*!40101 SET character_set_client = @saved_cs_client */;

--
-- Dumping data for table `cat_value`
--

LOCK TABLES `cat_value` WRITE;
/*!40000 ALTER TABLE `cat_value` DISABLE KEYS */;
INSERT INTO `cat_value` VALUES ('skins','default',1,NULL,''),('status_user','ACTIVO',1,NULL,''),('status_user','INACTIVO',2,NULL,''),('status_user','SUSPENDIDO',3,NULL,''),('languages','Español',1,NULL,''),('NACIONALIDAD','Afganistán',34,NULL,'PAS'),('NACIONALIDAD','Albania',35,NULL,'PAS'),('NACIONALIDAD','Alemania',36,NULL,'PAS'),('NACIONALIDAD','American Samoa',9999,NULL,'PAS'),('NACIONALIDAD','Andorra',37,NULL,'PAS'),('NACIONALIDAD','Angola',38,NULL,'PAS'),('NACIONALIDAD','Anguila',9999,NULL,'PAS'),('NACIONALIDAD','Antártida',9999,NULL,'PAS'),('NACIONALIDAD','Antigua and Barbuda',9999,NULL,'PAS'),('NACIONALIDAD','Antillas Holandesas',9999,NULL,'PAS'),('NACIONALIDAD','Arabia Saudita',40,NULL,'PAS'),('NACIONALIDAD','Argelia',41,NULL,'PAS'),('NACIONALIDAD','Argentina',1,NULL,'PAS'),('NACIONALIDAD','Armenia',42,NULL,'PAS'),('NACIONALIDAD','Aruba',9999,NULL,'PAS'),('NACIONALIDAD','Australia',43,NULL,'PAS'),('NACIONALIDAD','Austria',44,NULL,'PAS'),('NACIONALIDAD','Azerbaijan',9999,NULL,'PAS'),('NACIONALIDAD','Bahamas',46,NULL,'PAS'),('NACIONALIDAD','Bahrein',47,NULL,'PAS'),('NACIONALIDAD','Bangladesh',9999,NULL,'PAS'),('NACIONALIDAD','Barbados',48,NULL,'PAS'),('NACIONALIDAD','Bélgica',50,NULL,'PAS'),('NACIONALIDAD','Belice',51,NULL,'PAS'),('NACIONALIDAD','Benin',52,NULL,'PAS'),('NACIONALIDAD','Bermuda',9999,NULL,'PAS'),('NACIONALIDAD','Bielorrusia',200,NULL,'PAS'),('NACIONALIDAD','Bolivia',6,NULL,'PAS'),('NACIONALIDAD','Bosnia y Herzegovina',9999,NULL,'PAS'),('NACIONALIDAD','Botsuana',9999,NULL,'PAS'),('NACIONALIDAD','Bouvet Island',9999,NULL,'PAS'),('NACIONALIDAD','Brasil',2,NULL,'PAS'),('NACIONALIDAD','British Indian Ocean Territory',9999,NULL,'PAS'),('NACIONALIDAD','Brunei Darussalam',9999,NULL,'PAS'),('NACIONALIDAD','Bulgaria',57,NULL,'PAS'),('NACIONALIDAD','Burkina Faso',9999,NULL,'PAS'),('NACIONALIDAD','Burundi',59,NULL,'PAS'),('NACIONALIDAD','Bután',60,NULL,'PAS'),('NACIONALIDAD','Cabo Verda',9999,NULL,'PAS'),('NACIONALIDAD','Camboya',62,NULL,'PAS'),('NACIONALIDAD','Camerún',63,NULL,'PAS'),('NACIONALIDAD','Canadá',64,NULL,'PAS'),('NACIONALIDAD','Chad',65,NULL,'PAS'),('NACIONALIDAD','Chile',7,NULL,'PAS'),('NACIONALIDAD','China',21,NULL,'PAS'),('NACIONALIDAD','Chipre',66,NULL,'PAS'),('NACIONALIDAD','Colombia',9,NULL,'PAS'),('NACIONALIDAD','Comores',68,NULL,'PAS'),('NACIONALIDAD','Congo',9999,NULL,'PAS'),('NACIONALIDAD','Corea del Norte',69,NULL,'PAS'),('NACIONALIDAD','Corea del Sur',70,NULL,'PAS'),('NACIONALIDAD','Costa Rica',72,NULL,'PAS'),('NACIONALIDAD','Cote D Ivoire',9999,NULL,'PAS'),('NACIONALIDAD','Croacia',73,NULL,'PAS'),('NACIONALIDAD','Cuba',12,NULL,'PAS'),('NACIONALIDAD','Dinamarca',74,NULL,'PAS'),('NACIONALIDAD','Djibouti',75,NULL,'PAS'),('NACIONALIDAD','Dominica',76,NULL,'PAS'),('NACIONALIDAD','East Timor',9999,NULL,'PAS'),('NACIONALIDAD','Ecuador',10,NULL,'PAS'),('NACIONALIDAD','Egipto',77,NULL,'PAS'),('NACIONALIDAD','El Salvador',13,NULL,'PAS'),('NACIONALIDAD','El Vaticano',9999,NULL,'PAS'),('NACIONALIDAD','Emiratos Arabes Unidos',78,NULL,'PAS'),('NACIONALIDAD','Eritrea',79,NULL,'PAS'),('NACIONALIDAD','Eslovaquia',80,NULL,'PAS'),('NACIONALIDAD','Eslovenia',81,NULL,'PAS'),('NACIONALIDAD','España',16,NULL,'PAS'),('NACIONALIDAD','Estados Unidos',20,NULL,'PAS'),('NACIONALIDAD','Estonia',83,NULL,'PAS'),('NACIONALIDAD','Etiopía',84,NULL,'PAS'),('NACIONALIDAD','Fiji',85,NULL,'PAS'),('NACIONALIDAD','Filipinas',86,NULL,'PAS'),('NACIONALIDAD','Finlandia',87,NULL,'PAS'),('NACIONALIDAD','Francia',19,NULL,'PAS'),('NACIONALIDAD','French Guiana',9999,NULL,'PAS'),('NACIONALIDAD','French Polynesia',9999,NULL,'PAS'),('NACIONALIDAD','French Southern Territories',9999,NULL,'PAS'),('NACIONALIDAD','Gabón',88,NULL,'PAS'),('NACIONALIDAD','Gambia',89,NULL,'PAS'),('NACIONALIDAD','Georgia',90,NULL,'PAS'),('NACIONALIDAD','Ghana',91,NULL,'PAS'),('NACIONALIDAD','Gibraltar',9999,NULL,'PAS'),('NACIONALIDAD','Granada',92,NULL,'PAS'),('NACIONALIDAD','Grecia',93,NULL,'PAS'),('NACIONALIDAD','Groenlandia',9999,NULL,'PAS'),('NACIONALIDAD','Guadalupe',9999,NULL,'PAS'),('NACIONALIDAD','Guam',9999,NULL,'PAS'),('NACIONALIDAD','Guatemala',14,NULL,'PAS'),('NACIONALIDAD','Guinea',94,NULL,'PAS'),('NACIONALIDAD','Guinea Ecuatorial',95,NULL,'PAS'),('NACIONALIDAD','Guinea-Bissau',96,NULL,'PAS'),('NACIONALIDAD','Guyana',97,NULL,'PAS'),('NACIONALIDAD','Haití',99,NULL,'PAS'),('NACIONALIDAD','Heard Island and McDonald Isla',9999,NULL,'PAS'),('NACIONALIDAD','Holanda',9999,NULL,'PAS'),('NACIONALIDAD','Honduras',15,NULL,'PAS'),('NACIONALIDAD','Hong Kong',100,NULL,'PAS'),('NACIONALIDAD','Hungría',101,NULL,'PAS'),('NACIONALIDAD','India',102,NULL,'PAS'),('NACIONALIDAD','Indonesia',103,NULL,'PAS'),('NACIONALIDAD','Iraq',9999,NULL,'PAS'),('NACIONALIDAD','Irlanda',106,NULL,'PAS'),('NACIONALIDAD','Isalas Cocos',9999,NULL,'PAS'),('NACIONALIDAD','Isla Christmas',9999,NULL,'PAS'),('NACIONALIDAD','Islandia',107,NULL,'PAS'),('NACIONALIDAD','Islas Caimán',9999,NULL,'PAS'),('NACIONALIDAD','Islas Cook',9999,NULL,'PAS'),('NACIONALIDAD','Islas Feroe',9999,NULL,'PAS'),('NACIONALIDAD','Islas Malvinas',9999,NULL,'PAS'),('NACIONALIDAD','Islas Marshall',108,NULL,'PAS'),('NACIONALIDAD','Islas Mauricio',9999,NULL,'PAS'),('NACIONALIDAD','Islas Salomón',109,NULL,'PAS'),('NACIONALIDAD','Islas Sandwhich',9999,NULL,'PAS'),('NACIONALIDAD','Islas Turks y Caicos',9999,NULL,'PAS'),('NACIONALIDAD','Islas Wallis y Futuna',9999,NULL,'PAS'),('NACIONALIDAD','Israel',110,NULL,'PAS'),('NACIONALIDAD','Italia',17,NULL,'PAS'),('NACIONALIDAD','Jamaica',111,NULL,'PAS'),('NACIONALIDAD','Japón',22,NULL,'PAS'),('NACIONALIDAD','Jordania',112,NULL,'PAS'),('NACIONALIDAD','Kazakhstán',9999,NULL,'PAS'),('NACIONALIDAD','Kenia',114,NULL,'PAS'),('NACIONALIDAD','Kiribati',115,NULL,'PAS'),('NACIONALIDAD','Kuwait',116,NULL,'PAS'),('NACIONALIDAD','Kyrgyzstán',9999,NULL,'PAS'),('NACIONALIDAD','Laos',117,NULL,'PAS'),('NACIONALIDAD','Latvia',9999,NULL,'PAS'),('NACIONALIDAD','Lesoto',9999,NULL,'PAS'),('NACIONALIDAD','Líbano',120,NULL,'PAS'),('NACIONALIDAD','Liberia',121,NULL,'PAS'),('NACIONALIDAD','Libia',122,NULL,'PAS'),('NACIONALIDAD','Liechtenstein',123,NULL,'PAS'),('NACIONALIDAD','Lituania',124,NULL,'PAS'),('NACIONALIDAD','Luxemburgo',125,NULL,'PAS'),('NACIONALIDAD','Macao',126,NULL,'PAS'),('NACIONALIDAD','Macedonia',127,NULL,'PAS'),('NACIONALIDAD','Madagascar',128,NULL,'PAS'),('NACIONALIDAD','Malasia',129,NULL,'PAS'),('NACIONALIDAD','Malaui',9999,NULL,'PAS'),('NACIONALIDAD','Maldivas',131,NULL,'PAS'),('NACIONALIDAD','Malí',132,NULL,'PAS'),('NACIONALIDAD','Malta',133,NULL,'PAS'),('NACIONALIDAD','Marruecos',134,NULL,'PAS'),('NACIONALIDAD','Martinique',9999,NULL,'PAS'),('NACIONALIDAD','Mauritania',136,NULL,'PAS'),('NACIONALIDAD','Mayotte',9999,NULL,'PAS'),('NACIONALIDAD','México',11,NULL,'PAS'),('NACIONALIDAD','Micronesia',9999,NULL,'PAS'),('NACIONALIDAD','Moldavia',137,NULL,'PAS'),('NACIONALIDAD','Mónaco',138,NULL,'PAS'),('NACIONALIDAD','Mongolia',139,NULL,'PAS'),('NACIONALIDAD','Montserrat',9999,NULL,'PAS'),('NACIONALIDAD','Mozambique',140,NULL,'PAS'),('NACIONALIDAD','Myanmar',141,NULL,'PAS'),('NACIONALIDAD','Namibia',142,NULL,'PAS'),('NACIONALIDAD','Nauru',143,NULL,'PAS'),('NACIONALIDAD','Nepal',144,NULL,'PAS'),('NACIONALIDAD','Nicaragua',145,NULL,'PAS'),('NACIONALIDAD','Níger',146,NULL,'PAS'),('NACIONALIDAD','Nigeria',31,NULL,'PAS'),('NACIONALIDAD','Niue',9999,NULL,'PAS'),('NACIONALIDAD','Norfolk Island',9999,NULL,'PAS'),('NACIONALIDAD','Northern Mariana Islands',9999,NULL,'PAS'),('NACIONALIDAD','Noruega',147,NULL,'PAS'),('NACIONALIDAD','Nueva Caledonia',9999,NULL,'PAS'),('NACIONALIDAD','Nueva Zelanda',148,NULL,'PAS'),('NACIONALIDAD','Omán',149,NULL,'PAS'),('NACIONALIDAD','Pakistán',151,NULL,'PAS'),('NACIONALIDAD','Palau',152,NULL,'PAS'),('NACIONALIDAD','Palestinian Territory',9999,NULL,'PAS'),('NACIONALIDAD','Panamá',18,NULL,'PAS'),('NACIONALIDAD','Papúa Nueva Guinea',153,NULL,'PAS'),('NACIONALIDAD','Paraguay',4,NULL,'PAS'),('NACIONALIDAD','Perú',5,NULL,'PAS'),('NACIONALIDAD','Pitcairn',9999,NULL,'PAS'),('NACIONALIDAD','Polonia',154,NULL,'PAS'),('NACIONALIDAD','Portugal',155,NULL,'PAS'),('NACIONALIDAD','Puerto Rico',9999,NULL,'PAS'),('NACIONALIDAD','Qatar',156,NULL,'PAS'),('NACIONALIDAD','Reino Unido',157,NULL,'PAS'),('NACIONALIDAD','República Centroafricana',158,NULL,'PAS'),('NACIONALIDAD','República Checa',159,NULL,'PAS'),('NACIONALIDAD','República Democrática del Cong',9999,NULL,'PAS'),('NACIONALIDAD','República Dominicana',29,NULL,'PAS'),('NACIONALIDAD','República Islámica de Irán',9999,NULL,'PAS'),('NACIONALIDAD','Ruanda',9999,NULL,'PAS'),('NACIONALIDAD','Rumania',162,NULL,'PAS'),('NACIONALIDAD','Rusian',9999,NULL,'PAS'),('NACIONALIDAD','Saint Kitts and Nevis',9999,NULL,'PAS'),('NACIONALIDAD','Saint Pierre y Miquelon',9999,NULL,'PAS'),('NACIONALIDAD','Samoa',165,NULL,'PAS'),('NACIONALIDAD','San Marino',166,NULL,'PAS'),('NACIONALIDAD','San Vicente y Las Granadinas',9999,NULL,'PAS'),('NACIONALIDAD','Santa Elena',9999,NULL,'PAS'),('NACIONALIDAD','Santa Lucía',168,NULL,'PAS'),('NACIONALIDAD','Sao Tome and Principe',9999,NULL,'PAS'),('NACIONALIDAD','Senegal',27,NULL,'PAS'),('NACIONALIDAD','Serbia y Montenegro',170,NULL,'PAS'),('NACIONALIDAD','Seychelles',171,NULL,'PAS'),('NACIONALIDAD','Sierra Leona',172,NULL,'PAS'),('NACIONALIDAD','Singapur',173,NULL,'PAS'),('NACIONALIDAD','Siria',174,NULL,'PAS'),('NACIONALIDAD','Somalía',175,NULL,'PAS'),('NACIONALIDAD','Sri Lanka',176,NULL,'PAS'),('NACIONALIDAD','Suazilandia',9999,NULL,'PAS'),('NACIONALIDAD','Sudáfrica',30,NULL,'PAS'),('NACIONALIDAD','Sudán',177,NULL,'PAS'),('NACIONALIDAD','Suecia',178,NULL,'PAS'),('NACIONALIDAD','Suiza',179,NULL,'PAS'),('NACIONALIDAD','Surinam',180,NULL,'PAS'),('NACIONALIDAD','Svalbard and Jan Mayen',9999,NULL,'PAS'),('NACIONALIDAD','Tailandia',9999,NULL,'PAS'),('NACIONALIDAD','Taiwan',28,NULL,'PAS'),('NACIONALIDAD','Tajikistán',9999,NULL,'PAS'),('NACIONALIDAD','Tanzania',183,NULL,'PAS'),('NACIONALIDAD','Togo',186,NULL,'PAS'),('NACIONALIDAD','Tonga',187,NULL,'PAS'),('NACIONALIDAD','Toquelau',9999,NULL,'PAS'),('NACIONALIDAD','Trinidad y Tobago',188,NULL,'PAS'),('NACIONALIDAD','Túnez',189,NULL,'PAS'),('NACIONALIDAD','Turkmenistán',190,NULL,'PAS'),('NACIONALIDAD','Turquía',191,NULL,'PAS'),('NACIONALIDAD','Tuvalu',192,NULL,'PAS'),('NACIONALIDAD','Ucrania',32,NULL,'PAS'),('NACIONALIDAD','Uganda',193,NULL,'PAS'),('NACIONALIDAD','United States Minor Outlying I',9999,NULL,'PAS'),('NACIONALIDAD','Uruguay',3,NULL,'PAS'),('NACIONALIDAD','Uzbekistan',194,NULL,'PAS'),('NACIONALIDAD','Vanuatu',195,NULL,'PAS'),('NACIONALIDAD','Venezuela',8,NULL,'PAS'),('NACIONALIDAD','Vietnam',23,NULL,'PAS'),('NACIONALIDAD','Virgin Islands British',9999,NULL,'PAS'),('NACIONALIDAD','Virgin Islands U.S.',9999,NULL,'PAS'),('NACIONALIDAD','Western Sahara',9999,NULL,'PAS'),('NACIONALIDAD','Yemen',197,NULL,'PAS'),('NACIONALIDAD','Zaire',9999,NULL,'PAS'),('NACIONALIDAD','Zambia',198,NULL,'PAS'),('NACIONALIDAD','Zimbabue',9999,NULL,'PAS');
/*!40000 ALTER TABLE `cat_value` ENABLE KEYS */;
UNLOCK TABLES;

--
-- Table structure for table `cat_value_list`
--

DROP TABLE IF EXISTS `cat_value_list`;
/*!40101 SET @saved_cs_client     = @@character_set_client */;
/*!40101 SET character_set_client = utf8 */;
CREATE TABLE `cat_value_list` (
  `vli_code` varchar(50) NOT NULL,
  `vli_name` varchar(50) DEFAULT NULL
) ENGINE=InnoDB DEFAULT CHARSET=latin1;
/*!40101 SET character_set_client = @saved_cs_client */;

--
-- Dumping data for table `cat_value_list`
--

LOCK TABLES `cat_value_list` WRITE;
/*!40000 ALTER TABLE `cat_value_list` DISABLE KEYS */;
INSERT INTO `cat_value_list` VALUES ('languages','Idiomas soportados'),('skins','Estilos graficos'),('status_user','Estados posibles de un usuario'),('NACIONALIDAD','Nacionalidad de una persona');
/*!40000 ALTER TABLE `cat_value_list` ENABLE KEYS */;
UNLOCK TABLES;

--
-- Table structure for table `ciu_ciudadanos`
--

DROP TABLE IF EXISTS `ciu_ciudadanos`;
/*!40101 SET @saved_cs_client     = @@character_set_client */;
/*!40101 SET character_set_client = utf8 */;
CREATE TABLE `ciu_ciudadanos` (
  `ciu_code` int(10) NOT NULL,
  `ciu_nombres` varchar(50) DEFAULT NULL,
  `ciu_apellido` varchar(50) DEFAULT NULL,
  `ciu_sexo` varchar(15) DEFAULT NULL,
  `ciu_nacimiento` datetime DEFAULT NULL,
  `ciu_doc_nro` varchar(20) DEFAULT NULL,
  `ciu_email` varchar(50) DEFAULT NULL,
  `ciu_tel_fijo` varchar(20) DEFAULT NULL,
  `ciu_tel_movil` varchar(20) DEFAULT NULL,
  `ciu_horario_cont` varchar(50) DEFAULT NULL,
  `ciu_no_llamar` varchar(4) DEFAULT NULL,
  `ciu_no_email` varchar(4) DEFAULT NULL,
  `ciu_dir_calle` varchar(50) DEFAULT NULL,
  `ciu_dir_nro` int(10) DEFAULT NULL,
  `ciu_dir_piso` varchar(5) DEFAULT NULL,
  `ciu_dir_dpto` varchar(5) DEFAULT NULL,
  `ciu_barrio` varchar(50) DEFAULT NULL,
  `ciu_localidad` varchar(50) DEFAULT NULL,
  `ciu_provincia` varchar(50) DEFAULT NULL,
  `ciu_pais` varchar(50) DEFAULT NULL,
  `ciu_cod_postal` varchar(6) DEFAULT NULL,
  `ciu_cgpc` varchar(10) DEFAULT NULL,
  `ciu_coord_x` double DEFAULT NULL,
  `ciu_coord_y` double DEFAULT NULL,
  `ciu_trabaja` varchar(4) DEFAULT NULL,
  `ciu_nivel_estudio` varchar(20) DEFAULT NULL,
  `ciu_profesion` varchar(50) DEFAULT NULL,
  `ciu_ultimo_acceso` datetime DEFAULT NULL,
  `ciu_canal_ingreso` varchar(20) DEFAULT NULL,
  `use_code` varchar(50) DEFAULT NULL,
  `ciu_estado` varchar(30) DEFAULT NULL,
  `ciu_tstamp` datetime DEFAULT NULL,
  `ciu_usuario` varchar(50) DEFAULT NULL,
  `ciu_clave` varchar(50) DEFAULT NULL,
  `ciu_tipo_persona` varchar(20) DEFAULT NULL,
  `ciu_razon_social` varchar(100) DEFAULT NULL,
  `ciu_dir_cod_calle` int(11) DEFAULT NULL,
  `ciu_nacionalidad` varchar(100) DEFAULT NULL,
  PRIMARY KEY (`ciu_code`),
  UNIQUE KEY `ix_ciu_ciudadanos1` (`ciu_doc_nro`,`ciu_nacionalidad`)
) ENGINE=InnoDB DEFAULT CHARSET=latin1;
/*!40101 SET character_set_client = @saved_cs_client */;

--
-- Dumping data for table `ciu_ciudadanos`
--

LOCK TABLES `ciu_ciudadanos` WRITE;
/*!40000 ALTER TABLE `ciu_ciudadanos` DISABLE KEYS */;
INSERT INTO `ciu_ciudadanos` VALUES (157560,'JORGE','CORDERO','MASCULINO','1968-09-22 00:00:00','DNI 20470276','jorge.cordero@commsys.com.ar','','','','NO','NO','',NULL,'','','','','BUENOS AIRES','ARGENTINA','','',NULL,NULL,'','','',NULL,'call','508','ACTIVO','2012-12-07 00:09:02','','','FISICA','',NULL,'Argentina');
/*!40000 ALTER TABLE `ciu_ciudadanos` ENABLE KEYS */;
UNLOCK TABLES;

--
-- Table structure for table `ciu_historial_contactos`
--

DROP TABLE IF EXISTS `ciu_historial_contactos`;
/*!40101 SET @saved_cs_client     = @@character_set_client */;
/*!40101 SET character_set_client = utf8 */;
CREATE TABLE `ciu_historial_contactos` (
  `chi_code` int(10) NOT NULL,
  `ciu_code` int(10) NOT NULL,
  `cse_code` int(10) DEFAULT NULL,
  `chi_fecha` datetime DEFAULT NULL,
  `chi_motivo` varchar(100) DEFAULT NULL,
  `use_code` varchar(50) DEFAULT NULL,
  `chi_canal` varchar(50) DEFAULT NULL,
  PRIMARY KEY (`chi_code`)
) ENGINE=InnoDB DEFAULT CHARSET=latin1;
/*!40101 SET character_set_client = @saved_cs_client */;

--
-- Dumping data for table `ciu_historial_contactos`
--

LOCK TABLES `ciu_historial_contactos` WRITE;
/*!40000 ALTER TABLE `ciu_historial_contactos` DISABLE KEYS */;
/*!40000 ALTER TABLE `ciu_historial_contactos` ENABLE KEYS */;
UNLOCK TABLES;

--
-- Table structure for table `ciu_sesiones`
--

DROP TABLE IF EXISTS `ciu_sesiones`;
/*!40101 SET @saved_cs_client     = @@character_set_client */;
/*!40101 SET character_set_client = utf8 */;
CREATE TABLE `ciu_sesiones` (
  `cse_code` int(10) NOT NULL,
  `ciu_code` int(10) NOT NULL,
  `cse_ani` varchar(15) DEFAULT NULL,
  `cse_tstamp` datetime DEFAULT NULL,
  `cse_duracion` int(10) DEFAULT NULL,
  `use_code` varchar(50) DEFAULT NULL,
  `cse_nota` varchar(500) DEFAULT NULL,
  `cse_derivado` varchar(20) DEFAULT NULL,
  `cse_call_id` varchar(20) DEFAULT NULL,
  `cse_skill` varchar(50) DEFAULT NULL,
  `cse_estado` varchar(20) DEFAULT NULL,
  PRIMARY KEY (`cse_code`)
) ENGINE=InnoDB DEFAULT CHARSET=latin1;
/*!40101 SET character_set_client = @saved_cs_client */;

--
-- Dumping data for table `ciu_sesiones`
--

LOCK TABLES `ciu_sesiones` WRITE;
/*!40000 ALTER TABLE `ciu_sesiones` DISABLE KEYS */;
/*!40000 ALTER TABLE `ciu_sesiones` ENABLE KEYS */;
UNLOCK TABLES;

--
-- Table structure for table `cop_login`
--

DROP TABLE IF EXISTS `cop_login`;
/*!40101 SET @saved_cs_client     = @@character_set_client */;
/*!40101 SET character_set_client = utf8 */;
CREATE TABLE `cop_login` (
  `clo_fb_uid` varchar(50) NOT NULL,
  `clo_afiliado` int(11) DEFAULT NULL,
  `clo_tstamp` datetime DEFAULT NULL,
  PRIMARY KEY (`clo_fb_uid`)
) ENGINE=MyISAM DEFAULT CHARSET=utf8;
/*!40101 SET character_set_client = @saved_cs_client */;

--
-- Dumping data for table `cop_login`
--

LOCK TABLES `cop_login` WRITE;
/*!40000 ALTER TABLE `cop_login` DISABLE KEYS */;
/*!40000 ALTER TABLE `cop_login` ENABLE KEYS */;
UNLOCK TABLES;

--
-- Table structure for table `doc_documents`
--

DROP TABLE IF EXISTS `doc_documents`;
/*!40101 SET @saved_cs_client     = @@character_set_client */;
/*!40101 SET character_set_client = utf8 */;
CREATE TABLE `doc_documents` (
  `doc_code` varchar(100) NOT NULL,
  `doc_storage` varchar(200) NOT NULL,
  `doc_name` varchar(200) DEFAULT NULL,
  `doc_tstamp` datetime DEFAULT NULL,
  `doc_mime` varchar(50) DEFAULT NULL,
  `doc_size` int(10) DEFAULT NULL,
  `acl_code` int(10) DEFAULT NULL,
  `use_code` varchar(50) DEFAULT NULL,
  `doc_extension` varchar(10) DEFAULT NULL,
  `doc_version` int(10) DEFAULT NULL,
  `doc_note` varchar(200) DEFAULT NULL,
  `doc_deleted` char(1) DEFAULT NULL,
  `doc_public` char(1) DEFAULT NULL,
  UNIQUE KEY `pk_doc_documents` (`doc_code`,`doc_storage`)
) ENGINE=InnoDB DEFAULT CHARSET=latin1;
/*!40101 SET character_set_client = @saved_cs_client */;

--
-- Dumping data for table `doc_documents`
--

LOCK TABLES `doc_documents` WRITE;
/*!40000 ALTER TABLE `doc_documents` DISABLE KEYS */;
/*!40000 ALTER TABLE `doc_documents` ENABLE KEYS */;
UNLOCK TABLES;

--
-- Table structure for table `log_accesos`
--

DROP TABLE IF EXISTS `log_accesos`;
/*!40101 SET @saved_cs_client     = @@character_set_client */;
/*!40101 SET character_set_client = utf8 */;
CREATE TABLE `log_accesos` (
  `lac_code` int(11) NOT NULL,
  `use_code` varchar(50) DEFAULT NULL,
  `lac_tstamp` datetime DEFAULT NULL,
  `lac_operation` varchar(20) DEFAULT NULL,
  `lac_name` varchar(100) DEFAULT NULL,
  `lac_result` varchar(100) DEFAULT NULL,
  PRIMARY KEY (`lac_code`)
) ENGINE=InnoDB DEFAULT CHARSET=utf8;
/*!40101 SET character_set_client = @saved_cs_client */;

--
-- Dumping data for table `log_accesos`
--

LOCK TABLES `log_accesos` WRITE;
/*!40000 ALTER TABLE `log_accesos` DISABLE KEYS */;
/*!40000 ALTER TABLE `log_accesos` ENABLE KEYS */;
UNLOCK TABLES;

--
-- Table structure for table `log_operaciones`
--

DROP TABLE IF EXISTS `log_operaciones`;
/*!40101 SET @saved_cs_client     = @@character_set_client */;
/*!40101 SET character_set_client = utf8 */;
CREATE TABLE `log_operaciones` (
  `lop_code` int(11) NOT NULL,
  `use_code` varchar(50) DEFAULT NULL,
  `lop_tstamp` datetime DEFAULT NULL,
  `lop_operation` varchar(20) DEFAULT NULL,
  `lop_object` varchar(100) DEFAULT NULL,
  `lop_key` varchar(100) DEFAULT NULL,
  `lop_change` varchar(4000) DEFAULT NULL,
  PRIMARY KEY (`lop_code`)
) ENGINE=InnoDB DEFAULT CHARSET=utf8;
/*!40101 SET character_set_client = @saved_cs_client */;

--
-- Dumping data for table `log_operaciones`
--

LOCK TABLES `log_operaciones` WRITE;
/*!40000 ALTER TABLE `log_operaciones` DISABLE KEYS */;
/*!40000 ALTER TABLE `log_operaciones` ENABLE KEYS */;
UNLOCK TABLES;

--
-- Table structure for table `rss_content`
--

DROP TABLE IF EXISTS `rss_content`;
/*!40101 SET @saved_cs_client     = @@character_set_client */;
/*!40101 SET character_set_client = utf8 */;
CREATE TABLE `rss_content` (
  `rss_code` varchar(50) NOT NULL,
  `rsc_code` int(10) DEFAULT NULL,
  `rsc_publish_tstamp` datetime DEFAULT NULL,
  `rsc_remove_tstamp` datetime DEFAULT NULL,
  `use_code` varchar(50) DEFAULT NULL,
  `rsc_content` varchar(5000) DEFAULT NULL,
  `rsc_title` varchar(200) DEFAULT NULL
) ENGINE=InnoDB DEFAULT CHARSET=latin1;
/*!40101 SET character_set_client = @saved_cs_client */;

--
-- Dumping data for table `rss_content`
--

LOCK TABLES `rss_content` WRITE;
/*!40000 ALTER TABLE `rss_content` DISABLE KEYS */;
/*!40000 ALTER TABLE `rss_content` ENABLE KEYS */;
UNLOCK TABLES;

--
-- Table structure for table `rss_links`
--

DROP TABLE IF EXISTS `rss_links`;
/*!40101 SET @saved_cs_client     = @@character_set_client */;
/*!40101 SET character_set_client = utf8 */;
CREATE TABLE `rss_links` (
  `rss_code` varchar(50) NOT NULL,
  `rss_url` varchar(200) DEFAULT NULL,
  `rss_note` varchar(500) DEFAULT NULL,
  `rss_type` varchar(50) DEFAULT NULL,
  `rss_logo` varchar(200) DEFAULT NULL
) ENGINE=InnoDB DEFAULT CHARSET=latin1;
/*!40101 SET character_set_client = @saved_cs_client */;

--
-- Dumping data for table `rss_links`
--

LOCK TABLES `rss_links` WRITE;
/*!40000 ALTER TABLE `rss_links` DISABLE KEYS */;
/*!40000 ALTER TABLE `rss_links` ENABLE KEYS */;
UNLOCK TABLES;

--
-- Table structure for table `sec_acl`
--

DROP TABLE IF EXISTS `sec_acl`;
/*!40101 SET @saved_cs_client     = @@character_set_client */;
/*!40101 SET character_set_client = utf8 */;
CREATE TABLE `sec_acl` (
  `acl_code` int(10) NOT NULL,
  `ugr_code` varchar(50) NOT NULL,
  `use_code` varchar(50) NOT NULL,
  `can_read` char(1) DEFAULT NULL,
  `can_write` char(1) DEFAULT NULL,
  `can_delete` char(1) DEFAULT NULL
) ENGINE=InnoDB DEFAULT CHARSET=latin1;
/*!40101 SET character_set_client = @saved_cs_client */;

--
-- Dumping data for table `sec_acl`
--

LOCK TABLES `sec_acl` WRITE;
/*!40000 ALTER TABLE `sec_acl` DISABLE KEYS */;
/*!40000 ALTER TABLE `sec_acl` ENABLE KEYS */;
UNLOCK TABLES;

--
-- Table structure for table `sec_groups`
--

DROP TABLE IF EXISTS `sec_groups`;
/*!40101 SET @saved_cs_client     = @@character_set_client */;
/*!40101 SET character_set_client = utf8 */;
CREATE TABLE `sec_groups` (
  `gro_code` varchar(50) NOT NULL,
  `gro_name` varchar(50) DEFAULT NULL
) ENGINE=InnoDB DEFAULT CHARSET=latin1;
/*!40101 SET character_set_client = @saved_cs_client */;

--
-- Dumping data for table `sec_groups`
--

LOCK TABLES `sec_groups` WRITE;
/*!40000 ALTER TABLE `sec_groups` DISABLE KEYS */;
INSERT INTO `sec_groups` VALUES ('ControlTotal','Control total'),('operador call','operador call');
/*!40000 ALTER TABLE `sec_groups` ENABLE KEYS */;
UNLOCK TABLES;

--
-- Table structure for table `sec_groups_rights`
--

DROP TABLE IF EXISTS `sec_groups_rights`;
/*!40101 SET @saved_cs_client     = @@character_set_client */;
/*!40101 SET character_set_client = utf8 */;
CREATE TABLE `sec_groups_rights` (
  `gro_code` varchar(50) NOT NULL,
  `rig_name` varchar(200) NOT NULL
) ENGINE=InnoDB DEFAULT CHARSET=latin1;
/*!40101 SET character_set_client = @saved_cs_client */;

--
-- Dumping data for table `sec_groups_rights`
--

LOCK TABLES `sec_groups_rights` WRITE;
/*!40000 ALTER TABLE `sec_groups_rights` DISABLE KEYS */;
INSERT INTO `sec_groups_rights` VALUES ('ControlTotal','menu.archivo.parametros'),('ControlTotal','menu.usuarios'),('ControlTotal','menu.usuarios.usuarios'),('ControlTotal','menu.usuarios.grupousuarios'),('ControlTotal','menu.usuarios.derechos'),('ControlTotal','menu.usuarios.grupoderechos'),('ControlTotal','menu.ayuda'),('ControlTotal','menu.ayuda.faq'),('ControlTotal','menu.ayuda.manual_reseller'),('ControlTotal','menu.ayuda.manual_telefonia'),('ControlTotal','menu.archivo.configuracion'),('ControlTotal','menu.trans'),('ControlTotal','menu.trans.consulta'),('ControlTotal','menu.trans.procesos'),('ControlTotal','menu.trans.eventos'),('ControlTotal','menu.trans.transacciones'),('ControlTotal','menu.trans.bugtrack'),('ControlTotal','menu.trans.bugtrack.new'),('ControlTotal','menu.trans.projects'),('ControlTotal','menu.trans.projects.new'),('ControlTotal','menu.trans.faq'),('ControlTotal','menu.trans.faq.modificar'),('ControlTotal','menu.trans.faq.new'),('ControlTotal','menu.trans.faq_topic'),('ControlTotal','menu.trans.faq_topic.new'),('ControlTotal','menu.trans.reportes'),('ControlTotal','menu.trans.reportes.del'),('ControlTotal','menu.docs'),('ControlTotal','menu.docs.admin'),('ControlTotal','menu.docs.reclamos'),('ControlTotal','menu.archivo.rss'),('ControlTotal','menu.archivo.ciudadanos'),('ControlTotal','menu.archivo.call'),('ControlTotal','menu.archivo.call.nuevo_reclamo'),('ControlTotal','menu.archivo.sur'),('ControlTotal','menu.archivo.tickets'),('ControlTotal','menu.archivo.tickets.nuevo'),('ControlTotal','menu.archivo.tickets.prestaciones'),('ControlTotal','menu.archivo.tickets.organismos'),('ControlTotal','menu.archivo.tickets.admin'),('ControlTotal','menu.archivo.tickets.proceso'),('ControlTotal','menu.archivo.call_saliente'),('operador call','menu.archivo.tickets'),('operador call','menu.archivo.tickets.nuevo'),('operador call','menu.archivo.ciudadanos'),('ControlTotal','menu.archivo.denuncias'),('ControlTotal','menu.archivo.denuncias.adm'),('ControlTotal','menu.archivo.solicitudes'),('operador_solicitudes','menu.archivo.solicitudes'),('ControlTotal','menu.archivo.turnos'),('ControlTotal','menu.archivo.turnos.admin'),('operador call','menu.archivo.turnos'),('ControlTotal','menu.archivo.messaging'),('ControlTotal','menu.archivo.administracion'),('ControlTotal','menu.archivo.administracion.eventos'),('ControlTotal','menu.archivo.configuracion.georef'),('ControlTotal','menu.archivo.denuncias.lote'),('ControlTotal','menu.archivo.reclamos'),('ControlTotal','menu.archivo.reclamos.adm'),('ControlTotal','menu.archivo.quejas'),('ControlTotal','menu.archivo.terminales'),('ControlTotal','menu.archivo.terminales.admin'),('ControlTotal','menu.archivo.administracion.home'),('ControlTotal','menu.archivo.inicio'),('ControlTotal','menu.archivo.inicio'),('operador call','menu.archivo.inicio');
/*!40000 ALTER TABLE `sec_groups_rights` ENABLE KEYS */;
UNLOCK TABLES;

--
-- Table structure for table `sec_modules`
--

DROP TABLE IF EXISTS `sec_modules`;
/*!40101 SET @saved_cs_client     = @@character_set_client */;
/*!40101 SET character_set_client = utf8 */;
CREATE TABLE `sec_modules` (
  `smo_code` int(11) NOT NULL,
  `smo_name` varchar(100) DEFAULT NULL,
  `smo_version` varchar(50) DEFAULT NULL,
  `smo_db_version` varchar(50) DEFAULT NULL,
  `smo_status` varchar(50) DEFAULT NULL,
  `smo_path` varchar(300) DEFAULT NULL,
  PRIMARY KEY (`smo_code`)
) ENGINE=InnoDB DEFAULT CHARSET=utf8;
/*!40101 SET character_set_client = @saved_cs_client */;

--
-- Dumping data for table `sec_modules`
--

LOCK TABLES `sec_modules` WRITE;
/*!40000 ALTER TABLE `sec_modules` DISABLE KEYS */;
INSERT INTO `sec_modules` VALUES (14,'DOCMANAGER2','1.0','1.0','ACTIVO','FWK.docmgr2'),(15,'EVENTS','1.0','1.0','ACTIVO','FWK.events'),(16,'GEOREF','1.0','1.0','ACTIVO','FWK.georef'),(17,'HOME','1.0','1.0','ACTIVO','FWK.home'),(18,'MESSAGING','1.0','1.0','ACTIVO','FWK.messaging'),(19,'RSS','1.0','1.0','ACTIVO','FWK.rss'),(20,'SECURITY','1.0','1.0','ACTIVO','FWK.security'),(21,'SETUP','1.0','1.0','ACTIVO','FWK.setup'),(22,'TRANSACCIONES','1.0','1.0','ACTIVO','FWK.transactions'),(23,'CALL','1.0','1.0','ACTIVO','APP.call'),(24,'CIUDADANOS','1.0','1.0','ACTIVO','APP.ciudadanos'),(25,'TICKETS','1.0','1.0','ACTIVO','APP.tickets');
/*!40000 ALTER TABLE `sec_modules` ENABLE KEYS */;
UNLOCK TABLES;

--
-- Table structure for table `sec_parameters`
--

DROP TABLE IF EXISTS `sec_parameters`;
/*!40101 SET @saved_cs_client     = @@character_set_client */;
/*!40101 SET character_set_client = utf8 */;
CREATE TABLE `sec_parameters` (
  `par_code` varchar(200) NOT NULL,
  `par_value` varchar(200) DEFAULT NULL,
  `par_description` varchar(400) DEFAULT NULL
) ENGINE=InnoDB DEFAULT CHARSET=latin1;
/*!40101 SET character_set_client = @saved_cs_client */;

--
-- Dumping data for table `sec_parameters`
--

LOCK TABLES `sec_parameters` WRITE;
/*!40000 ALTER TABLE `sec_parameters` DISABLE KEYS */;
INSERT INTO `sec_parameters` VALUES ('cgpc','',NULL),('barrio','',NULL),('tipo_contacto','RECLAMO',NULL),('estado_contacto','',NULL),('desde_contacto','01/11/2012',NULL),('hasta_contacto','14/11/2012',NULL);
/*!40000 ALTER TABLE `sec_parameters` ENABLE KEYS */;
UNLOCK TABLES;

--
-- Table structure for table `sec_rights`
--

DROP TABLE IF EXISTS `sec_rights`;
/*!40101 SET @saved_cs_client     = @@character_set_client */;
/*!40101 SET character_set_client = utf8 */;
CREATE TABLE `sec_rights` (
  `rig_name` varchar(200) NOT NULL,
  `rig_description` varchar(200) DEFAULT NULL,
  `rig_check` char(1) DEFAULT NULL
) ENGINE=InnoDB DEFAULT CHARSET=latin1;
/*!40101 SET character_set_client = @saved_cs_client */;

--
-- Dumping data for table `sec_rights`
--

LOCK TABLES `sec_rights` WRITE;
/*!40000 ALTER TABLE `sec_rights` DISABLE KEYS */;
INSERT INTO `sec_rights` VALUES ('menu.archivo.parametros','Permiso para modificar la parametrizacion','Y'),('menu.usuarios','Permiso para la gestion de usuarios','Y'),('menu.usuarios.usuarios','Permiso para la gestion de usuarios','Y'),('menu.usuarios.grupousuarios','Permiso para la gestion de grupos de usuarios','Y'),('menu.usuarios.derechos','Permiso para la gestion de derechos','Y'),('menu.usuarios.grupoderechos','Permiso para la gestion de grupos de derechos','Y'),('menu.ayuda','Permiso para consultar el menu ayuda','Y'),('menu.ayuda.faq','Permiso para consultar el FAQ','Y'),('menu.ayuda.manual_reseller','Permiso para consultar el manual reseller','N'),('menu.ayuda.manual_telefonia','Permiso para consultar el manual gestion telefonia','N'),('menu.archivo.configuracion','Permiso para la gestion de modulos','Y'),('menu.trans','Permiso para la gestion de transacciones','Y'),('menu.trans.consulta','Permiso para la consulta de transacciones','Y'),('menu.trans.procesos','Permiso para la consulta de procesos','Y'),('menu.trans.eventos','Permiso para la gestion de eventos','Y'),('menu.trans.transacciones','Permiso para la gestion de transacciones','Y'),('menu.trans.bugtrack','Permiso para la gestion de bugs','Y'),('menu.trans.bugtrack.new','Permiso para el ingreso de un nuevo reporte de bug','Y'),('menu.trans.projects','Permiso para la gestion de proyectos','Y'),('menu.trans.projects.new','Permiso para el ingreso de un nuevo proyecto','Y'),('menu.trans.faq','Permiso para la gestion de FAQ','Y'),('menu.trans.faq.modificar','Permiso para el modificar una pregunta del FAQ','Y'),('menu.trans.faq.new','Permiso para el ingreso de una nueva pregunta del FAQ','Y'),('menu.trans.faq_topic','Permiso para la gestion de temas del FAQ','Y'),('menu.trans.faq_topic.new','Permiso para el ingreso de un nuevo tema FAQ','Y'),('menu.trans.reportes','Permiso para ver los reportes de usuarios (control calidad)','Y'),('menu.trans.reportes.del','Permiso para borrar los reportes de usuarios (control calidad)','Y'),('menu.docs','Permiso para la gestion de documentos','Y'),('menu.docs.admin','Permiso para la administracion de documentos','Y'),('menu.docs.reclamos','Permiso para la administracion de reclamos','Y'),('menu.archivo.rss','Permiso para la gestion de contenido rss','Y'),('menu.archivo.ciudadanos','Permiso para usar modulo de Ciudadanos','Y'),('menu.archivo.call','Permiso para usar funciones del call center','N'),('menu.archivo.call.nuevo_reclamo','Permiso para ingresar nuevos reclamos','N'),('menu.archivo.sur','Permiso para usar el modulo de reclamos del SUR','N'),('menu.archivo.tickets','Permiso para usar funciones de tickets','Y'),('menu.archivo.tickets.nuevo','Permiso para ingresar nuevos tickets','Y'),('menu.archivo.tickets.prestaciones','Permiso para modificar prestaciones','N'),('menu.archivo.tickets.organismos','Permiso para modificar organismos','N'),('menu.archivo.tickets.admin','Permiso para modificar configuracion','Y'),('menu.archivo.tickets.proceso','Permiso para modificar estados','Y'),('menu.archivo.call_saliente','Permiso para usar funciones del call center','Y'),('menu.archivo.denuncias','Permiso para procesar denuncias','Y'),('menu.archivo.denuncias.adm','Permiso para administrar denuncias','Y'),('menu.archivo.denuncias.lote','Permiso para procesar denuncias en lote','Y'),('menu.archivo.reclamos','Permiso para procesar reclamos','Y'),('menu.archivo.reclamos.adm','Permiso para administrar reclamos','Y'),('menu.archivo.solicitudes','Permiso para procesar solicitudes','Y'),('menu.archivo.quejas','Permiso para procesar quejas','Y'),('menu.archivo.turnos','Permiso para usar funciones de turnos','N'),('menu.archivo.turnos.admin','Permiso para administrar funciones de turnos','N'),('menu.archivo.messaging','Permiso para la gestion de mensajeria','Y'),('menu.archivo.administracion','Permiso para usar funciones de administracion','Y'),('menu.archivo.administracion.eventos','Permiso para ver log de eventos','Y'),('menu.archivo.configuracion.georef','Permiso para la gestion de georeferencias','Y'),('menu.archivo.terminales','Permiso para usar funciones de terminales de autoconsulta','N'),('menu.archivo.terminales.admin','Permiso para administrar funciones de terminales de autoconsulta','N'),('menu.archivo.administracion.home','Permiso para administrar las homepages','Y'),('menu.archivo.inicio','Permiso para el menu de inicio','Y');
/*!40000 ALTER TABLE `sec_rights` ENABLE KEYS */;
UNLOCK TABLES;

--
-- Table structure for table `sec_sequence`
--

DROP TABLE IF EXISTS `sec_sequence`;
/*!40101 SET @saved_cs_client     = @@character_set_client */;
/*!40101 SET character_set_client = utf8 */;
CREATE TABLE `sec_sequence` (
  `seq_object` varchar(100) NOT NULL,
  `seq_code` int(10) DEFAULT NULL
) ENGINE=InnoDB DEFAULT CHARSET=latin1;
/*!40101 SET character_set_client = @saved_cs_client */;

--
-- Dumping data for table `sec_sequence`
--

LOCK TABLES `sec_sequence` WRITE;
/*!40000 ALTER TABLE `sec_sequence` DISABLE KEYS */;
INSERT INTO `sec_sequence` VALUES ('dummy',1),('sec_users',508),('reclamos',27),('ciu_ciudadanos',157560),('CIU_SESIONES',115687),('tic_organismos',517),('forms',115828),('tic_rubros',15),('DENUNCIA-2009',4452),('-2009',8),('tic_prestaciones_gis',54),('caca',12),('sho_atajos',7),('SOLICITUD-2009',703),('sig_hospitales',11),('sig_cuestionarios',3),('sig_preguntas',9),('cal_queue',250007),('cal_to_do',9),('log_operaciones',1186944),('log_accesos',130095),('cal_llamados',38811),('avi_server',2),('avi_mensajes',2457),('sec_modules',25),('cdl_faq',1),('RECLAMO-2012',1),('DENUNCIA-2012',1);
/*!40000 ALTER TABLE `sec_sequence` ENABLE KEYS */;
UNLOCK TABLES;

--
-- Table structure for table `sec_sessions`
--

DROP TABLE IF EXISTS `sec_sessions`;
/*!40101 SET @saved_cs_client     = @@character_set_client */;
/*!40101 SET character_set_client = utf8 */;
CREATE TABLE `sec_sessions` (
  `ses_tstamp` datetime DEFAULT NULL,
  `ses_last_access` datetime DEFAULT NULL,
  `use_code` varchar(50) DEFAULT NULL,
  `ses_token` varchar(50) NOT NULL,
  `ses_status` varchar(20) DEFAULT NULL
) ENGINE=InnoDB DEFAULT CHARSET=latin1;
/*!40101 SET character_set_client = @saved_cs_client */;

--
-- Dumping data for table `sec_sessions`
--

LOCK TABLES `sec_sessions` WRITE;
/*!40000 ALTER TABLE `sec_sessions` DISABLE KEYS */;
/*!40000 ALTER TABLE `sec_sessions` ENABLE KEYS */;
UNLOCK TABLES;

--
-- Table structure for table `sec_ultimas_claves`
--

DROP TABLE IF EXISTS `sec_ultimas_claves`;
/*!40101 SET @saved_cs_client     = @@character_set_client */;
/*!40101 SET character_set_client = utf8 */;
CREATE TABLE `sec_ultimas_claves` (
  `use_password` varchar(40) NOT NULL,
  `suc_tstamp` datetime NOT NULL,
  `use_code` varchar(50) NOT NULL,
  PRIMARY KEY (`use_code`,`suc_tstamp`)
) ENGINE=InnoDB DEFAULT CHARSET=utf8;
/*!40101 SET character_set_client = @saved_cs_client */;

--
-- Dumping data for table `sec_ultimas_claves`
--

LOCK TABLES `sec_ultimas_claves` WRITE;
/*!40000 ALTER TABLE `sec_ultimas_claves` DISABLE KEYS */;
INSERT INTO `sec_ultimas_claves` VALUES ('7474d341ae33b91f9c50e344d38fe15b','2012-12-06 21:23:58','508');
/*!40000 ALTER TABLE `sec_ultimas_claves` ENABLE KEYS */;
UNLOCK TABLES;

--
-- Table structure for table `sec_user_groups`
--

DROP TABLE IF EXISTS `sec_user_groups`;
/*!40101 SET @saved_cs_client     = @@character_set_client */;
/*!40101 SET character_set_client = utf8 */;
CREATE TABLE `sec_user_groups` (
  `use_code` varchar(50) NOT NULL,
  `gro_code` varchar(50) NOT NULL
) ENGINE=InnoDB DEFAULT CHARSET=latin1;
/*!40101 SET character_set_client = @saved_cs_client */;

--
-- Dumping data for table `sec_user_groups`
--

LOCK TABLES `sec_user_groups` WRITE;
/*!40000 ALTER TABLE `sec_user_groups` DISABLE KEYS */;
INSERT INTO `sec_user_groups` VALUES ('1','ControlTotal'),('508','operador call');
/*!40000 ALTER TABLE `sec_user_groups` ENABLE KEYS */;
UNLOCK TABLES;

--
-- Table structure for table `sec_users`
--

DROP TABLE IF EXISTS `sec_users`;
/*!40101 SET @saved_cs_client     = @@character_set_client */;
/*!40101 SET character_set_client = utf8 */;
CREATE TABLE `sec_users` (
  `use_code` varchar(50) NOT NULL,
  `use_name` varchar(200) DEFAULT NULL,
  `use_phone` varchar(30) DEFAULT NULL,
  `use_email` varchar(200) DEFAULT NULL,
  `use_mobile` varchar(50) DEFAULT NULL,
  `use_extension` varchar(50) DEFAULT NULL,
  `use_login` varchar(50) DEFAULT NULL,
  `use_password` varchar(50) DEFAULT NULL,
  `use_status` varchar(20) DEFAULT NULL,
  `use_tstamp` datetime DEFAULT NULL,
  `use_language` varchar(50) DEFAULT NULL,
  `use_skin` varchar(50) DEFAULT NULL,
  `use_avatar` varchar(200) DEFAULT NULL,
  `use_phone2` varchar(30) DEFAULT NULL,
  `use_phone3` varchar(30) DEFAULT NULL,
  `use_location` varchar(100) DEFAULT NULL,
  `use_rss` varchar(100) DEFAULT NULL,
  `codcli_bej` varchar(50) DEFAULT NULL,
  `use_layout` varchar(500) DEFAULT NULL,
  `use_passact` datetime DEFAULT NULL
) ENGINE=InnoDB DEFAULT CHARSET=latin1;
/*!40101 SET character_set_client = @saved_cs_client */;

--
-- Dumping data for table `sec_users`
--

LOCK TABLES `sec_users` WRITE;
/*!40000 ALTER TABLE `sec_users` DISABLE KEYS */;
INSERT INTO `sec_users` VALUES ('1','Administrador','','jorgecordero@buenosaires.gov.ar','','','admin','311afe5d6d842535399a8a3ce34d0a8c','Activo','2012-02-22 16:30:16','Espa?','default','default.gif','','','','','','{&quot;rpanel&quot;:&quot;open&quot;}',NULL),('508','operador','','operador@gmail.com','','','operador','7474d341ae33b91f9c50e344d38fe15b','ACTIVO','2012-12-06 21:22:22','Español','default','','','','','','',NULL,'2012-12-06 21:23:58');
/*!40000 ALTER TABLE `sec_users` ENABLE KEYS */;
UNLOCK TABLES;

--
-- Table structure for table `sec_usrgroup`
--

DROP TABLE IF EXISTS `sec_usrgroup`;
/*!40101 SET @saved_cs_client     = @@character_set_client */;
/*!40101 SET character_set_client = utf8 */;
CREATE TABLE `sec_usrgroup` (
  `ugr_code` varchar(50) NOT NULL,
  `ugr_name` varchar(200) DEFAULT NULL
) ENGINE=InnoDB DEFAULT CHARSET=latin1;
/*!40101 SET character_set_client = @saved_cs_client */;

--
-- Dumping data for table `sec_usrgroup`
--

LOCK TABLES `sec_usrgroup` WRITE;
/*!40000 ALTER TABLE `sec_usrgroup` DISABLE KEYS */;
INSERT INTO `sec_usrgroup` VALUES ('Administradores','Administrador del sistema'),('canal_call','Canal de ingreso CALL'),('home_operator','home operador call'),('home_proceso','home proceso de los tickets');
/*!40000 ALTER TABLE `sec_usrgroup` ENABLE KEYS */;
UNLOCK TABLES;

--
-- Table structure for table `sec_usrgroup_users`
--

DROP TABLE IF EXISTS `sec_usrgroup_users`;
/*!40101 SET @saved_cs_client     = @@character_set_client */;
/*!40101 SET character_set_client = utf8 */;
CREATE TABLE `sec_usrgroup_users` (
  `ugr_code` varchar(50) NOT NULL,
  `use_code` varchar(50) NOT NULL
) ENGINE=InnoDB DEFAULT CHARSET=latin1;
/*!40101 SET character_set_client = @saved_cs_client */;

--
-- Dumping data for table `sec_usrgroup_users`
--

LOCK TABLES `sec_usrgroup_users` WRITE;
/*!40000 ALTER TABLE `sec_usrgroup_users` DISABLE KEYS */;
INSERT INTO `sec_usrgroup_users` VALUES ('Administradores','1'),('home_operator','508'),('canal_call','508');
/*!40000 ALTER TABLE `sec_usrgroup_users` ENABLE KEYS */;
UNLOCK TABLES;

--
-- Table structure for table `sho_atajos`
--

DROP TABLE IF EXISTS `sho_atajos`;
/*!40101 SET @saved_cs_client     = @@character_set_client */;
/*!40101 SET character_set_client = utf8 */;
CREATE TABLE `sho_atajos` (
  `sat_code` int(10) NOT NULL,
  `sin_code` int(10) NOT NULL,
  `sat_descripcion` varchar(50) DEFAULT NULL,
  `sat_url` varchar(150) DEFAULT NULL,
  `sat_nota` varchar(500) DEFAULT NULL,
  `use_code` varchar(50) DEFAULT NULL,
  `sat_tstamp` datetime DEFAULT NULL,
  PRIMARY KEY (`sat_code`,`sin_code`)
) ENGINE=InnoDB DEFAULT CHARSET=latin1;
/*!40101 SET character_set_client = @saved_cs_client */;

--
-- Dumping data for table `sho_atajos`
--

LOCK TABLES `sho_atajos` WRITE;
/*!40000 ALTER TABLE `sho_atajos` DISABLE KEYS */;
INSERT INTO `sho_atajos` VALUES (1,1,'Novedades Call','/wiki','','','2009-06-25 15:13:54'),(2,1,'Pagina GCBA','http://www.buenosaires.gov.ar','','1','2009-06-17 10:46:40'),(3,1,'Portal Turismo GCBA','http://www.bue.gov.ar','','1','2009-06-17 10:47:11'),(4,1,'Mapa interactivo de la ciudad','http://mapa.buenosaires.gov.ar','','1','2009-06-17 10:47:34'),(5,1,'Turnos registro civil','http://apps.buenosaires.gov.ar/areas/registrocivil/sol_tramites/index.php','','1','2009-06-17 10:51:31'),(7,1,'InfoCall','http://192.168.183.6','','182','2009-06-25 15:14:18');
/*!40000 ALTER TABLE `sho_atajos` ENABLE KEYS */;
UNLOCK TABLES;

--
-- Table structure for table `sho_ingresos`
--

DROP TABLE IF EXISTS `sho_ingresos`;
/*!40101 SET @saved_cs_client     = @@character_set_client */;
/*!40101 SET character_set_client = utf8 */;
CREATE TABLE `sho_ingresos` (
  `sin_code` int(10) NOT NULL,
  `sin_descripcion` varchar(50) DEFAULT NULL,
  `sin_estado` varchar(50) DEFAULT NULL,
  `use_code` varchar(50) DEFAULT NULL,
  `sin_tstamp` datetime DEFAULT NULL,
  PRIMARY KEY (`sin_code`)
) ENGINE=InnoDB DEFAULT CHARSET=latin1;
/*!40101 SET character_set_client = @saved_cs_client */;

--
-- Dumping data for table `sho_ingresos`
--

LOCK TABLES `sho_ingresos` WRITE;
/*!40000 ALTER TABLE `sho_ingresos` DISABLE KEYS */;
INSERT INTO `sho_ingresos` VALUES (1,'Comun','ACTIVO','1','2009-06-25 10:09:30'),(2,'Reclamos etc','ACTIVO','1',NULL),(3,'Rentas','ACTIVO','1',NULL),(4,'Turismo','ACTIVO','1',NULL);
/*!40000 ALTER TABLE `sho_ingresos` ENABLE KEYS */;
UNLOCK TABLES;

--
-- Table structure for table `tic_avance`
--

DROP TABLE IF EXISTS `tic_avance`;
/*!40101 SET @saved_cs_client     = @@character_set_client */;
/*!40101 SET character_set_client = utf8 */;
CREATE TABLE `tic_avance` (
  `tic_nro` int(10) NOT NULL,
  `tic_anio` int(10) NOT NULL,
  `tic_tipo` varchar(20) NOT NULL,
  `tpr_code` varchar(20) NOT NULL,
  `tav_tstamp` datetime NOT NULL,
  `use_code` varchar(50) DEFAULT NULL,
  `tic_estado_in` varchar(50) DEFAULT NULL,
  `tic_estado_out` varchar(50) DEFAULT NULL,
  `tav_nota` varchar(1000) DEFAULT NULL,
  `tic_motivo` varchar(50) DEFAULT NULL,
  PRIMARY KEY (`tic_nro`,`tic_anio`,`tic_tipo`,`tpr_code`,`tav_tstamp`)
) ENGINE=InnoDB DEFAULT CHARSET=latin1;
/*!40101 SET character_set_client = @saved_cs_client */;

--
-- Dumping data for table `tic_avance`
--

LOCK TABLES `tic_avance` WRITE;
/*!40000 ALTER TABLE `tic_avance` DISABLE KEYS */;
INSERT INTO `tic_avance` VALUES (1,2012,'DENUNCIA','3017','2012-12-07 00:22:14','508','INICIADO','INICIADO','un tema','');
/*!40000 ALTER TABLE `tic_avance` ENABLE KEYS */;
UNLOCK TABLES;

--
-- Table structure for table `tic_georef`
--

DROP TABLE IF EXISTS `tic_georef`;
/*!40101 SET @saved_cs_client     = @@character_set_client */;
/*!40101 SET character_set_client = utf8 */;
CREATE TABLE `tic_georef` (
  `tge_tipo` varchar(30) DEFAULT 'VILLA',
  `tge_nombre` varchar(100) DEFAULT NULL COMMENT 'Nombre De la Villa',
  `tge_calle_nombre` varchar(100) DEFAULT NULL COMMENT 'Un nombre de calle oficial, del punto interno o externo mas cercano',
  `tge_altura` int(10) unsigned DEFAULT NULL COMMENT 'Altura',
  `tge_otra_denominacion` varchar(500) DEFAULT NULL COMMENT 'Es otro nombre por el cual se conoce a la villa.',
  `tge_coordx` float DEFAULT NULL COMMENT 'Coordenadas de la USIG',
  `tge_coordy` float DEFAULT NULL COMMENT 'Coordenadas de la USIG',
  `tge_cgpc` varchar(50) DEFAULT NULL COMMENT 'CPGC correpondiente',
  `tge_barrio` varchar(100) DEFAULT NULL COMMENT 'Nombre del barrio',
  `tge_calle` int(11) DEFAULT NULL COMMENT 'Codigo de la calle, corresponde a tge_calle_nombre'
) ENGINE=InnoDB DEFAULT CHARSET=latin1;
/*!40101 SET character_set_client = @saved_cs_client */;

--
-- Dumping data for table `tic_georef`
--

LOCK TABLES `tic_georef` WRITE;
/*!40000 ALTER TABLE `tic_georef` DISABLE KEYS */;
INSERT INTO `tic_georef` VALUES ('VILLA','1.11.14','MORENO, PERITO AV.',2500,'BAJO FLORES , SAN LORENZO',101714,97593.9,'Comuna 7','Flores',4108),('VILLA','3','LAGUNA',2600,'BARRIO FATIMA',100909,96549.4,'Comuna 8','Villa Soldati',12031),('VILLA','6','WHITE',2200,'BARRIO CILDAÑEZ',99062.9,96797.5,'Comuna 9','Parque Avellaneda',24006),('VILLA','13bis','CASTAÑARES AV.',2200,'',101675,98409.1,'Comuna 7','Flores',3086),('VILLA','15','PERON, EVA AV.',6600,'BARRIO GRAL.BELGRANO ,CIUDAD OCULTA ,BARRIO CHINO ,ELEFANTE BLANCO',97110.9,95560.1,'Comuna 8','Villa Lugano',4056),('VILLA','16','GORDILLO, TIMOTEO',5500,'EMAUS',99756.4,93170.4,'Comuna 8','Villa Riachuelo',7070),('VILLA','17','ECHEANDIA',6900,'PIRELLI',96967.9,94735.6,'Comuna 8','Villa Lugano',5005),('VILLA','19','DELLEPIANE, LUIS, TTE. GRAL.',6700,'BARRIO INTA ,BERMEJO ,OBRERO',98235.7,93870.4,'Comuna 8','Villa Lugano',4102),('VILLA','20','FERNANDEZ DE LA CRUZ, F., GRAL. AV.',5000,'LUGANO',100098,94805.2,'Comuna 8','Villa Lugano',3195),('VILLA','21-24','LUNA',1700,'BARRACAS ,LA TOMA ,LA LOMA DE ALEGRE ,LA ROBUSTIANA',106246,97243.4,'Comuna 4','Barracas',12154),('VILLA','26','PERDRIEL',1800,'RIACHUELO',107288,97107.5,'Comuna 4','Barracas',17057),('VILLA','31','GENDARMERIA NACIONAL AV.',800,'RETIRO ,BARRIO GUEMES ,BARRIO YPF ,BARRIO COMUNICACIONES ,BARRIO INMIGRANTES ,AUTOPISTA ,SALDÍAS',107967,105194,'Comuna 1','Retiro',7132),('VILLA','31bis','GENDARMERIA NACIONAL AV.',700,'BARRIO CHINO ,RETIRO',108125,105076,'Comuna 1','Retiro',7132),('VILLA','calacita','BARROS PAZOS, JOSE',3600,'',101175,96291.7,'Comuna 8','Villa Soldati',2029),('VILLA','Piletones','BARROS PAZOS, JOSE',3700,'',101076,96184.5,'Comuna 8','Villa Soldati',2029),('VILLA','NHT Av. del Trabajo','PERON, EVA AV.',6600,'NUCLEO DEL TRABAJO ,NUCLEO EVA PERON',97110.9,95560.1,'Comuna 8','Villa Soldati',4056),('VILLA','Los Pinos','RIESTRA AV.',3100,'Los pinos',101166,97027,'Comuna 8','Villa Soldati',4025),('VILLA','NHT Zavaleta ','ALCORTA, AMANCIO AV.',2600,'Nucleo Zavaleta ',106024,98439.2,'Comuna 4','Parque Patricios',1036),('CEMENTERIO','Flores','',NULL,'',NULL,NULL,'','',NULL),('CEMENTERIO','Recoleta','',NULL,'',NULL,NULL,'','',NULL),('CEMENTERIO','Chacarita','',NULL,'',NULL,NULL,'','',NULL),('PLAZA','Las Heras','',NULL,'',NULL,NULL,'','',NULL),('VILLA','calaza','BARROS PAZOS, JOSE',3600,'',101175,96291.7,'Comuna 8','Villa Soldati',2029),('VILLA','rodrigo bueno','AV. ESPAÑA',1850,'',109870,101135,'Comuna 4','Boca',5074);
/*!40000 ALTER TABLE `tic_georef` ENABLE KEYS */;
UNLOCK TABLES;

--
-- Table structure for table `tic_organismos`
--

DROP TABLE IF EXISTS `tic_organismos`;
/*!40101 SET @saved_cs_client     = @@character_set_client */;
/*!40101 SET character_set_client = utf8 */;
CREATE TABLE `tic_organismos` (
  `tor_code` int(10) NOT NULL,
  `tor_padre` int(10) DEFAULT NULL,
  `tor_sigla` varchar(20) DEFAULT NULL,
  `tor_nombre` varchar(100) DEFAULT NULL,
  `tor_estado` varchar(50) DEFAULT NULL,
  `tor_tstamp` datetime DEFAULT NULL,
  `use_code` varchar(50) DEFAULT NULL,
  `tor_contacto` varchar(500) DEFAULT NULL,
  `tor_tipo` varchar(20) DEFAULT NULL,
  `tor_email` varchar(200) DEFAULT NULL,
  `tor_notificar` varchar(5) DEFAULT NULL,
  PRIMARY KEY (`tor_code`)
) ENGINE=InnoDB DEFAULT CHARSET=latin1;
/*!40101 SET character_set_client = @saved_cs_client */;

--
-- Dumping data for table `tic_organismos`
--

LOCK TABLES `tic_organismos` WRITE;
/*!40000 ALTER TABLE `tic_organismos` DISABLE KEYS */;
INSERT INTO `tic_organismos` VALUES (1,0,'CGPC01','CENTRO DE GESTIÓN Y PARTICIPACIÓN COMUNAL Nº I','ACTIVO','2009-06-16 04:29:52','1','URUGUAY 740 PISO 1 - 1015 - Tel:4373-1896   FAX:4373-6772','CGPC','','NO'),(2,0,'CGPC02','CENTRO DE GESTIÓN Y PARTICIPACIÓN COMUNAL Nº II','ACTIVO','2009-06-16 04:29:52','1','AV.CORONEL DIAZ 2120 - 1425 - Tel:4827-5957/58/61  Y 4824-1071','CGPC','','NO'),(3,0,'CGPC03','CENTRO DE GESTIÓN Y PARTICIPACIÓN COMUNAL Nº III','ACTIVO','2009-06-16 04:29:52','1','JUNIN 521 - 1026 - Tel:4375-0644/0645/1850','CGPC','','NO'),(4,0,'SUBCGPC04','SUBSEDE CGPC04','ACTIVO','2009-06-16 04:29:52','1','SUAREZ 2032 - 1268 - Tel:4301-4628/6544/6536  FAX:','CGPC','','NO'),(5,0,'CGPC05','CENTRO DE GESTIÓN Y PARTICIPACIÓN COMUNAL Nº V','ACTIVO','2009-06-16 04:29:52','1','SARANDI 1273 - 1251 - Tel:4305-2878  Y 4306-0947 FAX:4304-3754','CGPC','','NO'),(6,0,'CGPC04','CENTRO DE GESTIÓN Y PARTICIPACIÓN COMUNAL Nº IV','ACTIVO','2009-06-16 04:29:52','1','AV.DEL BARCO DE CENTENERA 2902/09 - 1437 - Tel:4918-2243/1815/8920  FAX:4918-8920','CGPC','','NO'),(7,0,'CGPC06','CENTRO DE GESTIÓN Y PARTICIPACIÓN COMUNAL Nº VI','ACTIVO','2009-06-16 04:29:52','1','AV.DIAZ VELEZ 4558 - 1200 - Tel:4981-5291  FAX:4981-8137','CGPC','','NO'),(8,0,'CGPC07','CENTRO DE GESTIÓN Y PARTICIPACIÓN COMUNAL Nº VII','ACTIVO','2009-06-16 04:29:52','1','AV.RIVADAVIA 7202 - 1206 - Tel:4613-1530/1556   FAX:4611-1765','CGPC','','NO'),(9,0,'CGPC08','CENTRO DE GESTIÓN Y PARTICIPACIÓN COMUNAL Nº VIII','ACTIVO','2009-06-16 04:29:52','1','AV.ROCA 5252 - 1439 - Tel:4605-2631/1735  FAX:4605-1735','CGPC','','NO'),(10,0,'CGPC09','CENTRO DE GESTIÓN Y PARTICIPACIÓN COMUNAL Nº IX','ACTIVO','2009-06-16 04:29:52','1','TIMOTEO GORDILLO 2212 - 1440 - Tel:4686-2115 Y 4687-6251/2095   FAX:4687-6251','CGPC','','NO'),(11,0,'CGPC11','CENTRO DE GESTIÓN Y PARTICIPACIÓN COMUNAL Nº XI','ACTIVO','2009-06-16 04:29:52','1','FRANCISCO BEIRO 4629 - 1419 - Tel:4504-5019   FAX:4501-0287','CGPC','','NO'),(12,0,'CGPC10','CENTRO DE GESTIÓN Y PARTICIPACIÓN COMUNAL Nº X','ACTIVO','2009-06-16 04:29:52','1','ALMTE.FRANCISCO SEGUI 2125 / Bacacay 3968 - 1416 - Tel:4582-3985  Y 4583-6165  FAX:4581-0809','CGPC','','NO'),(13,0,'CGPC12','CENTRO DE GESTIÓN Y PARTICIPACIÓN COMUNAL Nº XII','ACTIVO','2009-06-16 04:29:52','1','MILLER 2751 - 1431 - Tel:4522-9947/4745  FAX:4521-3467','CGPC','','NO'),(14,0,'CGPC13','CENTRO DE GESTIÓN Y PARTICIPACIÓN COMUNAL Nº XIII','ACTIVO','2009-06-16 04:29:52','1','CABILDO 3067 PISO 1 - 1429 - Tel:4702-3748/9    FAX:4521-3467','CGPC','','NO'),(15,0,'CGPC14','CENTRO DE GESTIÓN Y PARTICIPACIÓN COMUNAL Nº XIV','ACTIVO','2009-06-16 04:29:52','1','BERUTI 3325 - 1425 - Tel:4827-5957/8   FAX:4827-5961','CGPC','','NO'),(16,0,'CGPC15','CENTRO DE GESTIÓN Y PARTICIPACIÓN COMUNAL Nº XV','ACTIVO','2009-06-16 04:29:52','1','CORDOBA 5690 - 1014 - Tel:4771-7286 Y 4776-1071  FAX:4776-1067','CGPC','','NO'),(17,0,'CRIA01','Comisaría Nº 1','ACTIVO','2009-06-16 04:29:52','1','Lavalle 451 Planta Baja - 1047 - Tel:4322-8033/8221','COMISARIA','','NO'),(18,0,'CRIA02','Comisaría Nº 2','ACTIVO','2009-06-16 04:29:52','1','Perú 1050 - 1068 - Tel:4361-8054/8066','COMISARIA','','NO'),(19,0,'CRIA03','Comisaría Nº 3','ACTIVO','2009-06-16 04:29:52','1','Tucumán 1560 - 1050 - Tel: 4371-3333 4373-6194','COMISARIA','','NO'),(20,0,'CRIA04','Comisaría Nº 4','ACTIVO','2009-06-16 04:29:52','1','Tacuarí 770 - 1071 - Tel: 4331-9643  4342-3333','COMISARIA','','NO'),(21,0,'CRIA05','Comisaría Nº 5','ACTIVO','2009-06-16 04:29:52','1','Lavalle 1958 - 1051 - Tel: 4953-3323/2273','COMISARIA','','NO'),(22,0,'CRIA06','Comisaría Nº 6','ACTIVO','2009-06-16 04:29:52','1','Venezuela 1931 - 1096 - Tel: 4942-2333/2965','COMISARIA','','NO'),(23,0,'CRIA07','Comisaría Nº 7','ACTIVO','2009-06-16 04:29:53','1','Lavalle 2625 - 1052 - Tel: 4961-3333/7342','COMISARIA','','NO'),(24,0,'CRIA08','Comisaría Nº 8','ACTIVO','2009-06-16 04:29:53','1','Gral. urquiza 550 - 1221 - Tel: 4931-3333','COMISARIA','','NO'),(25,0,'CRIA09','Comisaría Nº 9','ACTIVO','2009-06-16 04:29:53','1','Billinghurst 471 - 1174 - Tel: 4861-5507   4862-3333','COMISARIA','','NO'),(26,0,'CRIA10','Comisaría Nº 10','ACTIVO','2009-06-16 04:29:53','1','Muñiz 1250 (Aut. 25 de Mayo) - 1225 - Tel: 4922-1229','COMISARIA','','NO'),(27,0,'CRIA11','Comisaría Nº 11','ACTIVO','2009-06-16 04:29:53','1','Av. Diaz Velez 5152/ 4633 - 1405 - Tel:4982-4509/4520','COMISARIA','','NO'),(28,0,'CRIA12','Comisaría Nº 12','ACTIVO','2009-06-16 04:29:53','1','Valle 1454 - 1406 - Tel: 4432-3334/3922','COMISARIA','','NO'),(29,0,'CRIA13','Comisaría Nº 13','ACTIVO','2009-06-16 04:29:53','1','Av. Avellaneda 1548 - 1406 - Tel: 4632-9051/9129','COMISARIA','','NO'),(30,0,'CRIA14','Comisaría Nº 14','ACTIVO','2009-06-16 04:29:53','1','Bolivar 1419 - 1141 - Tel: 4632-3333/6473','COMISARIA','','NO'),(31,0,'CRIA15','Comisaría Nº 15','ACTIVO','2009-06-16 04:29:53','1','Suipacha 1156   Planta Baja - 1008 - Tel: 4393-0076/3333','COMISARIA','','NO'),(32,0,'CRIA16','Comisaría Nº 16','ACTIVO','2009-06-16 04:29:53','1','San José 1224 - 1136 - Tel: 4306-4067/3333','COMISARIA','','NO'),(33,0,'CRIA17','Comisaría Nº 17','ACTIVO','2009-06-16 04:29:53','1','Av. Las Heras 1861  Planta Baja - 1127 - Tel: 4801-3333/1698','COMISARIA','','NO'),(34,0,'CRIA18','Comisaría Nº 18','ACTIVO','2009-06-16 04:29:53','1','Av. San Juan 1757 - 1148 - Tel: 4304-3203   4305-3333','COMISARIA','','NO'),(35,0,'CRIA19','Comisaría Nº 19','ACTIVO','2009-06-16 04:29:53','1','Charcas 2844  Planta Baja - 1425 - Tel: 4827-3947','COMISARIA','','NO'),(36,0,'CRIA20','Comisaría Nº 20','ACTIVO','2009-06-16 04:29:53','1','Catamarca 1345 - 1246 - Tel: 4941-3333/4079','COMISARIA','','NO'),(37,0,'CRIA21','Comisaría Nº 21','ACTIVO','2009-06-16 04:29:53','1','Julián Alvarez  2373  Planta Baja - 1425 - Tel: 4821-5056  4823-3333','COMISARIA','','NO'),(38,0,'CRIA22','Comisaría Nº 22','ACTIVO','2009-06-16 04:29:53','1','Av. Ing. Huergo 640 - 1107 - Tel: 4331-1873/4444','COMISARIA','','NO'),(39,0,'CRIA23','Comisaría Nº 23','ACTIVO','2009-06-16 04:29:53','1','Av. Santa Fe 4000  Planta Baja - 1425 - Tel: 4831-3333  4832-5260','COMISARIA','','NO'),(40,0,'CRIA24','Comisaría Nº 24','ACTIVO','2009-06-16 04:29:53','1','Pinzón 456/ Pinzón 4561 - 1161 - Tel: 4361-4444  4362-6875','COMISARIA','','NO'),(41,0,'CRIA25','Comisaría Nº 25','ACTIVO','2009-06-16 04:29:53','1','Av. Scalabrini Ortiz 1350 - 1414 - Tel: 4832-3333','COMISARIA','','NO'),(42,0,'CRIA26','Comisaría Nº 26','ACTIVO','2009-06-16 04:29:53','1','Av. Montes de Oca 864 - 1270 - Tel: 4302-3140  4301-3333','COMISARIA','','NO'),(43,0,'CRIA27','Comisaría Nº 27','ACTIVO','2009-06-16 04:29:53','1','Camargo 645 - 1414 - Tel: 4855-3333','COMISARIA','','NO'),(44,0,'CRIA28','Comisaría Nº 28','ACTIVO','2009-06-16 04:29:53','1','Av. Velez Sárfield 170 - 1282 - Tel: 4305-8383  4306-0666','COMISARIA','','NO'),(45,0,'CRIA29','Comisaría Nº 29','ACTIVO','2009-06-16 04:29:54','1','Santos Dumont 4350 Planta Baja / Loyola 1441 - 1427 - Tel:4854-3333/6357','COMISARIA','','NO'),(46,0,'CRIA30','Comisaría Nº 30','ACTIVO','2009-06-16 04:29:54','1','Av. Gral. Hornos 768 - 1272 - Tel: 4307-4644/5153','COMISARIA','','NO'),(47,0,'CRIA31','Comisaría Nº 31','ACTIVO','2009-06-16 04:29:54','1','Av. Cabildo 232 - 1426 - Tel: 4771-3333','COMISARIA','','NO'),(48,0,'CRIA32','Comisaría Nº 32','ACTIVO','2009-06-16 04:29:54','1','Av. Caseros 2724 - 1264 - Tel: 4911-3333/6416','COMISARIA','','NO'),(49,0,'CRIA33','Comisaría Nº 33','ACTIVO','2009-06-16 04:29:54','1','Av. Mendoza 2263 - 1428 - Tel: 4781-3333','COMISARIA','','NO'),(50,0,'CRIA34','Comisaría Nº 34','ACTIVO','2009-06-16 04:29:54','1','Quilmes 456 - 1437 - Tel:  4911-4444/5506','COMISARIA','','NO'),(51,0,'CRIA35','Comisaría Nº 35','ACTIVO','2009-06-16 04:29:54','1','Cuba 3145 - 1429 - Tel: 4701-9168  4702-3333','COMISARIA','','NO'),(52,0,'CRIA36','Comisaría Nº 36','ACTIVO','2009-06-16 04:29:54','1','Pedernera 3405 - 1437 - Tel: 4918-3333/1708','COMISARIA','','NO'),(53,0,'CRIA37','Comisaría Nº 37','ACTIVO','2009-06-16 04:29:54','1','Juramento 4367 - 1430 - Tel: 4544-3330/4747','COMISARIA','','NO'),(54,0,'CRIA38','Comisaría Nº 38','ACTIVO','2009-06-16 04:29:54','1','Cnel. Esteban Bonorino 258 - 1406 - Tel: 4631-3333/7827','COMISARIA','','NO'),(55,0,'CRIA39','Comisaría Nº 39','ACTIVO','2009-06-16 04:29:54','1','Olazábal 5437 - 1431 - Tel:  4521-0028    4522-3333','COMISARIA','','NO'),(56,0,'CRIA40','Comisaría Nº 40','ACTIVO','2009-06-16 04:29:54','1','Remedios 3748 - 1407 - Tel: 4672-1824   4671-3333','COMISARIA','','NO'),(57,0,'CRIA41','Comisaría Nº 41','ACTIVO','2009-06-16 04:29:54','1','Alfredo R. Bufano 1820 - 1416 - Tel: 4581-3155  4585-3883','COMISARIA','','NO'),(58,0,'CRIA42','Comisaría Nº 42','ACTIVO','2009-06-16 04:29:54','1','Lisandro de la Torre 2343 - 1440 - Tel: 4687-3333','COMISARIA','','NO'),(59,0,'CRIA43','Comisaría Nº 43','ACTIVO','2009-06-16 04:29:54','1','Chivilcoy 453 - 1417 - Tel: 4671-2209/4444','COMISARIA','','NO'),(60,0,'CRIA44','Comisaría Nº 44','ACTIVO','2009-06-16 04:29:54','1','Manuel Porcel de Peralta 726 - 1408 - Tel:  4641-3333  4642-7777','COMISARIA','','NO'),(61,0,'CRIA45','Comisaría Nº 45','ACTIVO','2009-06-16 04:29:54','1','José Cubas 4154 - 1419 - Tel: 4501-3333   4504-3333','COMISARIA','','NO'),(62,0,'CRIA46','Comisaría Nº 46','ACTIVO','2009-06-16 04:29:54','1','Av. de los Inmigrantes 2550 Planta Baja - 1104 - Tel:  4312-3333','COMISARIA','','NO'),(63,0,'CRIA47','Comisaría Nº 47','ACTIVO','2009-06-16 04:29:54','1','Nazca 4254 - 1419 - Tel: 4572-3333/3526','COMISARIA','','NO'),(64,0,'CRIA48','Comisaría Nº 48','ACTIVO','2009-06-16 04:29:54','1','Matiniano Leguizamón 4347 - 1439 - Tel: 4601-3333','COMISARIA','','NO'),(65,0,'CRIA49','Comisaría Nº 49','ACTIVO','2009-06-16 04:29:54','1','Machain 3045 - 1430 - Tel:  4541-8142','COMISARIA','','NO'),(66,0,'CRIA50','Comisaría Nº 50','ACTIVO','2009-06-16 04:29:54','1','Av. Gaona 2738 - 1416 - Tel:  4581-1254/4444','COMISARIA','','NO'),(67,0,'CRIA51','Comisaría Nº 51','ACTIVO','2009-06-16 04:29:55','1','Artilleros 2081 - 1428 - Tel:  4784-4047','COMISARIA','','NO'),(68,0,'CRIA52','Comisaría Nº 52','ACTIVO','2009-06-16 04:29:55','1','Av. Ana Díaz y Cafayate - 1439 - Tel: 4683-2221  4638-8888','COMISARIA','','NO'),(69,0,'CRIA53','Comisaría Nº 53','ACTIVO','2009-06-16 04:29:55','1','Rep. Arabe Siria 2961/65 - 1425 - Tel:  4801-3332    4805-7928','COMISARIA','','NO'),(70,0,'HOSP01','HOSP. DR. I.PIROVANO','ACTIVO','2009-06-16 04:29:55','1','MONROE 3555 - 143O - Tel:4542-9906/7686 FAX:4543-2199','HOSPITAL','','NO'),(71,0,'HOSP02','HOSP.GRAL.AGUD. J.A.FERNANDEZ','ACTIVO','2009-06-16 04:29:55','1','CERVIÑO 3356 - 1425 - Tel:4808-2611/2612  FAX:4801-0932','HOSPITAL','','NO'),(72,0,'HOSP03','HOSP.GRAL.AGUD. DR.ABEL ZUBIZARRETA','ACTIVO','2009-06-16 04:29:55','1','NUEVA YORK 3952 - 1419 - Tel:4501-6773/5555/0683/2604/3985 FAX:4501-2604','HOSPITAL','','NO'),(73,0,'HOSP04','HOSP.GRAL.AGUD. DR. E. TORNU','ACTIVO','2009-06-16 04:29:55','1','DONATO ALVAREZ 3002 - 1427 - Tel:4521-7947/1114 FAX:4521-3590','HOSPITAL','','NO'),(74,0,'HOSP05','HOSP.GRAL.AGUD. VELEZ SARFIELD','ACTIVO','2009-06-16 04:29:55','1','CALDERON DE LA BARCA 1550 - 1407 - Tel:4567-5555/4444 FAX:4566-9590','HOSPITAL','','NO'),(75,0,'HOSP06','HOSP.GRAL.AGUD. DR.TEODORO ALVAREZ','ACTIVO','2009-06-16 04:29:55','1','JUAN F.ARANGUREN 2701 - 1406 - Tel:4611-4406/5165  FAX:4612-5073','HOSPITAL','','NO'),(76,0,'HOSP07','HOSP.GRAL DE AGUDOS DR.C.G.DURAND','ACTIVO','2009-06-16 04:29:55','1','DIAZ VELEZ 5044 - 1405 - Tel:4982-2126/1496/4981-2110 Conm.4981-2790/4982-5555/0366 FAX:4982-1496','HOSPITAL','','NO'),(77,0,'HOSP08','HOSP.GRAL.AGUD. DR. JOSE MARIA RAMOS MEJIA','ACTIVO','2009-06-16 04:29:55','1','GRAL.URQUIZA 609 - 1221 - Tel:4931-6702/1884 FAX:4932-8858','HOSPITAL','','NO'),(78,0,'HOSP09','HOSP.GRAL.AGUD. DR.COSME ARGERICH','ACTIVO','2009-06-16 04:29:55','1','ALMTE.GUILLERMO BROWN 240 - 1155 - 4362-5555/6533/5811','HOSPITAL','dspaccavento@buenosaires.gov.ar','NO'),(79,0,'HOSP10','HOSP. DR. F. SANTOJANI','ACTIVO','2009-06-16 04:29:55','1','PILAR 950 - 1402 - Tel:4641-0066/3740/3359/9816/4644-4578/4579/4339/14 FAX:4641-3359','HOSPITAL','','NO'),(80,0,'HOSP11','HOSP.GRAL.AGUD. DR.PARMENIO PIÑERO','ACTIVO','2009-06-16 04:29:55','1','VARELA 1301 - 1406 - Tel:4631-8601 FAX:4632-8626','HOSPITAL','','NO'),(81,0,'HOSP12','HOSP. J. M. PENNA','ACTIVO','2009-06-16 04:29:55','1','PEDRO CHUTRO 3380 - 1437 - Tel:4911-7222/3030/7231/7108/7221 FAX:4911-3571','HOSPITAL','','NO'),(101,483,'AEBA','AEBA-ZONA2-SANEAMIENTO','INACTIVO','2009-06-16 04:29:55','1','AV. CASARES Y AV. SARMIENTO - 0 - Tel:4807-3846/47 0800-8882322','EMPRESA','','NO'),(102,0,'CLIBA','INGENIERIA URBANA SA-ZONA1-SANEAMIENTO','ACTIVO','2009-06-16 04:29:55','1','JERONIMO SALGUERO 3360/3800 y en BRANSEN 2720 - 0 - Tel:4801-3876/1551 0800-88825422','EMPRESA','','NO'),(103,112,'DALUP','DIR. ALUMBRADO PÚBLICO-ZONA5','ACTIVO','2009-06-16 04:29:55','1','LACARRA 1257 - 1407 - Tel:4672-9004/1458 4671-7193','GOBIERNO','','NO'),(105,483,'DAU-ZONA2','DEPTO.ARBOLADO URBANO ZONA2','INACTIVO','2009-06-16 04:29:55','1','AIZPURA 3814 - 0 - 4861-0515 Fax:4861-1094','GOBIERNO','','NO'),(106,483,'DAU-ZONA3','DEPTO.ARBOLADO URBANO ZONA3','INACTIVO','2009-06-16 04:29:55','1','AV. BEIRO 4653 - 0 - 4861-0515 Fax:4861-1094','GOBIERNO','','NO'),(107,483,'DAU-ZONA4','DEPTO.ARBOLADO URBANO ZONA4','INACTIVO','2009-06-16 04:29:55','1','INT. PARQUE AVELLANEDA LADO PILETA DE LOS ROMANOS - 0 - 4861-0515 Fax:4861-1094','GOBIERNO','','NO'),(108,483,'DCTVP','DIRECCION COORDINACION DE TAREAS EN VIA PUBLICA','INACTIVO','2009-06-16 04:29:55','1','CARLOS PELLEGRINI 291 5º PISO - 1225 - Tel:4323-8000','GOBIERNO','','NO'),(109,483,'DEO','DEPTO.EJECUCION DE OBRAS [DGEV}','INACTIVO','2009-06-16 04:29:56','1','AV.SANTA FE 3951 - 1425 - Tel.4831-6861','GOBIERNO','','NO'),(110,483,'DEV','SANIDAD VEGETAL','INACTIVO','2009-06-16 04:29:56','1','AV. DE MAYO 575 PISO 1 - 1084 - Tel. 4323-9400 int.2709','GOBIERNO','','NO'),(111,131,'AF','AREA DE FISCALIZACION [DGSV]','ACTIVO','2009-06-16 04:29:56','1','CARABELAS 286 Piso 9 - 0 - Tel.4323-8000','GOBIERNO','','NO'),(112,166,'DGAP','DG. DE ALUMBRADO PÚBLICO','ACTIVO','2009-06-16 04:29:56','1','CARLOS PELLEGRINI 211 9ºP - 1009 - Tel:4323-8000 int: 4106','GOBIERNO','','NO'),(113,166,'DGAH','DIRECCION GENERAL DE HIDRÁULICA','ACTIVO','2009-06-16 04:29:56','1','CARLOS PELLEGRINI 291 PISO 9° - 1009 - Tel:4323-8000 Int.4106','GOBIERNO','','NO'),(114,472,'DMBCGP1','DIR. DESARROLLO Y MANTENIMIENTO BARRIAL CGP01','ACTIVO','2009-06-16 04:29:56','1','Uruguay 740 - 1050 - 4373-1896/6374/2  4371-0504','GOBIERNO','cgp01@buenosaires.gov.ar','NO'),(115,472,'DMBCGP2N','DIR. DESARROLLO Y MANTENIMIENTO BARRIAL CGP2N','ACTIVO','2009-06-16 04:29:56','1','Beruti 3325 - 1425 - 4827-5956/7','GOBIERNO','cgp02n@buenosaires.gov.ar','NO'),(116,169,'DGCONT','DIR.GRAL.DE CONTROL','ACTIVO','2009-06-16 04:29:56','1','ORTIZ DE OCAMPO 2517 PISO 2° - 1425 - Tel. 4802-6549/4805-9958  Fax. 4805-9958','GOBIERNO','dmartinez@buenosaires.gov.ar','NO'),(117,336,'DGEV','DIR.GRAL. ESPACIOS VERDES','ACTIVO','2009-06-16 04:29:56','1','Carlos Pellegrini 211 8º piso - 1084 - Tel:4323-8000 int: 4243-4086-4239 FAX: 4323-8000 int 4316','GOBIERNO','espaverde@buenosaires.gov.ar','NO'),(118,167,'DGEVYL','DIRECCION GRAL DE EDUCACION VIAL Y LICENCIAS','ACTIVO','2009-06-16 04:29:56','1','AV.ROCA 5252 - 1439 - Tel:4605-9328 Fax:4605-6900','GOBIERNO','nbilancieri@buenosaires.gov.ar','NO'),(119,486,'DGFOC','DIR.GRAL. DE FISCALIZACION DE OBRAS Y CATASTRO','ACTIVO','2009-06-16 04:29:56','1','Carlos Pellegrini 211/291 Piso 2 - 1009 - Tel: 4326-1975/6764/1507 fax: 4326-7659','GOBIERNO','dandrea@buenosaires.gov.ar','NO'),(120,257,'DGGAYE','D.GRAL.GUARDIA DE AUXILIO Y EMERGENCIAS','ACTIVO','2009-06-16 04:29:56','1','HOLMBERG 2552 - 1430 - Tel:4545-8980 Int.2807 Fax.4545-5120','GOBIERNO','jburrieza@buenosaires.gov.ar','NO'),(121,337,'DGLIM','DIRECCIÓN GRAL. DE LIMPIEZA','ACTIVO','2009-06-16 04:29:56','1','Carlos Pellegrini 211 Piso 5º - 1009 - Tel: 4323-8000 int: 4011/4012','GOBIERNO','asesores2_dghur@buenosaires.gov.ar','NO'),(122,483,'DGME','DIR.GRAL. MANTENIMIENTO EDILICIO','INACTIVO','2009-06-16 04:29:56','1','Dorrego 690 - 1414 - Tel: 4855-3029 4854-1726  FAX:4855-3029','GOBIERNO','','NO'),(123,483,'SSLYT','SUBSECRETARIA LEGAL Y TECNICA','INACTIVO','2009-06-16 04:29:56','1','Av. de Mayo 525 Piso 4º - 1084 - 4323-9750/65  Fax: 4345-6806','GOBIERNO','dcohen@buenosaires.gov.ar','NO'),(124,257,'DGMFA','DIR.GRAL.MANTENIMIENTO DE LA FLOTA AUTOMOTOR','ACTIVO','2009-06-16 04:29:56','1','EMILIO CASTRO 7680 - 1408 - Tel. 4687-1993/3882  Fax. 4687-9099','GOBIERNO','','NO'),(125,113,'DGMYC','DIREC.GESTION DE MANTENIMIENTO Y CONTROL (DGHI)','ACTIVO','2009-06-16 04:29:56','1','HUMBERTO Iº 1584/86 -  - Tel.4304-0340    Fax.4304-0359','GOBIERNO','','NO'),(126,472,'DMBCGP2S','DIR. DESARROLLO Y MANTENIMIENTO BARRIAL CGP2S','ACTIVO','2009-06-16 04:29:56','1','Junin 521 - 1026 - 4375-1850/0644/5','GOBIERNO','cgp02s@buenosaires.gov.ar','NO'),(127,472,'DMBCGP3','DIR. DESARROLLO Y MANTENIMIENTO BARRIAL CGP03','ACTIVO','2009-06-16 04:29:56','1','Suarez 2230 - 1268 - 4301-3867/4628/6536/6544/6679','GOBIERNO','cgp03@buenosaires.gov.ar','NO'),(128,472,'DMBCGP4','DIR. DESARROLLO Y MANTENIMIENTO BARRIAL CGP04','ACTIVO','2009-06-16 04:29:56','1','Sarandí 1273 - 1222 - 4305-2878 4306-0947 4304-3754','GOBIERNO','cgp04@buenosaires.gov.ar','NO'),(129,472,'DMBCGP5','DIR. DESARROLLO Y MANTENIMIENTO BARRIAL CGP05','ACTIVO','2009-06-16 04:29:56','1','Del Barco Centenera 2909 - 1437 - 4918-2243/1815/8920/4388','GOBIERNO','cgp05@buenosaires.gov.ar','NO'),(130,336,'DGAVP','D.G. ACCIONES EN VIA PUBLICA','ACTIVO','2009-06-16 04:29:56','1','INDEPENDENCIA 3277 PISO 3° - 1225 - ','GOBIERNO','','NO'),(131,259,'DGSV','DIRECCIÓN GRAL. DE SEGURIDAD VIAL','ACTIVO','2009-06-16 04:29:56','1','Araoz de Lamadrid 1750 - 1267 - 4302-5930/3619/2291','GOBIERNO','dsvial@buenosaires.gov.ar','NO'),(132,167,'DGTYT','DIR.GRAL. DE TRANSPORTE Y TRÁNSITO','ACTIVO','2009-06-16 04:29:57','1','CARLOS PELLEGRINI 211 PISO 9 - 1009 - Tel:4323-8000 int.4078/79  Fax:4323-8106','GOBIERNO','','NO'),(133,130,'DIO','DEPTO.INSPECCION DE OBRAS [DGOP]','ACTIVO','2009-06-16 04:29:57','1','INDEPENDENCIA 3277 - 0 - Tel:           FAX','GOBIERNO','','NO'),(134,483,'DJAR','DIR. DE JARDINERIA [DGEV]','INACTIVO','2009-06-16 04:29:57','1','Av. Del Libertador e Infanta Isabel - 0 - Tel:4771-3939            FAX:','GOBIERNO','','NO'),(135,472,'DMBCGP10','DIR. DESARROLLO Y MANTENIMIENTO BARRIAL CGP10','ACTIVO','2009-06-16 04:29:57','1','Francisco Beiró 4629 - 1419 - 4504-5019','GOBIERNO','cgp10@buenosaires.gov.ar','NO'),(136,472,'DMBCGP11','DIR. DESARROLLO Y MANTENIMIENTO BARRIAL CGP11','ACTIVO','2009-06-16 04:29:57','1','Almirante Francisco Segui 2125 - 1416 - 4582-3985 4581-1341/0809','GOBIERNO','cgp11@buenosaires.gov.ar','NO'),(137,472,'DMBCGP12','DIR. DESARROLLO Y MANTENIMIENTO BARRIAL CGP12','ACTIVO','2009-06-16 04:29:57','1','Miller 2751 - 1431 - 4522-9947/4745 4521-3467','GOBIERNO','cgp12@buenosaires.gov.ar','NO'),(138,472,'DMBCGP13','DIR. DESARROLLO Y MANTENIMIENTO BARRIAL CGP13','ACTIVO','2009-06-16 04:29:57','1','Cabildo 3067 - 1429 - 4702-3748/9 4703-0212','GOBIERNO','cgp13@buenosaires.gov.ar','NO'),(139,472,'DMBCGP14E','DIR. DESARROLLO Y MANTENIMIENTO BARRIAL CGP14 ESTE','ACTIVO','2009-06-16 04:29:57','1','Beruti 3325 - 1425 - 4827-5957/54','GOBIERNO','cgp14e@buenosaires.gov.ar','NO'),(140,472,'DMBCGP14O','DIR. DESARROLLO Y MANTENIMIENTO BARRIAL CGP14OESTE','ACTIVO','2009-06-16 04:29:57','1','Av. Córdoba 5690 - 1414 - 4771-7286/0750/1306','GOBIERNO','cgp14o@buenosaires.gov.ar','NO'),(141,144,'DPAYOC','DIR. DE PAVIMENTOS ACERAS Y OBRAS COMPLEMENTARIAS','ACTIVO','2009-06-16 04:29:57','1','INDEPENDENCIA 3277 PISO 2° - 1225 - Tel:4931-2046','GOBIERNO','','NO'),(142,483,'ECOHABITAT','ECOHABITAT-ZONA4-SANEAMIENTO','INACTIVO','2009-06-16 04:29:57','1','BARROS PAZOS 2500 - 0 - Tel:4919-4000/4444/3519/  0800-3332953/ 4337-7143','EMPRESA','','NO'),(144,0,'EMUI','Ente de Mantenimiento Urbano Integral','ACTIVO','2009-06-16 04:29:57','1','Independencia 3277 - 1225 - 15-5182-0886 - 4932-9634 int. 135 y 136','GOBIERNO','','NO'),(145,132,'ET','DIR.ESTUDIO DEL TRANSPORTE [DGTYT]','ACTIVO','2009-06-16 04:29:57','1','CARLOS PELLEGRINI 211 PISO 9° - 1009 - Tel.4323-8000 INT. 4044/61','GOBIERNO','','NO'),(146,0,'ILUBAIRES','ILUBAIRES-ZONA2-ALUMBRADO (EX SADE)','ACTIVO','2009-06-16 04:29:57','1','ARREGUI 2540/44 - 0 - Tel:4581-9614/9665 0800-8888589','EMPRESA','','NO'),(148,0,'LESKO','LESKO-ZONA3-ALUMBRADO','ACTIVO','2009-06-16 04:29:57','1','NOGOYA 5953 - 0 - Tel:0800-5553756','EMPRESA','','NO'),(149,0,'MANTELECT','MANTELECTRIC-ZONA1-ALUMBRADO','ACTIVO','2009-06-16 04:29:57','1','SENILLOSA 1844/50 - 0 - Tel:4922-3502/9893 0800-3333041','EMPRESA','','NO'),(150,0,'METROVIAS','METROVIAS S.A.','ACTIVO','2009-06-16 04:29:57','1','AGÜERO 48 - 1000 - Tel:4864-4780 4863-1051/54   FAX:4863-4949','EMPRESA','','NO'),(151,483,'MOA','DEPTO.MONUMENTOS OBRAS DE ARTE [DGEV]','INACTIVO','2009-06-16 04:29:57','1','Berro y Sarmiento - 0 - 4801-4895/4801-4500','GOBIERNO','','NO'),(152,132,'IT','AREA INGENERIA DE TRANSPORTE [DGTYT]','ACTIVO','2009-06-16 04:29:57','1','CARLOS PELLEGRINI 211 PISO 9° - 1009 - Tel.4323-8000 INT.4059/4111','GOBIERNO','','NO'),(153,162,'MH','Ministerio de Hacienda','ACTIVO','2009-06-16 04:29:57','1','AV. DE MAYO 525 PISO 3 OF.309/10 - 1084 - Tel:4323-9400 int.2316/07 o 4342-6905/0711','GOBIERNO','malbamonte@buenosaires.gov.ar','NO'),(154,483,'SIEMENS','SIEMENS-ZONA4-ALUMBRADO','INACTIVO','2009-06-16 04:29:57','1','CASTRO 1260 - 0 - Tel:4921-5419 4922-5637/5728/5994  0800-22228936','EMPRESA','','NO'),(155,132,'SL','DIR.SEÑALIZACION LUMINOSA [DGTYT]','ACTIVO','2009-06-16 04:29:57','1','CARABELAS 286 - 0 - Tel:4326-5606 4327-0624','GOBIERNO','','NO'),(156,483,'SOLURBAN','SOLURBAN-ZONA3-SANEAMIENTO','INACTIVO','2009-06-16 04:29:57','1','AV. GAONA 4660 - 0 - Tel:4510-1700/ 4671-7859/9666 4674-3835  0800-9996623','EMPRESA','','NO'),(157,162,'MS','Ministerio de Salud','ACTIVO','2009-06-16 04:29:57','1','C. Pellegrini 313 Piso 12 - 1009 - 4326-6293/7373/7844 o 4323-9000 Int. 3064/5/6/7','GOBIERNO','jlemus@buenosaires.gov.ar','NO'),(158,472,'DMBCGP6','DIR. DESARROLLO Y MANTENIMIENTO BARRIAL CGP06','ACTIVO','2009-06-16 04:29:57','1','Diaz Velez 4558 - 1405 - 4981-8137/5291','GOBIERNO','cgp6@buenosaires.gov.ar','NO'),(159,472,'DMBCGP7','DIR. DESARROLLO Y MANTENIMIENTO BARRIAL CGP07','ACTIVO','2009-06-16 04:29:57','1','Av. Rivadavia 7202 - 1406 - 4611-1765 4613-1530/1556 4637-0439','GOBIERNO','cgp7@buenosaires.gov.ar','NO'),(160,472,'DMBCGP8','DIR. DESARROLLO Y MANTENIMIENTO BARRIAL CGP08','ACTIVO','2009-06-16 04:29:58','1','Av. Cnel Roca 5252 - 1439 - 4605-2631/1735 4604-0218 fax int 2883','GOBIERNO','cgp08@buenosaires.gov.ar','NO'),(161,472,'DMBCGP9','DIR. DESARROLLO Y MANTENIMIENTO BARRIAL CGP09','ACTIVO','2009-06-16 04:29:58','1','Timoteo Gordillo 2212 - 1440 - Tel:4687-6251/2095/ 4686-2115','GOBIERNO','cgp09@buenosaires.gov.ar','NO'),(162,0,'AJG','AREA JEFE DE GOBIERNO','ACTIVO','2009-06-16 04:29:58','1','Av. de Mayo 525 Piso 1º Of. 111 - 1084 - 4323-9735/36 4323-9400 Int. 2942/2153','GOBIERNO','mauricio@buenosaires.gov.ar','NO'),(163,483,'MGPYD','MINISTERIO DE GESTION PUBLICA Y DESCENTRALIZACION','INACTIVO','2009-06-16 04:29:58','1','Bolivar 191 1º piso - 1066 - 4331-1581/7920/8064','GOBIERNO','hcapaccioli@buenosaires.gov.ar','NO'),(164,483,'SPTYDS','SECRETARIA PRODUCCION, TURISMO,DESARR. SUSTENTABLE','INACTIVO','2009-06-16 04:29:58','1','Av. de mayo 575 1º Piso - 1084 - 4323-9400 int 2849-2710','GOBIERNO','eepszteyn@buenosaires.gov.ar','NO'),(165,483,'SOSP','SECRETARIA DE INFRAESTRUCTURA Y PLANEAMIENTO','INACTIVO','2009-06-16 04:29:58','1','C. Pellegrini 291 9ª piso - 1009 - 4323-8000 int 4003/4007 fax 4326-6777','GOBIERNO','','NO'),(166,483,'SSOM','SUBSECRETARIA DE OBRAS Y MANTENIMIENTO','INACTIVO','2009-06-16 04:29:58','1','C pellegrini 291 Piso 9º - 1009 - ','GOBIERNO','','NO'),(167,483,'SSTT','SUBSECRETARIA TRANSITO Y TRANSPORTE','INACTIVO','2009-06-16 04:29:58','1','C. Pellegrini 211 Piso 9º - 1009 - 4323-8000 int 4018/4030 4323-8102 4327-1037','GOBIERNO','','NO'),(168,483,'SSE','SUBSECRETARIA DE EMERGENCIAS','INACTIVO','2009-06-16 04:29:58','1','Av. de Mayo 525 PB Ofic 2 - 1084 - 4323-9004 int 2401-2402  4323-9797/9715','GOBIERNO','','NO'),(169,332,'APRA','Agencia de Proteccion Ambiental','ACTIVO','2009-06-16 04:29:58','1',' - 1041 - 4010-0300 int 13142','GOBIERNO','','NO'),(170,483,'SJYSURB','SECRETARIA JUSTICIA Y SEGURIDAD URBANA','INACTIVO','2009-06-16 04:29:58','1','Av. de Mayo 525 Piso 4 Of. 412 - 1084 - 4323-9716/17','GOBIERNO','jclopez@buenosaires.gov.ar','NO'),(171,164,'SSMA','SUBSECRETARIA DE MEDIO AMBIENTE','ACTIVO','2009-06-16 04:29:58','1','Av. de Mayo 575 Piso 1º - 1084 - 4323-9400 int. 2709-2812','GOBIERNO','mvensentini@buenosaires.gov.ar','NO'),(172,483,'IZLP','INSTITUTO ZOONOSIS LUIS PASTEUR','INACTIVO','2009-06-16 04:29:58','1','Diaz Velez 4821 - 1405 - 4982-8421 4983-7300 fax 4983-7300','GOBIERNO','olencinas@buenosaires.gov.ar','NO'),(173,439,'MGEYA','DCION. GRAL. MESA GRAL. ENTRAD. SALID. Y ARCH.','ACTIVO','2009-06-16 04:29:58','1','Rivadavia 525 PB -  - 4323-9400 int. 2018/19 4345-0691 4323-9691','GOBIERNO','','NO'),(174,472,'CALL','CALL CENTER','ACTIVO','2009-06-16 04:29:58','1','Luis Maria Campos 8 Piso 2 -  - 0800-9992727 4909-3088/89','GOBIERNO','','NO'),(175,483,'DOYM','DCION. OBRAS Y MANTENIMIENTO [DGIRE]','INACTIVO','2009-06-16 04:29:58','1','Dorrego 690 - 1414 - 4855-3029 4854-1726','GOBIERNO','','NO'),(176,483,'DYPC','COORDINACION GRAL. GESTION ADMINISTRATIVA','INACTIVO','2009-06-16 04:29:58','1','BARTOLOME MITRE 648 PB - 1036 - 4342-0610/8960/8984/0643/8969/7607/0525','GOBIERNO','','NO'),(177,483,'INTERNET','INTERNET','INACTIVO','2009-06-16 04:29:58','1',' -  - ','GOBIERNO','','NO'),(178,483,'DAU','DEPTO. ARBOLADO URBANO','INACTIVO','2009-06-16 04:29:58','1','VENEZUELA 3251 -  - ','GOBIERNO','','NO'),(179,483,'EHUR','ENTE DE HIGIENE URBANA (ZONA 5) F/N','ACTIVO','2009-06-16 04:29:58','1','Varela 555 - 1406 - Tel:4612-0036/7420','GOBIERNO','jldominguez@buenosaires.gov.ar','NO'),(180,153,'DGOGYP','DIR. GRAL. OFICINA DE GESTION PUBLICA Y PRESUPUEST','ACTIVO','2009-06-16 04:29:58','1','Rivadaiva 530-2 piso - 1002 - 4331-5222/5227','GOBIERNO','mmoreno@buenosaires.gov.ar','NO'),(181,112,'DIC','DEPTO INSPECCION Y COMPUTOS [ALUMBRADO]','ACTIVO','2009-06-16 04:29:58','1','CARLOS PELLEGRINI 211 PB -  - Tel:4323-8000/4327-1449/1432/0435/0453/2165','GOBIERNO','','NO'),(182,112,'DEYP','DPTO. ESTUDIOS Y PROYECTOS [ALUMBRADO]','ACTIVO','2009-06-16 04:29:59','1','CARLOS PELLEGRINI 211 9ºP -  - Tel:4323-8000/4327-1449/1432/0435/0453/2165','GOBIERNO','','NO'),(183,0,'SUTEC','SUTEC S.A-ZONA4-ALUMBRADO','ACTIVO','2009-06-16 04:29:59','1',' -  - ','EMPRESA','','NO'),(184,0,'URBASUR','URBASUR-ZONA3-SANEAMIENTO','ACTIVO','2009-06-16 04:29:59','1',' -  - ','EMPRESA','','NO'),(185,0,'NITTIDA','NITTIDA-ZONA4-SANEAMIENTO','ACTIVO','2009-06-16 04:29:59','1',' -  - ','EMPRESA','','NO'),(186,0,'INTEGRA','INTEGRA-ZONA6-SANEAMIENTO','ACTIVO','2009-06-16 04:29:59','1',' -  - ','EMPRESA','','NO'),(187,0,'AESA','AESA-SANEAMIENTO','ACTIVO','2009-06-16 04:29:59','1',' -  - ','EMPRESA','','NO'),(188,483,'SS','SECRETARIA DE SEGURIDAD','INACTIVO','2009-06-16 04:29:59','1',' -  - ','GOBIERNO','','NO'),(189,0,'TAYM','taym','ACTIVO','2009-06-16 04:29:59','1',' -  - ','EMPRESA','','NO'),(190,0,'ECOURB','ecologia urbana','ACTIVO','2009-06-16 04:29:59','1',' -  - ','EMPRESA','','NO'),(191,0,'URBASER','urbaser','ACTIVO','2009-06-16 04:29:59','1',' -  - ','EMPRESA','','NO'),(192,0,'SALVATORI','salvatori','ACTIVO','2009-06-16 04:29:59','1',' -  - ','EMPRESA','','NO'),(193,483,'ESPAVERDE','espacios verdes','INACTIVO','2009-06-16 04:29:59','1',' -  - ','EMPRESA','','NO'),(197,483,'MEP','MINISTERIO DE ESPACIO PUBLICO','INACTIVO','2009-06-16 04:29:59','1',' -  - ','GOBIERNO','','NO'),(198,483,'SMU','Subsecretaria de Mantenimiento Urbano','INACTIVO','2009-06-16 04:29:59','1',' -  - ','GOBIERNO','','NO'),(199,483,'DGMRP','Direccion Gral de mantenimiento de la red pluvial','INACTIVO','2009-06-16 04:29:59','1','','GOBIERNO','','NO'),(200,483,'AVEBA','AUDIOVIDEOTECA DE ESCRITORES DE BUENOS AIRES','INACTIVO','2009-06-16 04:29:43','1','Andrés Bello s/nº e Ingeniero Bunge (Parque 3 de Febrero) -  - Tel.: 4786-2733/ 2753','GOBIERNO','audiovideoteca@buenosaires.gov.ar','NO'),(201,482,'AGECBA','AUDITORIA GENERAL DE LA CIUDAD DE BUENOS AIRES','ACTIVO','2009-06-16 04:29:43','1','Avda. Corrientes 640 - Piso 5° -  - Tel: 4321-3700','GOBIERNO','info@agcba.gov.ar','NO'),(202,482,'BCBA','BANCO CIUDAD DE BUENOS AIRES','ACTIVO','2009-06-16 04:29:43','1','Florida 302 -  - Tel.: 4329-8943/8762/8756 Fax: 4329-8729','GOBIERNO','suc111@bancociudad.com.ar','NO'),(203,482,'BEO','BANCO DE ELEMENTOS ORTOPÉDICOS','ACTIVO','2009-06-16 04:29:43','1','Av. Entre Ríos 1492 PB of. 1 -  - Tel.: 4300-5661 / 9761 / 9300','GOBIERNO','banco@buenosaires.gov.ar','NO'),(204,482,'CCA','CANAL CIUDAD ABIERTA','ACTIVO','2009-06-16 04:29:43','1','Sarmiento 1551 2º piso -  - Tel.: 4373-7121','GOBIERNO','canalciudadabierta@buenosaires.gov.ar','NO'),(205,162,'CDNNYA','Consejo de los niños,niñas y adolescentes','ACTIVO','2009-06-16 04:29:43','1','Av. Roque Saenz Peña 547 6ºpiso -  - Tel.: 4331-3232/ 3297','GOBIERNO','consejo@infanciayderechos.gov.ar','NO'),(206,482,'CDT','CENTRO DE DOCUMENTACIÓN TURÍSTICA','ACTIVO','2009-06-16 04:29:43','1','Carlos Pellegrini 217 -  - Tel.: 4322-5989','GOBIERNO','biblioteca_turismo@buenosaires.gov.ar','NO'),(207,482,'CFP','COORDINACIÓN DE FORMACIÓN PROFESIONAL','ACTIVO','2009-06-16 04:29:43','1','Esmeralda 55 4º piso. -  - Tel.: 4339-1853','GOBIERNO','cfp_coordinacion@yahoo.com.ar','NO'),(208,482,'CGC','CAMPO DE GOLF DE LA CIUDAD','ACTIVO','2009-06-16 04:29:43','1','Avda. Tornquist 6397 -  - Tel.: 4772-7576','GOBIERNO','','NO'),(209,482,'CIOBA','CENTRO DE INFORMACIÓN SOBRE ORGANIZACIONES QUE TRA','ACTIVO','2009-06-16 04:29:43','1','Moreno 1170- Subsuelo -  - ','GOBIERNO','ciobasds@yahoo.com.ar','NO'),(210,482,'CMD','CENTRO METROPOLITANO DE DISEÑO','ACTIVO','2009-06-16 04:29:43','1','Villarino 2498 -  - Tel.: 4126-2950','GOBIERNO','info@cmd.org.ar','NO'),(211,482,'COPINE','COPINE','ACTIVO','2009-06-16 04:29:43','1','Av. de Mayo 525 1º piso Oficina 142 -  - Tel.: 4323-9400 int. 2170','GOBIERNO','','NO'),(212,482,'CP','CASA PUERTO','ACTIVO','2009-06-16 04:29:43','1','Curapaligüe 571 -  - Tel.: 4633-3469','GOBIERNO','','NO'),(213,482,'CPAC','CENTRO DE PEDAGOGÍAS DE ANTICIPACIÓN -CEPA','ACTIVO','2009-06-16 04:29:43','1','Av. Santa Fe 4360 5º piso -  - Tel.: 4772-4028 / 4039 / 3768','GOBIERNO','cepa@buenosaires.edu.ar','NO'),(214,482,'CPEC','CONSEJO DE PLANEAMIENTO ESTRATÉGICO COPE','ACTIVO','2009-06-16 04:29:44','1','Bolívar 191 Piso 1º -  - Tel.: 4342-8624','GOBIERNO','planestrategico@buenosaires.gov.ar','NO'),(215,482,'CPPHCCBA','COMISIÓN PARA LA PRESERVACIÓN DEL PATRIMONIO HISTÓ','ACTIVO','2009-06-16 04:29:44','1','Avda. de Mayo 575 5° piso, of. 501 y 505 -  - Tel.: 4323-9437/ 9796','GOBIERNO','patrim_inmaterial_sc@buenosaires.gov.ar','NO'),(216,482,'CPS','COORDINACIÓN DE PROGRAMAS SOCIOEDUCATIVOS','ACTIVO','2009-06-16 04:29:44','1','Esmeralda 55 1º piso -  - Tel.: 4339-1821','GOBIERNO','socioeducativo@buenosaires.gov.ar','NO'),(217,482,'CRS','COORDINACIÓN REDES DE SALUD','ACTIVO','2009-06-16 04:29:44','1','Carlos Pellegrini 313 Piso 11º -  - Tel.: 4323-9000 int. 3906/02','GOBIERNO','','NO'),(218,482,'CSIDA','COORDINACIÓN DE SIDA','ACTIVO','2009-06-16 04:29:44','1','Carlos Pellegrini 313 9° Piso -  - Tel.: 4323-9029/ 9053','GOBIERNO','','NO'),(219,482,'DBA','DEPARTAMENTO DE BECAS ALIMENTARIAS','ACTIVO','2009-06-16 04:29:44','1','Av. Paseo Colón 255 8º piso contrafrente -  - Tel.: 4339-7758','GOBIERNO','becas@buenosaires.gov.ar','NO'),(220,482,'DCI','DIRECCIÓN CONTRALOR DE INSTALACIONES','ACTIVO','2009-06-16 04:29:44','1','C. Pellegrini 211 Piso 3º -  - Tel.: 4326-6291','GOBIERNO','','NO'),(221,482,'DCPYT','DIRECCIÓN DE CAPACITACIÓN PROFESIONAL Y TÉCNICA','ACTIVO','2009-06-16 04:29:44','1','Av. Las Heras 2670, Sánchez de Bustamante 2529 -  - Tel.: 4807-3341','GOBIERNO','dircapsalud@buenosaires.gov.ar','NO'),(222,482,'DEA','DIRECCIÓN DE EDUCACIÓN ARTÍSTICA','ACTIVO','2009-06-16 04:29:44','1','Esmeralda 55 Piso 5º -  - Tel.: 4339-1813','GOBIERNO','daea@buenosaires.edu.ar','NO'),(223,482,'DEMYT','DIRECCIÓN DE EDUCACIÓN MEDIA Y TÉCNICA','ACTIVO','2009-06-16 04:29:44','1','Esmeralda 55 Piso 5º -  - Tel.: 4339-1815/1845','GOBIERNO','daemyt@buenosaires.edu.ar','NO'),(224,482,'DENoF','DEPARTAMENTO DE EDUCACIÓN NO FORMAL','ACTIVO','2009-06-16 04:29:44','1','Esmeralda 55. 5º Piso -  - Tel.: 4339-1837','GOBIERNO','cenf@buenosaires.edu.ar','NO'),(225,482,'DPCBA','DEFENSORÍA DEL PUEBLO DE LA CIUDAD DE BUENOS AIRES','ACTIVO','2009-06-16 04:29:44','1','Venezuela 842 -  - Tel.: 4338-4900 (líneas rotativas)','GOBIERNO','defensoria@defensoria.org.ar','NO'),(226,482,'DT','DEFENSORÍA DEL TURISTA','ACTIVO','2009-06-16 04:29:44','1','Av. P. de Mendoza 1835 -  - Tel.: 4302-7816','GOBIERNO','turista@defensoria.org.ar','NO'),(228,482,'SSDH','SUBSECRETARIA DE DERECHOS HUMANOS','ACTIVO','2009-06-16 04:29:44','1','Moreno 1170, 1º piso -  - Tel: 4124-3410','GOBIERNO','derechoshumanos@buenosaires.gov.ar','NO'),(229,482,'SSGP','SUBSECRETARIA DE GESTION PUBLICA','ACTIVO','2009-06-16 04:29:44','1','Av. de Mayo 591 Piso 1º -  - Tel: 4343-4743','GOBIERNO','','NO'),(230,482,'SSIC','SUBSECRETARIA DE INDUSTRIAS CULTURALES','ACTIVO','2009-06-16 04:29:44','1','Lima 221 2º piso of. 5 -  - Tel: 5371-4990','GOBIERNO','industriasculturales@buenosaires.gov.ar','NO'),(231,482,'SSP','SUBSECRETARIA DE PRODUCCION','ACTIVO','2009-06-16 04:29:44','1','Sarmiento 630 Piso 15º -  - Tel: 4323-9831','GOBIERNO','subproduccion@buenosaires.gov.ar','NO'),(232,482,'SST','SUBSECRETACIA DE TURISMO','ACTIVO','2009-06-16 04:29:44','1','Balcarce 360 Piso 1º -  - Tel: 4114-5724','GOBIERNO','turismo@buenosaires.gov.ar','NO'),(233,482,'UGCYRERAM','UNIDAD DE GESTIÓN DE CONTROL Y REGISTRO DE ESTABLE','ACTIVO','2009-06-16 04:29:44','1','Avda. Juan de Garay 799 -  - Tel: 4300-9827/4307-0294','GOBIERNO','','NO'),(235,162,'AVJG','Vice Jefe de Gobierno','ACTIVO','2009-06-16 04:29:44','1','Av. de Mayo 525 Piso 2º -  - Tel: 4323-9400 Int. 2961/2962 o 4323-9559/9498','GOBIERNO','','NO'),(236,162,'MJGGC','Jefatura de Gabinete de Ministros','ACTIVO','2009-06-16 04:29:44','1','Av. de Mayo 525 Piso 2º of. 201 -  - Tel: 4323-9400 int. 2206/62 4323-9702/03 - Fax: 43','GOBIERNO','hrodriguezlarreta@buenosaires.gov.ar','NO'),(237,236,'UAIMJG','Unidad de auditoria Interna','ACTIVO','2009-06-16 04:29:45','1','','GOBIERNO','','NO'),(238,236,'SSCGEST','S.S.de Control de Gestión','ACTIVO','2009-06-16 04:29:45','1','Av. de Mayo 591 Piso 7º  -  - Tel: 4331-1581 ','GOBIERNO','eduardom@buenosaires.gov.ar','NO'),(239,236,'SSPEST','S.S.Planeamiento Estratégico','ACTIVO','2009-06-16 04:29:45','1','Av. de Mayo 525 -  - Tel: 4323-9400','GOBIERNO','','NO'),(240,236,'SSME','Modernización del Estado','ACTIVO','2009-06-16 04:29:45','1','Av. de Mayo 525 -  - Tel: 4323-9400','GOBIERNO','','NO'),(241,0,'SSATCIU','S.S.de Atención Ciudadana','ACTIVO','2009-06-16 04:29:45','1','Av. Mayo 591 Piso 6º -  - Tel: 4331-4408','GOBIERNO','','NO'),(242,238,'DGTCON','D.G.Tablero de control','ACTIVO','2009-06-16 04:29:45','1','Av. de Mayo 525 -  - Tel: 4323-9400','GOBIERNO','','NO'),(243,239,'DGEGEST','D.G.de Estrategia de la gestión ','ACTIVO','2009-06-16 04:29:45','1','','GOBIERNO','','NO'),(244,240,'DGPRH','D.G.Planeamiento de Recursos Humanos','ACTIVO','2009-06-16 04:29:45','1','','GOBIERNO','','NO'),(245,241,'DGATVEC','D.G.Atencion Vecinal','ACTIVO','2009-06-16 04:29:45','1','Av. de Mayo 525 -  - Tel: 4323-9400','GOBIERNO','','NO'),(246,238,'DGEGAS','D.G.de Evaluación del Gasto','ACTIVO','2009-06-16 04:29:45','1','Av. de Mayo 525 -  - Tel: 4323-9400','GOBIERNO','','NO'),(247,239,'DGPLE','D.G.de Planificación Estrategica ','ACTIVO','2009-06-16 04:29:45','1','','GOBIERNO','','NO'),(248,240,'DGOYSG','D.G.de Organización y Sistemas de Gestión','ACTIVO','2009-06-16 04:29:45','1','','GOBIERNO','','NO'),(249,241,'DGDPCIU','D.G.Descentralización y Participación ciudadana','ACTIVO','2009-06-16 04:29:45','1','Av. de Mayo 525 -  - Tel: 4323-9400','GOBIERNO','','NO'),(250,238,'DGECSS','D.G.de Evaluación de Calidad de Servicios de Salud','ACTIVO','2009-06-16 04:29:59','1','Av. de Mayo 525 -  - Tel: 4323-9400','GOBIERNO','','NO'),(251,238,'DGROCTYAI','D.G.de Relación con Organismos de Control, Transpa','ACTIVO','2009-06-16 04:29:59','1','Av. de Mayo 525 -  - Tel: 4323-9400','GOBIERNO','','NO'),(252,238,'DGSINF','D.G.Sistemas de Información','ACTIVO','2009-06-16 04:29:59','1','Av. de Mayo 525 -  - Tel: 4323-9400','GOBIERNO','','NO'),(253,236,'DGTALMJG','D.G.Tecnica, Adm. Y Legal','ACTIVO','2009-06-16 04:29:59','1','Av. de Mayo 525 -  - Tel: 4323-9400','GOBIERNO','','NO'),(254,162,'MJYSGC','Ministerio de Justicia y Seguridad','ACTIVO','2009-06-16 04:29:59','1','Av. Reg. de los Patricios 1142 Piso 4º -  - Tel: 4323-8900 o 4323-8911 o 4323-9400 Int. 5035/9','GOBIERNO','gmontenegro@buenosaires.gov.ar','NO'),(255,254,'UAIMJYS','Unidad de auditoria Interna','ACTIVO','2009-06-16 04:29:59','1','Av. Reg. de los Patricios 1142 -  - Tel: 4323-8900 o 4323-8911 o 4323-9400 - Fax: 4323','GOBIERNO','','NO'),(256,254,'SSCC','S.S.de Control Comunal','ACTIVO','2009-06-16 04:29:59','1','Av. Reg. de los Patricios 1142 -  - Tel: 4323-8900 o 4323-8911 o 4323-9400 - Fax: 4323','GOBIERNO','','NO'),(257,254,'SSEMERG','S.S de Emergencias','ACTIVO','2009-06-16 04:29:59','1','Av. Reg. De los Patricios 1142 Piso 4º -  - Tel: 4323-8903 o 4323-9400 Int. 5031/5187','GOBIERNO','','NO'),(258,254,'SSJUS','S.S.de Justicia','ACTIVO','2009-06-16 04:30:00','1','Av. Regimiento de Patricios 1142 -  - Tel.: 4323-8900 Int. 5004 Fax: 5164 ','GOBIERNO','','NO'),(259,254,'SSSU','S.S.de Seguridad Urbana','ACTIVO','2009-06-16 04:30:00','1','Av. Regimiento de Patricios 1142 -  - Tel.: 4323-8900 Int. 5004 Fax: 5164 ','GOBIERNO','','NO'),(260,256,'DGHYSA','D.G.Higiene y Seguridad Alimentaría','ACTIVO','2009-06-16 04:30:00','1','Av. Regimiento de Patricios 1142 -  - Tel.: 4323-8900 Int. 5004 Fax: 5164 ','GOBIERNO','','NO'),(261,257,'DGLO','D.G.de Logística','ACTIVO','2009-06-16 04:30:00','1','Av. Regimiento de Patricios 1142 -  - Tel.: 4323-8900 Int. 5004 Fax: 5164 ','GOBIERNO','','NO'),(262,258,'DGRC','D.G.Reg, del Estado Civil y Capac. de las Personas','ACTIVO','2009-06-16 04:30:00','1','Av. Regimiento de Patricios 1142 -  - Tel.: 4323-8900 Int. 5004 Fax: 5164 ','GOBIERNO','','NO'),(263,259,'DGLIC','D.G.de Licencias','ACTIVO','2009-06-16 04:30:00','1','Av. Regimiento de Patricios 1142 -  - Tel.: 4323-8900 Int. 5004 Fax: 5164 ','GOBIERNO','','NO'),(264,256,'DGHP','D.G.Habilitaciones y Permisos','ACTIVO','2009-06-16 04:30:00','1','Av. Regimiento de Patricios 1142 -  - Tel.: 4323-8900 Int. 5004 Fax: 5164 ','GOBIERNO','','NO'),(265,261,'DGDCIV','D.G.Defensa Civil','ACTIVO','2009-06-16 04:30:00','1','Av. Regimiento de Patricios 1142 -  - Tel.: 4323-8900 Int. 5004 Fax: 5164 ','GOBIERNO','','NO'),(266,258,'DGELEC','D.G.Electoral','ACTIVO','2009-06-16 04:30:00','1','Av. Regimiento de Patricios 1142 -  - Tel.: 4323-8900 Int. 5004 Fax: 5164 ','GOBIERNO','','NO'),(267,259,'DGCYSB','D.G.de Custodia y Seguridad de Bienes GCABA','ACTIVO','2009-06-16 04:30:00','1','Av. Regimiento de Patricios 1142 -  - Tel.: 4323-8900 Int. 5004 Fax: 5164 ','GOBIERNO','','NO'),(268,256,'DGFYC','D.G.Fiscalizacion y Control','ACTIVO','2009-06-16 04:30:00','1','Av. Regimiento de Patricios 1142 -  - Tel.: 4323-8900 Int. 5004 Fax: 5164 ','GOBIERNO','','NO'),(270,258,'DGJRYM','D.G.de Justicia, Registro y Mediac.','ACTIVO','2009-06-16 04:30:00','1','Av. Regimiento de Patricios 1142 -  - Tel.: 4323-8900 Int. 5004 Fax: 5164 ','GOBIERNO','','NO'),(271,259,'DGSPR','D.G.Seguridad Privada','ACTIVO','2009-06-16 04:30:00','1','Av. Regimiento de Patricios 1142 -  - Tel.: 4323-8900 Int. 5004 Fax: 5164 ','GOBIERNO','','NO'),(272,256,'DGFYCO','D.G.Fiscalizacion y Control de Obras y Catastro','ACTIVO','2009-06-16 04:30:00','1','Av. Regimiento de Patricios 1142 -  - Tel.: 4323-8900 Int. 5004 Fax: 5164 ','GOBIERNO','','NO'),(274,258,'DGAI','D.G.de Administ. de Infracciones','ACTIVO','2009-06-16 04:30:00','1','Av. Regimiento de Patricios 1142 -  - Tel.: 4323-8900 Int. 5004 Fax: 5164 ','GOBIERNO','','NO'),(276,259,'DGPSPD','D.G.de Politicas de Seguridad y Prevenc.Del Delito','ACTIVO','2009-06-16 04:30:00','1','Av. Regimiento de Patricios 1142 -  - Tel.: 4323-8900 Int. 5004 Fax: 5164 ','GOBIERNO','','NO'),(277,254,'DGTALMJYS','D.G.Técnica, Adm. Y Legal','ACTIVO','2009-06-16 04:30:00','1','Av. Regimiento de Patricios 1142 -  - Tel.: 4323-8900 Int. 5004 Fax: 5164 ','GOBIERNO','','NO'),(278,254,'DGEYTI','D.G.de Estudios y Tecnolog. De la Información','ACTIVO','2009-06-16 04:30:00','1','Av. Regimiento de Patricios 1142 -  - Tel.: 4323-8900 Int. 5004 Fax: 5164 ','GOBIERNO','','NO'),(279,153,'UAIMH','Unidad de auditoria Interna','ACTIVO','2009-06-16 04:30:00','1','Belgrano 836 Piso, 1ºpiso -  - Tel. 4323-9101','GOBIERNO','','NO'),(280,153,'SSGO','S.S.Gestión Operativa','ACTIVO','2009-06-16 04:30:00','1','Belgrano 836 Piso, 1ºpiso -  - Tel. 4323-9101','GOBIERNO','','NO'),(281,153,'SSGEYAF','S.S.de Gestión y Adm. Financiera','ACTIVO','2009-06-16 04:30:00','1','Belgrano 836 Piso, 1ºpiso -  - Tel. 4323-9101','GOBIERNO','','NO'),(282,153,'DGR','D.G.Rentas','ACTIVO','2009-06-16 04:30:00','1','Belgrano 836 Piso, 1ºpiso -  - Tel. 4323-9101','GOBIERNO','','NO'),(283,280,'DGCYC','D.G.Compras y Contrataciones','ACTIVO','2009-06-16 04:30:00','1','Belgrano 836 Piso, 1ºpiso -  - Tel. 4323-9101','GOBIERNO','','NO'),(284,281,'DGTES','D.G.Tesoreria','ACTIVO','2009-06-16 04:30:01','1','Belgrano 836 Piso, 1ºpiso -  - Tel. 4323-9101','GOBIERNO','','NO'),(285,153,'DGTALMH','D.G.Técnica Administrativa y Legal','ACTIVO','2009-06-16 04:30:01','1','Belgrano 836 Piso, 1ºpiso -  - Tel. 4323-9101','GOBIERNO','','NO'),(286,280,'DGINT','D.G.Ingresos no Tributarios','ACTIVO','2009-06-16 04:30:01','1','Belgrano 836 Piso, 1ºpiso -  - Tel. 4323-9101','GOBIERNO','','NO'),(287,281,'DGCG','D.G.Contaduría','ACTIVO','2009-06-16 04:30:01','1','Belgrano 836 Piso, 1ºpiso -  - Tel. 4323-9101','GOBIERNO','','NO'),(288,153,'DGEGRAL','D.G.Escribanía General','ACTIVO','2009-06-16 04:30:01','1','Belgrano 836 Piso, 1ºpiso -  - Tel. 4323-9101','GOBIERNO','','NO'),(289,280,'DGRH','D.G.Administración de RRHH','ACTIVO','2009-06-16 04:30:01','1','Belgrano 836 Piso, 1ºpiso -  - Tel. 4323-9101','GOBIERNO','','NO'),(290,281,'DGOGPP','D.G.Oficina de Gestión Pública y Presupuesto','ACTIVO','2009-06-16 04:30:01','1','Belgrano 836 Piso, 1ºpiso -  - Tel. 4323-9101','GOBIERNO','','NO'),(291,153,'DGESYC','D.G.Estadisticas y Censo','ACTIVO','2009-06-16 04:30:01','1','Belgrano 836 Piso, 1ºpiso -  - Tel. 4323-9101','GOBIERNO','','NO'),(292,280,'DGRP','D.G.de Predeterminación de Precios','ACTIVO','2009-06-16 04:30:01','1','Belgrano 836 Piso, 1ºpiso -  - Tel. 4323-9101','GOBIERNO','','NO'),(293,281,'DGUIAF','D.G.Unididad Informática de Administ. Financiera','ACTIVO','2009-06-16 04:29:41','1','Belgrano 836 Piso, 1ºpiso -  - Tel. 4323-9101','GOBIERNO','','NO'),(294,281,'DGRFIS','D.G.Relaciones Fiscales','ACTIVO','2009-06-16 04:29:41','1','Belgrano 836 Piso, 1ºpiso -  - Tel. 4323-9101','GOBIERNO','','NO'),(295,281,'DGCPUB','D.G.Crédito Público','ACTIVO','2009-06-16 04:29:41','1','Belgrano 836 Piso, 1ºpiso -  - Tel. 4323-9101','GOBIERNO','','NO'),(296,162,'MDSGC','Ministerio de Desarrollo Social','ACTIVO','2009-06-16 04:29:41','1','Moreno 1170 PB -  - Tel: 4124-3400 int. 05/06','GOBIERNO','ebullrich@buenosaires.gov.ar','NO'),(297,296,'UAIMDS','Unidad de auditoria Interna','ACTIVO','2009-06-16 04:29:41','1','Moreno 1170 PB -  - Tel: 4124-3400 int. 05/06','GOBIERNO','','NO'),(298,296,'SSTED','S.S. Tercera Edad','ACTIVO','2009-06-16 04:29:41','1','Av. Entre Ríos 1492, of. 110 y 112. -  - Tel. 4300-9649/ 9659/ 9877.','GOBIERNO','','NO'),(299,296,'SSDEP','S.S.de Deporte','ACTIVO','2009-06-16 04:29:41','1','Cerrito 268 8º y 9º piso -  - Tel: 4010-0300','GOBIERNO','ssdep@buenosaires.gov.ar','NO'),(300,296,'SSFFYC','S.S. de Fortalecim. Familiar y Comunitario','ACTIVO','2009-06-16 04:29:41','1','Av. Entre Ríos 1492 1er Piso Of. 108. -  - Tel. 4300-9610','GOBIERNO','','NO'),(301,296,'SSPSOC','S.S.de Promoción Social','ACTIVO','2009-06-16 04:29:41','1','Av. Entre Ríos 1492 -  - Tel. 4300-9610','GOBIERNO','','NO'),(302,298,'DGPROYS','D.G.de Promocion y Servicios','ACTIVO','2009-06-16 04:29:41','1','Av. Entre Ríos 1492 -  - Tel. 4300-9610','GOBIERNO','','NO'),(303,299,'DGIAD','D.G.Infraestruct. Actividades Deportivas ','ACTIVO','2009-06-16 04:29:41','1','Av. Entre Ríos 1492 -  - Tel. 4300-9610','GOBIERNO','','NO'),(304,300,'DGCPOR','D.G.Ciudadania Porteña','ACTIVO','2009-06-16 04:29:41','1','a-Tucumán 1961 / b-Curapaligüe 525 -  - a-Tel: 4373- 3929/3868/4372-3941 b-Tel: 4631-6179/','GOBIERNO','','NO'),(305,301,'DGFSCIV','D.G.Fortalecimiento de la Sociedad Civil','ACTIVO','2009-06-16 04:29:41','1','Av. Entre Ríos 1492 -  - Tel. 4300-9610','GOBIERNO','','NO'),(306,303,'DGGYPD','D.G.Gestion y Planificación Deportiva','ACTIVO','2009-06-16 04:29:41','1','Av. Entre Ríos 1492 -  - Tel. 4300-9610','GOBIERNO','','NO'),(307,304,'DGSAI','D.G.Atención Inmediata','ACTIVO','2009-06-16 04:29:41','1','Av Amancio Alcorta 1402- Edificio Olivera 1º piso -  - Tel: 4304-0209 / 0337 / 0380 / 6774 / 7019/ 4305-5','GOBIERNO','','NO'),(308,301,'DGSSZO','D.G.Servicios Sociales Zonales','ACTIVO','2009-06-16 04:29:41','1','Entre Rios 1492, 1º piso, oficina 100 -  - Tel. 4300-9642','GOBIERNO','','NO'),(309,296,'DGTALMDS','D.G.Técnica, Administrativa y Legal','ACTIVO','2009-06-16 04:29:41','1','Av. Entre Ríos 1492 -  - Tel. 4300-9610','GOBIERNO','','NO'),(310,300,'DGECS','D.G.Economía Social','ACTIVO','2009-06-16 04:29:41','1','Balcarce 360, 1º piso -  - Tel: 4114-5761/62/67','GOBIERNO','','NO'),(311,301,'DGMUJ','D.G.de la Mujer','ACTIVO','2009-06-16 04:29:41','1','Piedras 1281, 1º piso -  - Te. 4307-5110/6744','GOBIERNO','','NO'),(312,296,'DGINFS','D.G.Infraestruct. Social','ACTIVO','2009-06-16 04:29:41','1','Av. Entre Ríos 1492 -  - Tel. 4300-9610','GOBIERNO','','NO'),(313,301,'DGNYA','D.G.Niñes y Adolescencia','ACTIVO','2009-06-16 04:29:42','1','Cochabamba 1575, 1º piso  -  - Tel. 4300-8675/8649/7974','GOBIERNO','','NO'),(314,296,'CONSOC','Consejo Social','ACTIVO','2009-06-16 04:29:42','1','Carlos Pellegrini 211,  piso 7 -  - Tel: 4323 8000, int 4703 - Línea gratuita directa ','GOBIERNO','','NO'),(315,296,'UIMYE','Unidad de Informac. Monitoreo y Evaluación','ACTIVO','2009-06-16 04:29:42','1','Av. Entre Ríos 1492 -  - Tel. 4300-9610','GOBIERNO','','NO'),(316,301,'ASA','Asistencia Social en Adicciones','ACTIVO','2009-06-16 04:29:42','1','Av. Entre Ríos 1492 -  - Tel. 4300-9610','GOBIERNO','','NO'),(317,301,'UCPJ','Unidad de Coord. De Políticas Juventud','ACTIVO','2009-06-16 04:29:42','1','Av. Entre Ríos 1492 -  - Tel. 4300-9610','GOBIERNO','','NO'),(318,157,'UAIMS','Unidad de auditoria Interna','ACTIVO','2009-06-16 04:29:42','1','','GOBIERNO','','NO'),(319,157,'CAE','Comitè Asesor de Expertos','ACTIVO','2009-06-16 04:29:42','1','Carlos Pellegrini 313 -  - Tel: 4323-9000 Int. 3066/3069/3039/3065 - Fax: 432','GOBIERNO','','NO'),(320,157,'SSAAIS','S.S.Atención Integrada de Salud','ACTIVO','2009-06-16 04:29:42','1','Carlos Pellegrini 313 -  - Tel: 4323-9000 Int. 3066/3069/3039/3065 - Fax: 432','GOBIERNO','','NO'),(321,157,'SSASS','S.S.Administ. del Sist. de Salud','ACTIVO','2009-06-16 04:29:42','1','Carlos Pellegrini 313 -  - Tel: 4323-9000 Int. 3066/3069/3039/3065 - Fax: 432','GOBIERNO','','NO'),(322,320,'DGDYCPS','D.G.de Desarrollo y Capacitacion de Personal de Sa','ACTIVO','2009-06-16 04:29:42','1','Carlos Pellegrini 313 -  - Tel: 4323-9000 Int. 3066/3069/3039/3065 - Fax: 432','GOBIERNO','','NO'),(323,320,'DGRYPS','D.G.de Redes y Progr. de Salud','ACTIVO','2009-06-16 04:29:42','1','Carlos Pellegrini 313 -  - Tel: 4323-9000 Int. 3066/3069/3039/3065 - Fax: 432','GOBIERNO','','NO'),(324,321,'DGADC','D.G.Administ. Contable','ACTIVO','2009-06-16 04:29:42','1','Carlos Pellegrini 313 -  - Tel: 4323-9000 Int. 3066/3069/3039/3065 - Fax: 432','GOBIERNO','','NO'),(325,320,'DGSDS','D.g.de Servicios de Salud','ACTIVO','2009-06-16 04:29:42','1','Carlos Pellegrini 313 -  - Tel: 4323-9000 Int. 3066/3069/3039/3065 - Fax: 432','GOBIERNO','','NO'),(326,321,'DGPLYP','D.G.Planeamiento y Presupuesto','ACTIVO','2009-06-16 04:29:42','1','Carlos Pellegrini 313 -  - Tel: 4323-9000 Int. 3066/3069/3039/3065 - Fax: 432','GOBIERNO','','NO'),(327,321,'DGLTSSASS','D.G.Legal y Tecnica','ACTIVO','2009-06-16 04:29:42','1','Carlos Pellegrini 313 -  - Tel: 4323-9000 Int. 3066/3069/3039/3065 - Fax: 432','GOBIERNO','','NO'),(328,325,'DHJAC','Directores de Hospitales Jefes de Area CESAC','ACTIVO','2009-06-16 04:29:42','1','Carlos Pellegrini 313 -  - Tel: 4323-9000 Int. 3066/3069/3039/3065 - Fax: 432','GOBIERNO','','NO'),(329,323,'PROGS','Programas','ACTIVO','2009-06-16 04:29:42','1','Carlos Pellegrini 313 -  - Tel: 4323-9000 Int. 3066/3069/3039/3065 - Fax: 432','GOBIERNO','','NO'),(330,323,'ESTS','Estadisticas de Salud','ACTIVO','2009-06-16 04:29:42','1','Carlos Pellegrini 313 -  - Tel: 4323-9000 Int. 3066/3069/3039/3065 - Fax: 432','GOBIERNO','','NO'),(331,323,'REDS','Redes','ACTIVO','2009-06-16 04:29:42','1','Carlos Pellegrini 313 -  - Tel: 4323-9000 Int. 3066/3069/3039/3065 - Fax: 432','GOBIERNO','','NO'),(332,162,'MAYEPGC','Ministerio Ambiente y Espacio Público','ACTIVO','2009-06-16 04:29:42','1','Av. Roque Sáenz Peña 570 Piso 6º -  - Tel: 4341-5252/00/53 Int.352/353 Priv. 15-6991-715','GOBIERNO','jppiccardo@buenosaires.gov.ar','NO'),(333,332,'UAIMAYEP','Unidad de auditoria Interna','ACTIVO','2009-06-16 04:29:42','1','Diag. Norte 570 Piso 4º -  - ','GOBIERNO','','NO'),(334,332,'SSMUR','S.S. Mantenimiento Urbano','ACTIVO','2009-06-16 04:29:42','1','Diag. Norte 570 Piso 4º -  - Tel: 4323-9722 / 9660 Priv. 15-6102-3065','GOBIERNO','vicspa@hotmail.com','NO'),(336,332,'SSEP','S.S.de Espacio Público','ACTIVO','2009-06-16 04:29:43','1','Diag. Norte 570 Piso 6º -  - Tel: 15-6486-8014 - 4342-8384 / 4341-5200 Int 110','GOBIERNO','ctramutola@fibertel.com.ar','NO'),(337,332,'SSHU','S.S.de Higiene Urbana','ACTIVO','2009-06-16 04:29:43','1','Cerrito 268 Piso 11º -  - Tel: 15-6486-8014 - 4010-0300 int. 4','GOBIERNO','ggrasso@fibertel.com.ar ','NO'),(338,0,'DGFIME','D.G.Ferias y Mercados','ACTIVO','2009-06-16 04:29:43','1','Esmeralda 351 Piso 1º -  - 4328-8314','GOBIERNO','rberon@buenosaires.gob.ar','NO'),(339,169,'DGPEA','D.G.Politica y Evaluacion Ambiental','INACTIVO','2009-06-16 04:29:43','1','Moreno 1379 Piso 2º -  - Tel: 15-4406-2104 -  4121-7900 int. 119','GOBIERNO','hwalter@buenosaires.gov.ar','NO'),(340,336,'DGPYDES','D.G.Políticas y Desarrollo','ACTIVO','2009-06-16 04:29:43','1',' -  - Tel: 15-4578-1295 - 4342-6003 int135','GOBIERNO','Tomas.palastanga@gmail.com','NO'),(342,0,'DGCEM','D.G.Cementerios','ACTIVO','2009-06-16 04:29:43','1','Guzmán 730 -  - Tel: 4553-0041- Fax: 4553-0041','GOBIERNO','','NO'),(343,169,'DGGAMB','D.G.Gestion Ambiental','INACTIVO','2009-06-16 04:29:43','1','Cerrito 268 Piso 12º -  - Tel: 15-5334-2525 - 4010-0300 int. 13151','GOBIERNO','a_freysse@hotmail.com','NO'),(344,0,'DGRUYA','D.G.Reg.Urbana y Alumbrado','ACTIVO','2009-06-16 04:29:43','1','Independencia 3277 1° piso -  - Tel: 15-5184-7384 - 4932-8874','GOBIERNO','pablo@toso.net.ar','NO'),(345,0,'DGREC','D.G.Reciclado','ACTIVO','2009-06-16 04:29:45','1','Balcarce 362 Piso 4º -  - Tel: 4723-7442 - 4343-3205','GOBIERNO','pfornieles@fibertel.com.ar','NO'),(346,334,'DGEPLU','D.G.Red Pluvial','ACTIVO','2009-06-16 04:29:45','1','','GOBIERNO','','NO'),(349,337,'DGIHU','D.G.Inspeccion de Higiene Urbana','ACTIVO','2009-06-16 04:29:45','1','Varela 555 -  - Tel: 15-4478-0587 - 4010-0300 int.13,132','GOBIERNO','carlosdiazfilgueira@yahoo.es','NO'),(350,334,'DGMEPYMU','D.G.Mantenim. Edif. Público y Mobiliario Urbano','ACTIVO','2009-06-16 04:29:45','1','Dorrego 690 -  - Tel: 15-4437-6692 - 4855-3029','GOBIERNO','adalbene@hotmail.com','NO'),(351,336,'DGATCIU','D.G.Atencion Ciudadana','ACTIVO','2009-06-16 04:29:45','1','Diag. Norte 570 Piso 8º -  - Tel: 15-5642-4145 - 4342-6603 int 220','GOBIERNO','raybar@buenosaires.gov.ar','NO'),(352,0,'DGOEP','D.G.Ordenamiento de Espacio Público','ACTIVO','2009-06-16 04:29:45','1','Carlos Pelligrini 211 Piso5º -  - Tel: 15-5038-8151 - 4323-8162','GOBIERNO','','NO'),(353,334,'DGTALMAEP','D.G.Técnica, Adm. Y Legal','ACTIVO','2009-06-16 04:29:45','1','','GOBIERNO','','NO'),(355,162,'MEGC','Ministerio de Educación','ACTIVO','2009-06-16 04:29:45','1','Paseo Colón 255 Piso 9º -  - 4339-7707 Recepción 4339-7735/7606','GOBIERNO','mnarodowski@buenosaires.gov.ar','NO'),(356,355,'UAIME','Unidad de auditoria Interna','ACTIVO','2009-06-16 04:29:45','1','','GOBIERNO','','NO'),(357,355,'SSIEYCP','S.S.de Inclusión Escolar y Coord. Pedagógica','ACTIVO','2009-06-16 04:29:46','1','Paseo Colón 255 Piso 9º -  - Tel: 4339-7717 o 4323-9400 Int. 7715/16','GOBIERNO','','NO'),(358,355,'SSGEFYAR','S.S.Gestión Econ. Financ. Y Administ. de Recursos','ACTIVO','2009-06-16 04:29:46','1','Paseo Colón 255 Piso 9º -  - Tel: 4339-7765 o 4323-9400 Int. 7761/67','GOBIERNO','','NO'),(359,357,'DGPLED','D.G.Planeamiento Educativo','ACTIVO','2009-06-16 04:29:46','1','Paseo Colón 255 Piso 9º -  - Tel: 4339-7717 o 4323-9400 Int. 7715/16','GOBIERNO','','NO'),(360,358,'DGPYSE','D.G.Proyectos y Servicios a las Escuelas','ACTIVO','2009-06-16 04:29:46','1','Paseo Colón 255 Piso 9º -  - Tel: 4339-7765 o 4323-9400 Int. 7761/67','GOBIERNO','','NO'),(361,355,'DGCLEI','D.G.Coordianción Legal Institucional','ACTIVO','2009-06-16 04:29:46','1','Paseo Colón 255 -  - Tel: 4339-7765 o 4323-9400','GOBIERNO','','NO'),(362,357,'DGEGP','D.G.de Educación de Gestión Estatal','ACTIVO','2009-06-16 04:29:46','1','Paseo Colón 255 Piso 9º -  - Tel: 4339-7717 o 4323-9400 Int. 7715/16','GOBIERNO','','NO'),(363,358,'DGPYCG','D.G.Planificación y Control de Gestión','ACTIVO','2009-06-16 04:29:46','1','Tel: 4339-7765 o 4323-9400 Int. 7761/67 -  - Tel: 4339-7765 o 4323-9400 Int. 7761/67','GOBIERNO','','NO'),(364,358,'DGAR','D.G.Administr.de Recursos','ACTIVO','2009-06-16 04:29:46','1','Paseo Colón 255 Piso 9º -  - Tel: 4339-7717 o 4323-9400 Int. 7715/16','GOBIERNO','','NO'),(365,357,'DGEGE','D.G.de Educación de Gestión Privada','ACTIVO','2009-06-16 04:29:46','1','Paseo Colón 255 Piso 9º -  - Tel: 4339-7717 o 4323-9400 Int. 7715/16','GOBIERNO','','NO'),(366,358,'DGIYE','D.G.de Infraestructura y equipamiento','ACTIVO','2009-06-16 04:29:46','1','Tel: 4339-7765 o 4323-9400 Int. 7761/67 -  - Tel: 4339-7765 o 4323-9400 Int. 7761/67','GOBIERNO','','NO'),(367,358,'DGPDYND','D.G.de Personal Docente y no Docente','ACTIVO','2009-06-16 04:29:46','1','Paseo Colón 255 Piso 9º -  - Tel: 4339-7717 o 4323-9400 Int. 7715/16','GOBIERNO','','NO'),(368,355,'UAPESC','Unidad de Apoyo al Proyecto Escuela','ACTIVO','2009-06-16 04:29:46','1','','GOBIERNO','','NO'),(369,355,'CEPA','Escuela de Capacit. Docente - Centro de Pedagog.de','ACTIVO','2009-06-16 04:29:46','1','','GOBIERNO','','NO'),(370,162,'MDEGC','Ministerio de Desarrollo Económico','ACTIVO','2009-06-16 04:29:46','1','Av. de Mayo 575 , 1º Piso, Oficina 101 -  - Tel. 4323-9440','GOBIERNO','franciscocabrera@buenosaires.gov.ar','NO'),(371,370,'UAIMDE','Unidad de auditoria Interna','ACTIVO','2009-06-16 04:29:46','1','','GOBIERNO','','NO'),(372,370,'SSINV','S.S.de Inversiones','ACTIVO','2009-06-16 04:29:46','1','Lima 221 Piso 2º -  - Tel: 5371-4990','GOBIERNO','','NO'),(373,370,'SSDE','S.S.de Desarrollo Económico','ACTIVO','2009-06-16 04:29:46','1','Sarmiento 630, P iso 15 (frente) -  - Tel: 4323-9831','GOBIERNO','','NO'),(374,370,'SSTR','S.S.de Trabajo','ACTIVO','2009-06-16 04:29:46','1','Lima 221 Piso 3º -  - Tel: 5371-4951','GOBIERNO','','NO'),(375,372,'DGGI','D.G.Gestión de Inversiones','ACTIVO','2009-06-16 04:29:46','1','Lima 221 Piso 2º -  - Tel: 5371-4990','GOBIERNO','','NO'),(376,373,'DGISYT','D.G.Industria. Servicios y Tecnología','ACTIVO','2009-06-16 04:29:46','1','Sarmiento 630, Piso 15 Tel: 4323-9833 -  - Tel: 4323-9833','GOBIERNO','','NO'),(377,374,'DGEMP','D.G.Empleo','ACTIVO','2009-06-16 04:29:47','1','Lima 221 Piso 3º -  - Tel: 5371-4951','GOBIERNO','','NO'),(378,370,'DGTALMDE','D.G. Técnica, Administrativa y legal','ACTIVO','2009-06-16 04:29:47','1','Diag. Norte 570 Piso 4º -  - Tel: 15-4074-7964','GOBIERNO','clegarre@buenosaires.gov.ar','NO'),(379,372,'DGINC','D.G.de Industrias Creativas','ACTIVO','2009-06-16 04:29:47','1','Lima 221, 2º piso of. 5 -  - Tel. 5371-4990','GOBIERNO','','NO'),(380,373,'DGDYPC','D.G.Defensa y Protección del Consumidor','ACTIVO','2009-06-16 04:29:47','1','Esmeralda 340 Buenos Aires -  - Tel. 5382-6234 / 6237 - 0800-999-2727','GOBIERNO','','NO'),(381,374,'DGPDT','D.G.Protección del Trabajo','ACTIVO','2009-06-16 04:29:47','1','Lima 221 Piso 3º -  - Tel: 5371-4951','GOBIERNO','','NO'),(382,370,'DGCOMEXT','D.G.Comercio Exterior','ACTIVO','2009-06-16 04:29:47','1','Lima 221 -  - Tel: 5371-4990','GOBIERNO','','NO'),(383,372,'DGAINV','D.G.Atención al Inversor','ACTIVO','2009-06-16 04:29:47','1','Lima 221 Piso 2º -  - Tel: 5371-4990','GOBIERNO','','NO'),(384,370,'DGCONC','D.G.Concesiones','ACTIVO','2009-06-16 04:29:47','1','Lima 221 -  - Tel: 5371-4990','GOBIERNO','','NO'),(385,370,'CBAS','Corporación Buenos Aires Sur S.E.','ACTIVO','2009-06-16 04:29:47','1','Av. Sáenz (Oeste) 1470/80 -  - Tel: 6314-1200','GOBIERNO','','NO'),(386,370,'SAP','Sociedad Administradora del Puerto','ACTIVO','2009-06-16 04:29:47','1','','GOBIERNO','','NO'),(387,370,'OIC','Programa OIC','ACTIVO','2009-06-16 04:29:47','1','','GOBIERNO','','NO'),(388,370,'MC','Corporación Mercado Central','ACTIVO','2009-06-16 04:29:47','1','Autopista y Boulogne Sur Mer -  - Tel: 4480-5500 - Fax: 4480-5626/5595','GOBIERNO','','NO'),(389,370,'UGIS','Unidad de Gestión Intervención Social','ACTIVO','2009-06-16 04:29:47','1','','GOBIERNO','','NO'),(390,370,'PCIUDAD','Parque de la Ciudad','ACTIVO','2009-06-16 04:29:47','1','Av. Cruz y Av. Escalada  -  - Tel. 4605-2050/59,,Fax: 54/011/4605-9406','GOBIERNO','','NO'),(391,162,'MCGC','Ministerio de Cultura','ACTIVO','2009-06-16 04:29:47','1','Av. de Mayo 575 Piso 2º -  - Tel: 4323-9408/9718 ó 4323-9400 Int. 2790/65 - Fax','GOBIERNO','hlombardi@buenosaires.gov.ar','NO'),(392,391,'UAIMC','Unidad de auditoria Interna','ACTIVO','2009-06-16 04:29:47','1','','GOBIERNO','','NO'),(393,482,'PROTEATRO','Proteatro','ACTIVO','2009-06-16 04:29:47','1','Av. de Mayo 575 Piso 4º -  - Tel: ','GOBIERNO','','NO'),(394,482,'PRODANZA','Prodanza','ACTIVO','2009-06-16 04:29:47','1','','GOBIERNO','','NO'),(395,482,'FMAYC','Fondo Metropolit.de la Cultura, las Artes y las Ci','ACTIVO','2009-06-16 04:29:47','1','Av. de Mayo 575 Subsuelo 1º -  - Tel: 4323-9400 Int. 2931 4323-9444','GOBIERNO','','NO'),(396,482,'CHCEPEG','Com.Honor. Asesora p/ la Calif. de Esp. Públ. Y Ex','ACTIVO','2009-06-16 04:29:47','1',' Sarmiento 1551 Piso 1º -  - Tel: 4374-1251 Int. 2205','GOBIERNO','','NO'),(397,391,'SSPCUL','S.S.Patrimonio Cultural','ACTIVO','2009-06-16 04:29:47','1','Av. de Mayo 575 Piso 2º -  - Tel: 4323-9400 Int. 2705/2881 o 4323-9504','GOBIERNO','','NO'),(398,391,'SSGCUL','S.S.Gestión Cultural','ACTIVO','2009-06-16 04:29:47','1','Av. de Mayo 575 Piso 3º -  - Tel: 4323-9779 o 4323-9400 Int. 2968/98 - Fax: 433','GOBIERNO','','NO'),(399,391,'SSTUR','S.S. de Turismo','ACTIVO','2009-06-16 04:29:47','1','Balcarce 360 Piso 1º -  - Tel: 4114-5724/34/29','GOBIERNO','','NO'),(400,397,'DGM','D.G.Museos','ACTIVO','2009-06-16 04:29:47','1','','GOBIERNO','','NO'),(401,397,'DGPEIH','D.G.Patrimonio e Instituto Histórico','ACTIVO','2009-06-16 04:29:48','1','','GOBIERNO','','NO'),(402,398,'DGEART','D.G.Enseñanza Artistica','ACTIVO','2009-06-16 04:29:48','1','Sarmiento 3401 Piso 3º -  - Tel: 4865-2901/4212/3222 ','GOBIERNO','','NO'),(403,399,'DGDYPT','D.G.Desarrollo y promoción Turística','ACTIVO','2009-06-16 04:29:48','1','','GOBIERNO','','NO'),(404,397,'DGARQUI','D.G.Arquitectura','ACTIVO','2009-06-16 04:29:48','1','Carlos Pellegrini 211 Piso 8º -  - Tel: 4323-8467/8175 o 4323-9400 int. 4271/2 - Fax:','GOBIERNO','','NO'),(405,397,'DGLYPL','D.G. del Libro y Promoción de la Lectura','ACTIVO','2009-06-16 04:29:48','1','','GOBIERNO','','NO'),(406,398,'DGMUS','D.G.Música','ACTIVO','2009-06-16 04:29:48','1','Alsina 936 Piso 2º y 3º -  - Tel: 4331-4373/4376/4360','GOBIERNO','','NO'),(407,399,'DGPCYE','D.G.Promoción de Congresos y Eventos','ACTIVO','2009-06-16 04:29:48','1','','GOBIERNO','','NO'),(408,397,'DGCH','D.G.Casco Histórico','ACTIVO','2009-06-16 04:29:48','1','','GOBIERNO','','NO'),(409,398,'DGPCUL','D.G.Promoción Cultural','ACTIVO','2009-06-16 04:29:48','1','Av. de Mayo 575 Piso 4º Of. 404 -  - Tel: 4323-9670 ó 4323-9400 Int. 2758/59','GOBIERNO','','NO'),(410,391,'DGTALMC','D.G.Técnica, Administrativa y Legal','ACTIVO','2009-06-16 04:29:48','1','','GOBIERNO','','NO'),(411,391,'DGFYEC','D.G.Festivales y Eventos Centrales','ACTIVO','2009-06-16 04:29:48','1','','GOBIERNO','','NO'),(412,391,'CCR','D.G.Centro Cultural Recoleta','ACTIVO','2009-06-16 04:29:48','1','Junín 1930 -  - Tel: 4803-1040/9751/0358/1041','GOBIERNO','','NO'),(413,391,'DGTC','Teatro Colón','ACTIVO','2009-06-16 04:29:48','1','Cerrito 618 -  - Tel: 4378-7114/35/83 - Fax: 4378-7153','GOBIERNO','','NO'),(414,391,'CTBA','D.G.Complejo Teatral de la Ciudad de Bs. As,','ACTIVO','2009-06-16 04:29:48','1','Av. Corrientes 1530 -  - Tel: 0-800-333-5254 - 4374-9377 o 4371-0111 al 06 ','GOBIERNO','dgralctba@teatrosanmartin.com.ar','NO'),(415,391,'CCGSM','D.G.Centro Cultural Gral. San Martín','ACTIVO','2009-06-16 04:29:48','1','Sarmiento 1551 Piso 3º -  - Tel: 4374-6551 o 4374-1251 al 9 Int. 264/152 - Fax','GOBIERNO','mvalcaraz@buenosaires.gov.ar','NO'),(416,162,'MDUGC','Misnisterio de Desarrollo Urbano','ACTIVO','2009-06-16 04:29:48','1','Carlos Pellegrini 211 Piso 9º -  - Tel: 4323-8108 - 4394-5016 o 4323-9400 Int. 4002 F','GOBIERNO','dchain@buenosaires.gov.ar','NO'),(417,416,'UAIMDU','Unidad de auditoria Interna','ACTIVO','2009-06-16 04:29:48','1','','GOBIERNO','','NO'),(418,416,'CPUAN','Consejo plan Urbano Ambiental','ACTIVO','2009-06-16 04:29:48','1','','GOBIERNO','','NO'),(419,416,'SSTRANS','S.S.Transporte','ACTIVO','2009-06-16 04:29:48','1','Carlos Pellegrini 211 Piso 9º -  - Tel: 4328-4847 int: 4375','GOBIERNO','','NO'),(420,416,'SSPUAI','S.S.de Proyectos de Urbanismo, Arquitectura e Infr','ACTIVO','2009-06-16 04:29:48','1','Carlos Pellegrini 211 Piso 8º -  - Tel: 4328-4847 int: 4272 - 4323-8467/8175 o 4323-9','GOBIERNO','','NO'),(421,416,'SSPLAN','S.S.Planeamiento ','ACTIVO','2009-06-16 04:29:48','1','Carlos Pellegrini 211 Piso 8º -  - Tel: 4328-4847 int: 4305/02','GOBIERNO','','NO'),(422,416,'SSIYOP','S.S.de Ingeniería y Obras Públicas','ACTIVO','2009-06-16 04:29:49','1','Carlos Pellegrini 211 Piso 9º -  - Tel: 4328-4847 int: 4030','GOBIERNO','','NO'),(423,419,'DGTRANSI','D.G.Tránsito','ACTIVO','2009-06-16 04:29:49','1','Carlos Pellegrini 271 -  - Tel: 4328-4847 int:4342/43 o 4940','GOBIERNO','','NO'),(424,420,'DGINFU','D.G.de Infraestructura ','ACTIVO','2009-06-16 04:29:49','1','','GOBIERNO','','NO'),(425,421,'DGROC ','D.G.Regístro de Obras y Catastro','ACTIVO','2009-06-16 04:29:49','1','','GOBIERNO','','NO'),(426,422,'DGOING','D.G.de Obras de Ingeniería','ACTIVO','2009-06-16 04:29:49','1','','GOBIERNO','','NO'),(427,0,'DGTRANSP','D.G.Transporte','ACTIVO','2009-06-16 04:29:49','1','Carlos Pellegrini 211 Piso 9º -  - Tel: 4323-8108 int: 4078','GOBIERNO','','NO'),(428,420,'DGPUYA','D.G.Proyectos Urbanos','ACTIVO','2009-06-16 04:29:49','1','','GOBIERNO','','NO'),(429,421,'DGPLAN','D.G.Planeamiento','ACTIVO','2009-06-16 04:29:49','1','','GOBIERNO','','NO'),(430,422,'DGOARQ','D.G.de Obras de Arquitectura','ACTIVO','2009-06-16 04:29:49','1','','GOBIERNO','','NO'),(431,421,'DGIUR','D.G.Interpretac. Urbanistica','ACTIVO','2009-06-16 04:29:49','1','','GOBIERNO','','NO'),(432,416,'DGTALMDU','D.G.Técnica, Administrativa y Legal','ACTIVO','2009-06-16 04:29:49','1','','GOBIERNO','','NO'),(433,0,'DGCIYC','D.G.Coord. Institucional y Comunitaria','ACTIVO','2009-06-16 04:29:49','1',' -  - Tel: 4323-8108 int: 4234','GOBIERNO','','NO'),(434,416,'SBASE','Subterraneo de Buenos Aires','ACTIVO','2009-06-16 04:29:49','1','Agùero 48 -  - Tel: 4323-8108 int: 5106/5807/19/11/03','GOBIERNO','','NO'),(435,416,'AGR','Área de Gestión de la Ribera','ACTIVO','2009-06-16 04:29:49','1','','GOBIERNO','','NO'),(436,416,'CAPM','Corporación Antiguo Puerto Madero','ACTIVO','2009-06-16 04:29:49','1','Olga Cossentini 771 Piso 2º -  - Tel: 4515-4600 - Fax: 4515-4609','GOBIERNO','','NO'),(437,416,'UEEXAU3','Unidad Ejecutora Ex AU3','ACTIVO','2009-06-16 04:29:49','1','Av. Córdoba 5656  -  - Tel: 4776-5894/5810','GOBIERNO','','NO'),(438,482,'AUSA','Autopistas Urbanas S.A.','ACTIVO','2009-06-16 04:29:49','1','Piedras 1260 Edif.  -  - Tel: 4307-2241/5214','GOBIERNO','','NO'),(439,162,'SECLYT','Secretaría Legal y Técnica','ACTIVO','2009-06-16 04:29:49','1','Av. de Mayo 525 Piso 4º Of. 401 -  - Tel: 4323-9765 o 4323-9400 Int. 2940/54','GOBIERNO','pclucellas@buenosaires.gov.ar','NO'),(441,439,'DGTAD','D.G.Técnica y Administrativa','ACTIVO','2009-06-16 04:29:49','1','Av. de Mayo 525 Piso 4º Of. 405 -  - Tel: 4323-9615/9696 Int. 2437 ','GOBIERNO','lauralopez@buenosaires.gov.ar','NO'),(442,439,'DGCL','D.G.Coordinación Legal','ACTIVO','2009-06-16 04:29:49','1','Av. de Mayo 525 Piso 4º Of. 401 -  - Tel: 4323-9750/9765','GOBIERNO','rabalosgorostiaga@buenosaires.gov.ar','NO'),(443,162,'SECPYD','Secretaría de Comunicación Social','ACTIVO','2009-06-16 04:29:49','1','Av. de Mayo 525 Piso 1º Of. 122 -  - 4323-9403/04 o 4323-9400 Int. 2918/2145','GOBIERNO','gcenturion@buenosaires.gov.ar','NO'),(444,443,'DGPLM','D.G.Planeamiento de Medios','ACTIVO','2009-06-16 04:29:49','1','Av. de Mayo 525 Piso 1º Of. 126 -  - Tel: 4323-9782','GOBIERNO','','NO'),(445,443,'DGCPR','D.G.Coordinación de Prensa','ACTIVO','2009-06-16 04:29:50','1','Av. de Mayo 525 Piso 1º Of. 124 -  - Tel: 4323-9503 ','GOBIERNO','','NO'),(446,443,'SCCA','Señal de Cable Ciudad Abierta','ACTIVO','2009-06-16 04:29:50','1','Azcuénaga 714 -  - Tel: 4964-1921/1928','GOBIERNO','','NO'),(447,443,'LS1','LS1 Radio de la Ciudad','ACTIVO','2009-06-16 04:29:50','1','Sarmiento 1551 Piso 8º -  - Tel: 5371-4610 al 13 - Fax: 4343-9188','GOBIERNO','','NO'),(448,162,'SECG','Secretaría General','ACTIVO','2009-06-16 04:29:50','1','Av. de Mayo 525 Piso 1º Of. 118 -  - 4323-9770','GOBIERNO','marcospena@buenosaires.gov.ar','NO'),(449,448,'DGCUL','D.G.Culto','ACTIVO','2009-06-16 04:29:50','1','Av. de Mayo 525 Piso 2º Of. 26 -  - Tel: ','GOBIERNO','','NO'),(450,448,'DGRIYP','D.G.Relaciones Internacionales y protocolo','ACTIVO','2009-06-16 04:29:50','1','Av. de Mayo 525 Piso 2º Of. 214/215 -  - Tel: 4323-9520/9729 o 4323-9400 Int. 2959/2286','GOBIERNO','','NO'),(451,448,'DGRINS','D.G.Relaciones Institucionales','ACTIVO','2009-06-16 04:29:50','1',' Av. de Mayo 525 Piso 1º  -  - Tel: 4323-3400 Int. 2111','GOBIERNO','','NO'),(452,482,'SZONA1','Semáforos Areas 1 y 3 Sutec S.A.','ACTIVO','2009-06-16 04:29:50','1','Carlos Pellegrini 271, P.B -  - Tel. 4323-8111/4327-0624','GOBIERNO','','NO'),(453,482,'SZONA2','Semáforos Areas 4 y 7 Mantelectric I.C.I.S.A.','ACTIVO','2009-06-16 04:29:50','1','Carlos Pellegrini 271, P.B -  - Tel. 4323-8111/4327-0624','GOBIERNO','','NO'),(454,482,'SZONA3','Semáforos Areas 5 y 6 Autotrol S.A.','ACTIVO','2009-06-16 04:29:50','1','Carlos Pellegrini 271, P.B -  - Tel. 4323-8111/4327-0624','GOBIERNO','','NO'),(455,482,'SZONA4','Semáforos Areas 2 Telvent U.T.E.','ACTIVO','2009-06-16 04:29:50','1','Carlos Pellegrini 271, P.B -  - Tel. 4323-8111/4327-0624','GOBIERNO','','NO'),(456,482,'SZONA5','Semáforos Areas 8 y 9 Por Administración','ACTIVO','2009-06-16 04:29:50','1','Carlos Pellegrini 271, P.B -  - Tel. 4323-8111/4327-0624','GOBIERNO','','NO'),(458,482,'RPZONA1','Red Pluvial - ZONA 1 - Soluciones Químicas S.A., O','ACTIVO','2009-06-16 04:29:50','1','Ing. Bunge y Andres Bello s/nº -  - Tel: 15-5178-7894 - 4896-7006','GOBIERNO','givarela@yahoo.com.ar','NO'),(459,482,'RPZONA2','Red Pluvial - ZONA 2 - Automat Argentina S.R.L.','ACTIVO','2009-06-16 04:29:50','1','Ing. Bunge y Andres Bello s/nº -  - Tel: 15-5178-7894 - 4896-7006','GOBIERNO','givarela@yahoo.com.ar','NO'),(460,482,'RPZONA3','Red Pluvial - ZONA 3 - Automat Argentina S.R.L.','ACTIVO','2009-06-16 04:29:50','1','Ing. Bunge y Andres Bello s/nº -  - Tel: 15-5178-7894 - 4896-7006','GOBIERNO','givarela@yahoo.com.ar','NO'),(461,482,'RPZONA4','Red Pluvial - ZONA 4 - Reconstrucción Caños S.A.','ACTIVO','2009-06-16 04:29:50','1','Ing. Bunge y Andres Bello s/nº -  - Tel: 15-5178-7894 - 4896-7006','GOBIERNO','givarela@yahoo.com.ar','NO'),(462,482,'RPZONA5','Red Pluvial - ZONA 5 - Reconstrucción Caños S.A.','ACTIVO','2009-06-16 04:29:50','1','Ing. Bunge y Andres Bello s/nº -  - Tel: 15-5178-7894 - 4896-7006','GOBIERNO','givarela@yahoo.com.ar','NO'),(463,482,'JARDBOT','Jardín Botánico','ACTIVO','2009-06-16 04:29:50','1','Santa Fe 3951 -  - Tel: 4831-4527','GOBIERNO','buenosairesjardin@buenosaires.gov.ar ','NO'),(464,482,'PQUETFREB','Parque Tres de Febrero ','ACTIVO','2009-06-16 04:29:51','1','Avda. Adolfo Berro entre Avda. Sarmiento y Avda. Casares,  -  - Tel: 4800-1135','GOBIERNO','parquetresdefebrero@buenosaires.gov.ar ','NO'),(465,482,'CEMENTERIOS','DG de Cementerios ','ACTIVO','2009-06-16 04:29:51','1','Guzmán 730 piso 1º -  -  (0221)15508-8161 - 4553-0041','GOBIERNO','ramirezbernardo@hotmail.com','NO'),(467,162,'PG','Procuracion general de la Ciudad','ACTIVO','2009-06-16 04:29:51','1','Uruguay 440 Piso 4º Of. 44 -  - 4323-9200 Int. 7469/88 o 4371-9412/4222','GOBIERNO','tonelli@buenosaires.gov.ar','NO'),(469,162,'ERSP','Ente regulador de servicios publicos','ACTIVO','2009-06-16 04:29:51','1',' -  - ','GOBIERNO','','NO'),(470,162,'SGCBA','Sindicatura General de la Ciudad de Buenos Aires','ACTIVO','2009-06-16 04:29:51','1','Carlos Pellegrini 291 Piso 7º -  - 4323-8000 Int. 4982/83 o 4323-8348/49','GOBIERNO','irial@buenosaires.gov.ar','NO'),(471,241,'CCONS','CONSEJO CONSULTIVO','ACTIVO','2009-06-16 04:29:51','1','Av. de Mayo 525 -  - 4323-9400','GOBIERNO','','NO'),(472,241,'CGPC','CGPC','ACTIVO','2009-06-16 04:29:51','1',' -  - ','GOBIERNO','','NO'),(473,240,'EGOS','Escuelas de Gobierno','ACTIVO','2009-06-16 04:29:51','1','Av. de Mayo 525 -  - ','GOBIERNO','','NO'),(474,117,'RECS','Reserva Ecológica Costanera Sur','ACTIVO','2009-06-16 04:29:51','1','Av. Tristán Achával Rodríguez 1550 -  - 4315-1320/4129 o 4893-1853/35 Fax: 4893-1837','GOBIERNO','reserva_cs@buenosaires.gov.ar','NO'),(475,117,'PTF','Parque Tres de Febrero','ACTIVO','2009-06-16 04:29:51','1','Avda. Adolfo Berro entre Avda. Sarmiento y Avda. Casares, -  - 4800-1135','GOBIERNO','parquetresdefebrero@buenosaires.gov.ar','NO'),(476,0,'JBCT','Jardin Botanico Carlos Thays','ACTIVO','2009-06-16 04:29:51','1','Santa Fe 3951 -  - Tel: 4831-4527','GOBIERNO','buenosairesjardin@buenosaires.gov.ar','NO'),(477,0,'APA','Agencia de Protección Ambiental','INACTIVO','2009-06-16 04:29:51','1',' -  - ','GOBIERNO','','NO'),(479,332,'UFIA','Unidad de Formación e Información Ambiental','INACTIVO','2009-06-16 04:29:51','1',' -  - ','GOBIERNO','','NO'),(480,332,'EHU','Ente de Higiene Urbana','ACTIVO','2009-06-16 04:29:51','1','Varela 555 -  - 15-4146-7098 - 4637-8779','GOBIERNO','','NO'),(481,332,'CEAMSE','CEAMSE','ACTIVO','2009-06-16 04:29:51','1','Av.Amancio Alcorta 3000 -  - 4912-6626/27/28','GOBIERNO','vicepresidente@ceamse.gov.ar','NO'),(482,0,'OTROS','Otros organismos','ACTIVO','2009-06-16 04:29:51','1','  -   -  ','GOBIERNO',' ','NO'),(483,0,'OBSOLETOS','Dados de baja','ACTIVO','2009-06-16 04:29:51','1','  -   -  ','GOBIERNO',' ','NO'),(484,0,'HOSP13','HOSP.Gral de Pedriatía \"Juan P. Garraham\"','ACTIVO','2009-06-16 04:29:41','1','Pichincha 1890 -  - 4943-1456','HOSPITAL','','NO'),(485,162,'IVC','INSTITUTO DE LA VIVIENDA','ACTIVO','2009-06-16 04:29:51','1','Carlos Pellegrini 211 Piso 8º -  - 4323-8154','GOBIERNO','rapelbaum@buenosaires.gov.ar','NO'),(486,254,'AGC','AGENCIA GUBERNAMENTAL DE CONTROL','ACTIVO','2009-06-16 04:29:43','1',' -  - ','GOBIERNO','','NO'),(487,254,'UACF','UNIDAD ADMINISTRAT. DE CONTROL DE FALTAS','ACTIVO','2009-06-16 04:29:51','1',' -  - ','GOBIERNO','','NO'),(488,255,'CSPD','CONSEJO DE SEGURIDAD Y PREVENCION DEL DELITO','ACTIVO','2009-06-16 04:29:51','1',' -  - ','GOBIERNO','','NO'),(489,391,'ISA','INSTITUTO SUPERIOR DE ARTE','ACTIVO','2009-06-16 04:29:51','1',' -  - ','GOBIERNO','','NO'),(490,391,'EDT','ENTE DE TURISMO','ACTIVO','2009-06-16 04:29:51','1',' -  - ','GOBIERNO','','NO'),(491,482,'LCBA','LEGISLATURA DE LA CIUDAD DE BUENOS AIRES','ACTIVO','2009-06-16 04:30:01','1','Perú 130 -  - ','GOBIERNO','','NO'),(492,0,'CONSTRUMAN','CONSTRUMAN','ACTIVO','2009-06-16 04:30:01','1',' -  - ','EMPRESA','','NO'),(493,0,'DGA','Dir.Gral de Arbolado','ACTIVO','2009-06-26 16:32:11','1','','GOBIERNO','','NO'),(509,268,'DGFYCEE','Establecimientos Educativos','ACTIVO','2009-06-30 04:16:35','1','','GOBIERNO','','NO'),(510,268,'DGFYCAS','Establecimientos Geriátricos y de Salud','ACTIVO','2009-06-30 04:17:36','1','','GOBIERNO','','NO'),(511,268,'DGFYCEH','Hoteles y pensiones','ACTIVO','2009-06-30 04:18:32','1','','GOBIERNO','','NO'),(512,268,'DGFYCEN','Actividad Nocturna','ACTIVO','2009-06-30 04:19:38','1','','GOBIERNO','','NO'),(513,268,'DGFYCAI','Industrias y Grandes Locales','ACTIVO','2009-06-30 04:20:20','1','','GOBIERNO','','NO'),(514,268,'DGFYCGG','Actividades Generales','ACTIVO','2009-06-30 04:21:03','1','','GOBIERNO','','NO'),(515,268,'DGFYCEM','Eventos Masivos','ACTIVO','2009-06-30 04:22:15','1','','GOBIERNO','','NO'),(517,389,'CGAC','COORDINACION GENERAL ASISTENCIA COMUNITARIA','ACTIVO','2009-08-24 07:33:37','1','','GOBIERNO','','NO');
/*!40000 ALTER TABLE `tic_organismos` ENABLE KEYS */;
UNLOCK TABLES;

--
-- Table structure for table `tic_prestaciones`
--

DROP TABLE IF EXISTS `tic_prestaciones`;
/*!40101 SET @saved_cs_client     = @@character_set_client */;
/*!40101 SET character_set_client = utf8 */;
CREATE TABLE `tic_prestaciones` (
  `tpr_code` varchar(20) NOT NULL,
  `tpr_tipo` varchar(20) NOT NULL,
  `tpr_detalle` varchar(100) DEFAULT NULL,
  `tpr_padre` varchar(20) DEFAULT NULL,
  `tpr_estado` varchar(20) DEFAULT NULL,
  `tpr_tstamp` datetime DEFAULT NULL,
  `use_code` varchar(50) DEFAULT NULL,
  `tpr_ubicacion` varchar(50) DEFAULT NULL,
  `tpr_plazo` varchar(20) DEFAULT NULL,
  `tpr_show` varchar(50) DEFAULT NULL,
  `tpr_metadata` varchar(3000) DEFAULT NULL,
  `tpr_keywords` varchar(500) DEFAULT NULL,
  `tpr_admin` varchar(50) DEFAULT NULL,
  `tpr_al_inicio` varchar(200) DEFAULT NULL,
  `tpr_al_final` varchar(200) DEFAULT NULL,
  `tpr_al_vencimiento` varchar(200) DEFAULT NULL,
  PRIMARY KEY (`tpr_code`,`tpr_tipo`)
) ENGINE=InnoDB DEFAULT CHARSET=latin1;
/*!40101 SET character_set_client = @saved_cs_client */;

--
-- Dumping data for table `tic_prestaciones`
--

LOCK TABLES `tic_prestaciones` WRITE;
/*!40000 ALTER TABLE `tic_prestaciones` DISABLE KEYS */;
INSERT INTO `tic_prestaciones` VALUES ('01','RECLAMO','ARBOLADO','','ACTIVO','2009-06-16 04:30:58','1','DOMICILIO','60 Días','TODOS','','',NULL,NULL,NULL,NULL),('0116','RECLAMO','ESCOMBROS/RESTOS DEJADOS POR TRABAJOS DE ARBOLADO','01','ACTIVO','2009-06-16 04:30:52','1','DOMICILIO','0 Días','TODOS','','',NULL,NULL,NULL,NULL),('0117','RECLAMO','RAMA/S SOBRE CABLE','01','INACTIVO','2009-06-16 04:30:57','1','DOMICILIO','60 Días','TODOS','','',NULL,NULL,NULL,NULL),('0119','RECLAMO','ARBOL DE RIESGO','01','INACTIVO','2009-06-16 04:31:00','1','DOMICILIO','30 Días','TODOS','','',NULL,NULL,NULL,NULL),('0120','RECLAMO','PLAGAS Y/O ENFERMEDADES','01','ACTIVO','2009-06-16 04:31:00','1','DOMICILIO','30 Días','TODOS','','',NULL,NULL,NULL,NULL),('0121','RECLAMO','DESPEJE DE LUMINARIAS','01','INACTIVO','2009-06-16 04:31:00','1','DOMICILIO','15 Días','TODOS','','',NULL,NULL,NULL,NULL),('0122','RECLAMO','CORTE DE RAMAS','01','INACTIVO','2009-06-16 04:31:01','1','DOMICILIO','30 Días','TODOS','','',NULL,NULL,NULL,NULL),('0123','RECLAMO','RAMA/S DE RIESGO','01','INACTIVO','2009-06-16 04:31:01','1','DOMICILIO','30 Días','TODOS','','',NULL,NULL,NULL,NULL),('0124','RECLAMO','PLANTACION','01','ACTIVO','2009-06-16 04:31:01','1','DOMICILIO','30 Días','TODOS','','',NULL,NULL,NULL,NULL),('0125','RECLAMO','EXTRACCION DE ARBOL','01','ACTIVO','2009-06-16 04:31:01','1','DOMICILIO','30 Días','TODOS','','',NULL,NULL,NULL,NULL),('0126','RECLAMO','RETIRO DE RAMAS Y/O TRONCOS POR PODA','01','ACTIVO','2009-06-16 04:31:01','1','DOMICILIO','30 Días','TODOS','','',NULL,NULL,NULL,NULL),('0127','RECLAMO','ARBOLADO URBANO INTEGRAL','01','INACTIVO','2009-06-16 04:31:01','1','DOMICILIO','30 Días','TODOS','INTEGRA TODAS LAS PRESTACIONES DE ARBOLADO','',NULL,NULL,NULL,NULL),('0128','RECLAMO','PODA DE ARBOLES','01','INACTIVO','2009-06-16 04:31:01','1','DOMICILIO','30 Días','TODOS','','',NULL,NULL,NULL,NULL),('0129','RECLAMO','CORTE DE RAICES','01','INACTIVO','2009-06-16 04:31:01','1','DOMICILIO','30 Días','TODOS','','',NULL,NULL,NULL,NULL),('0130','RECLAMO','ARBOL DE RIESGO EN PLAZA','01','INACTIVO','2009-06-16 04:31:01','1','DOMICILIO','30 Días','TODOS','','',NULL,NULL,NULL,NULL),('0131','RECLAMO','RAMA/S DE RIESGO EN PLAZA ','01','INACTIVO','2009-06-16 04:31:01','1','DOMICILIO','30 Días','TODOS','','',NULL,NULL,NULL,NULL),('0132','RECLAMO','CABLE CORTADO POR RAMA','01','INACTIVO','2009-06-16 04:30:57','1','DOMICILIO','30 Días','TODOS','NUEVO','',NULL,NULL,NULL,NULL),('0133','RECLAMO','PROBLEMAS CON OBRAS EN EJECUCION DE ARBOLADO','01','ACTIVO','2009-06-16 04:30:52','1','DOMICILIO','0 Días','TODOS','','',NULL,NULL,NULL,NULL),('0134','RECLAMO','CORTE DE RAICES QUE PRODUCEN ROTURAS','01','ACTIVO','2009-06-16 04:30:56','1','DOMICILIO','30 Días','TODOS','','',NULL,NULL,NULL,NULL),('0135','RECLAMO','PODA DE RAMAS','01','ACTIVO','2009-06-16 04:30:53','1','DOMICILIO','30 Días','TODOS','','',NULL,NULL,NULL,NULL),('0136','RECLAMO','ARBOL / RAMA DE RIESGO','01','ACTIVO','2009-06-16 04:30:53','1','DOMICILIO','30 Días','TODOS','','',NULL,NULL,NULL,NULL),('0137','RECLAMO','CONSULTA SOBRE TEMAS DE ARBOLADO','01','ACTIVO','2009-07-20 04:17:07','1','DOMICILIO','30 Días','','','','',NULL,NULL,NULL),('02','RECLAMO','PAVIMENTO / CALLES','','ACTIVO','2009-06-16 04:30:59','1','DOMICILIO','60 Días','TODOS','','',NULL,NULL,NULL,NULL),('0201','RECLAMO','ANCLAJE EN PAVIMENTO','02','ACTIVO','2009-06-16 04:30:59','1','DOMICILIO','3 Días','TODOS','','',NULL,NULL,NULL,NULL),('0202','RECLAMO','BACHES','02','ACTIVO','2009-06-16 04:30:59','1','DOMICILIO','30 Días','TODOS','','',NULL,NULL,NULL,NULL),('0203','RECLAMO','BACHES DEJADOS P/EMPR. DE SERVICIOS','02','ACTIVO','2009-06-16 04:30:59','1','DOMICILIO','3 Días','TODOS','','',NULL,NULL,NULL,NULL),('0204','RECLAMO','BOCA REGISTRO PLUVIAL ROTA Y/O FALTANTE','02','ACTIVO','2009-06-16 04:30:59','1','DOMICILIO','30 Días','TODOS','','',NULL,NULL,NULL,NULL),('0205','RECLAMO','CONSTRUCCION DE SUMIDEROS','02','INACTIVO','2009-06-16 04:30:59','1','DOMICILIO','30 Días','TODOS','','',NULL,NULL,NULL,NULL),('0206','RECLAMO','ESCOMBROS Y MATERIAL DEJADOS POR BACHEO','02','ACTIVO','2009-06-16 04:30:59','1','DOMICILIO','30 Días','TODOS','','',NULL,NULL,NULL,NULL),('0207','RECLAMO','HUNDIMIENTO DE PAVIMENTO','02','ACTIVO','2009-06-16 04:30:59','1','DOMICILIO','30 Días','TODOS','','',NULL,NULL,NULL,NULL),('0208','RECLAMO','HUNDIMIENTO DE PAVIMENTO P/EMPR. DE SERVICIOS','02','ACTIVO','2009-06-16 04:30:59','1','DOMICILIO','3 Días','TODOS','','',NULL,NULL,NULL,NULL),('0209','RECLAMO','NIVELADO Y PERFILADO DE ZANJAS','02','INACTIVO','2009-06-16 04:30:59','1','DOMICILIO','0 Días','TODOS','','',NULL,NULL,NULL,NULL),('0212','RECLAMO','REJILLA DE SUBTERRANEO ROTA O FALTANTE','02','ACTIVO','2009-06-16 04:30:59','1','DOMICILIO','30 Días','TODOS','','',NULL,NULL,NULL,NULL),('0213','RECLAMO','REJILLA DE SUMIDERO ROTA Y/O FALTANTE','02','ACTIVO','2009-06-16 04:30:59','1','DOMICILIO','30 Días','TODOS','','',NULL,NULL,NULL,NULL),('0214','RECLAMO','RELLENO DE BACHES DE PEQUEÑO PORTE','02','INACTIVO','2009-06-16 04:30:59','1','DOMICILIO','1 Días','TODOS','','',NULL,NULL,NULL,NULL),('0215','RECLAMO','TAPA ROTA Y/O FALTANTE DE AGUAS ARG.','02','INACTIVO','2009-06-16 04:30:59','1','DOMICILIO','30 Días','TODOS','','',NULL,NULL,NULL,NULL),('0216','RECLAMO','TAPA ROTA Y/O FALTANTE DE EDESUR','02','INACTIVO','2009-06-16 04:30:59','1','DOMICILIO','30 Días','TODOS','','',NULL,NULL,NULL,NULL),('0217','RECLAMO','TAPA ROTA Y/O FALTANTE DE METROGAS','02','INACTIVO','2009-06-16 04:30:59','1','DOMICILIO','30 Días','TODOS','','',NULL,NULL,NULL,NULL),('0218','RECLAMO','TAPA ROTA Y/O FALTANTE DE TELECOM','02','INACTIVO','2009-06-16 04:30:59','1','DOMICILIO','30 Días','TODOS','','',NULL,NULL,NULL,NULL),('0219','RECLAMO','TAPA ROTA Y/O FALTANTE DE TELEFONICA ARG.','02','INACTIVO','2009-06-16 04:30:59','1','DOMICILIO','30 Días','TODOS','','',NULL,NULL,NULL,NULL),('0221','RECLAMO','TAPA DE REGISTRO DESNIVELADA','02','ACTIVO','2009-06-16 04:30:57','1','DOMICILIO','3 Días','TODOS','NUEVO','',NULL,NULL,NULL,NULL),('0222','RECLAMO','MANTEN. DE REDUCT.DE VELOCIDAD ASFALTICO','02','ACTIVO','2009-06-16 04:30:57','1','DOMICILIO','30 Días','TODOS','NUEVO','',NULL,NULL,NULL,NULL),('0223','RECLAMO','TAPA ROTA Y/O FALTANTE DE EMPR. DE SERV. PUBLICOS','02','ACTIVO','2009-06-16 04:30:58','1','DOMICILIO','3 Días','TODOS','','',NULL,NULL,NULL,NULL),('0224','RECLAMO','CORDON ROTO Y/O FALTANTE','02','ACTIVO','2009-06-16 04:30:58','1','DOMICILIO','30 Días','TODOS','','',NULL,NULL,NULL,NULL),('0225','RECLAMO','DEMARCACION HORIZONTAL','02','ACTIVO','2009-06-16 04:31:03','1','DOMICILIO','30 Días','TODOS','','',NULL,NULL,NULL,NULL),('0226','RECLAMO','CUNETAS','02','ACTIVO','2009-06-16 04:30:57','1','DOMICILIO','30 Días','TODOS','NUEVO','',NULL,NULL,NULL,NULL),('0227','RECLAMO','PROBLEMAS CON OBRAS EN EJECUCION DE CALZADAS','02','ACTIVO','2009-06-16 04:30:52','1','DOMICILIO','0 Días','TODOS','','',NULL,NULL,NULL,NULL),('0228','RECLAMO','CONSULTA SOBRE TEMAS DE PLUVIALES','02','ACTIVO','2009-07-20 04:20:16','1','DOMICILIO','30 Días','','','','',NULL,NULL,NULL),('0229','RECLAMO','CONSULTA SOBRE TEMAS DE PAVIMENTO','02','ACTIVO','2009-07-20 04:23:02','1','DOMICILIO','30 Días','','','','',NULL,NULL,NULL),('03','RECLAMO','EMERGENCIAS','','ACTIVO','2009-06-16 04:30:59','1','DOMICILIO','60 Días','TODOS','','',NULL,NULL,NULL,NULL),('0301','RECLAMO','BACHES CON PERDIDA DE AGUA','03','ACTIVO','2009-06-16 04:30:59','1','DOMICILIO','30 Días','TODOS','','',NULL,NULL,NULL,NULL),('0302','RECLAMO','BALCONES, MAMPOSTERIA Y/O REVOQUES EN PELIGRO DE CAIDA','03','ACTIVO','2009-06-16 04:30:59','1','DOMICILIO','1 Días','TODOS','','',NULL,NULL,NULL,NULL),('0303','RECLAMO','COLUMNA, CABLES O PAREDES ELECTRIFICADAS','03','ACTIVO','2009-06-16 04:31:00','1','DOMICILIO','30 Días','TODOS','','',NULL,NULL,NULL,NULL),('0304','RECLAMO','CARTELES,CERCOS Y/O MARQUESINAS CAIDOS Y/O POR CAER','03','ACTIVO','2009-06-16 04:31:00','1','DOMICILIO','1 Días','TODOS','','',NULL,NULL,NULL,NULL),('0305','RECLAMO','CERCOS DE SEG.S/HUNDIMIENTOS DE CALZADA Y ACERA','03','ACTIVO','2009-06-16 04:31:00','1','DOMICILIO','1 Días','TODOS','','',NULL,NULL,NULL,NULL),('0306','RECLAMO','COLUMNA DE ALUMBRADO CAIDA Y/O POR CAER','03','ACTIVO','2009-06-16 04:31:00','1','DOMICILIO','30 Días','TODOS','','',NULL,NULL,NULL,NULL),('0307','RECLAMO','COLUMNA DE ALUMBRADO ELECTRIFICADA','03','ACTIVO','2009-06-16 04:31:00','1','DOMICILIO','30 Días','TODOS','','',NULL,NULL,NULL,NULL),('0308','RECLAMO','CONSTRUCCION DE CERCOS EN TERRENOS BALDIOS','03','ACTIVO','2009-06-16 04:31:00','1','DOMICILIO','2 Días','TODOS','','',NULL,NULL,NULL,NULL),('0309','RECLAMO','CONSTRUCCIONES EN PELIGRO','03','ACTIVO','2009-06-16 04:31:00','1','DOMICILIO','1 Días','TODOS','','',NULL,NULL,NULL,NULL),('0310','RECLAMO','CORNISA CAIDA Y/O POR CAER','03','ACTIVO','2009-06-16 04:31:00','1','DOMICILIO','1 Días','TODOS','','',NULL,NULL,NULL,NULL),('0311','RECLAMO','CORTE Y/O RETIRO DE ARBOLES Y RAMAS EN PELIGRO DE CAIDA *EMERGENCIA*','03','ACTIVO','2009-06-16 04:31:00','1','DOMICILIO','30 Días','TODOS','','',NULL,NULL,NULL,NULL),('0312','RECLAMO','DESTAPACION MANUAL DE SUMIDEROS EN CASO DE ANEGAMIENTO *EMERGENCIA*','03','ACTIVO','2009-06-16 04:31:00','1','DOMICILIO','1 Días','TODOS','','',NULL,NULL,NULL,NULL),('0313','RECLAMO','INUNDACION Y ANEGAMIENTO DE CALZADA','03','ACTIVO','2009-06-16 04:31:00','1','DOMICILIO','2 Días','TODOS','','',NULL,NULL,NULL,NULL),('0314','RECLAMO','LIMPIEZA DE CONDUCTOS PLUVIALES','03','ACTIVO','2009-06-16 04:31:00','1','DOMICILIO','30 Días','TODOS','','',NULL,NULL,NULL,NULL),('0315','RECLAMO','PELIGRO DE DERRUMBE','03','ACTIVO','2009-06-16 04:31:00','1','DOMICILIO','1 Días','TODOS','','',NULL,NULL,NULL,NULL),('0316','RECLAMO','PERDIDA DE AGUA EN VIA PUBLICA','03','ACTIVO','2009-06-16 04:31:00','1','DOMICILIO','30 Días','TODOS','','',NULL,NULL,NULL,NULL),('0317','RECLAMO','PERDIDA DE GAS EN VIA PUBLICA','03','ACTIVO','2009-06-16 04:31:00','1','DOMICILIO','30 Días','TODOS','','',NULL,NULL,NULL,NULL),('0318','RECLAMO','POSTE DE VIDEO CABLE CAIDO Y/O POR CAER','03','ACTIVO','2009-06-16 04:31:00','1','DOMICILIO','30 Días','TODOS','','',NULL,NULL,NULL,NULL),('0319','RECLAMO','RES. PELIGROSOS/TOXICOS/PATOGENOS/CONTAMINANTES','03','ACTIVO','2009-06-16 04:31:00','1','DOMICILIO','0 Días','TODOS','','',NULL,NULL,NULL,NULL),('0320','RECLAMO','SUMIDEROS Y ALCANTARILLAS TAPADAS','03','ACTIVO','2009-06-16 04:31:00','1','DOMICILIO','0 Días','TODOS','','',NULL,NULL,NULL,NULL),('0321','RECLAMO','RESIDUOS PELIGROSOS EN VIA PUBLICA','03','INACTIVO','2009-06-16 04:31:00','1','DOMICILIO','30 Días','TODOS','','',NULL,NULL,NULL,NULL),('0322','RECLAMO','RETIRO DE POSTES EN PELIGRO DE CAIDA','03','ACTIVO','2009-06-16 04:31:00','1','DOMICILIO','3 Días','TODOS','','',NULL,NULL,NULL,NULL),('04','RECLAMO','ESPACIO PUBLICO','','ACTIVO','2009-06-16 04:31:00','1','DOMICILIO','60 Días','TODOS','','',NULL,NULL,NULL,NULL),('0414','RECLAMO','OCUPACION INDEBIDA DEL ESPACIO PUBLICO','04','INACTIVO','2009-06-16 04:30:58','1','DOMICILIO','30 Días','TODOS','','',NULL,NULL,NULL,NULL),('0415','RECLAMO','OCUPACIÓN INDEBIDA DEL ESP. PUB. P/ INDIGENTES','04','INACTIVO','2009-06-16 04:30:51','1','DOMICILIO','30 Días','TODOS','','',NULL,NULL,NULL,NULL),('0416','RECLAMO','OCUPACIÓN INDEBIDA ESP. PUB. P/LOCALES COMERCIALES','04','ACTIVO','2009-06-16 04:30:51','1','DOMICILIO','3 Días','TODOS','','',NULL,NULL,NULL,NULL),('0421','RECLAMO','APERTURAS P/ SERV. PUBLICOS EN VEREDA','04','INACTIVO','2009-06-16 04:30:57','1','DOMICILIO','60 Días','TODOS','NUEVO','',NULL,NULL,NULL,NULL),('0422','RECLAMO','APERTURAS P/ SERV. PUBLICOS EN PAVIMENTO','04','INACTIVO','2009-06-16 04:30:57','1','DOMICILIO','60 Días','TODOS','NUEVO','',NULL,NULL,NULL,NULL),('0423','RECLAMO','PUESTOS DE DIARIOS','04','ACTIVO','2009-06-16 04:30:57','1','DOMICILIO','3 Días','TODOS','NUEVO','',NULL,NULL,NULL,NULL),('0424','RECLAMO','PUESTOS DE FLORES','04','ACTIVO','2009-06-16 04:30:57','1','DOMICILIO','3 Días','TODOS','NUEVO','',NULL,NULL,NULL,NULL),('0425','RECLAMO','MESAS Y SILLAS EN VEREDAS','04','ACTIVO','2009-06-16 04:30:57','1','DOMICILIO','3 Días','TODOS','NUEVO','',NULL,NULL,NULL,NULL),('0426','RECLAMO','ANUNCIOS PUBLICITARIOS','04','ACTIVO','2009-06-16 04:30:57','1','DOMICILIO','3 Días','TODOS','NUEVO','',NULL,NULL,NULL,NULL),('0427','RECLAMO','MARQUESINAS / TOLDOS','04','ACTIVO','2009-06-16 04:30:57','1','DOMICILIO','3 Días','TODOS','NUEVO','',NULL,NULL,NULL,NULL),('0428','RECLAMO','TENDIDO AÉREO - CABLEADO','04','ACTIVO','2009-06-16 04:30:57','1','DOMICILIO','5 Días','TODOS','NUEVO','',NULL,NULL,NULL,NULL),('0429','RECLAMO','PERMISOS DE FILMACION','04','ACTIVO','2009-06-16 04:30:57','1','DOMICILIO','3 Días','TODOS','NUEVO','',NULL,NULL,NULL,NULL),('0431','RECLAMO','CIERRES MAL HECHOS P/SERV. PUBLICOS EN VEREDAS','04','ACTIVO','2009-06-16 04:30:57','1','DOMICILIO','3 Días','TODOS','NUEVO','',NULL,NULL,NULL,NULL),('0432','RECLAMO','CIERRES MAL HECHOS P/SERV. PUBLICOS EN PAVIMENTO','04','ACTIVO','2009-06-16 04:30:57','1','DOMICILIO','3 Días','TODOS','NUEVO','',NULL,NULL,NULL,NULL),('0433','RECLAMO','ESCOMBROS DEJADOS POR EL G.C.B.A.','04','INACTIVO','2009-06-16 04:30:59','1','DOMICILIO','30 Días','TODOS','','',NULL,NULL,NULL,NULL),('0434','RECLAMO','ESCOMBROS O TIERRA DEJADA P/EMPR. DE SERV. PUBLICOS','04','ACTIVO','2009-06-16 04:30:59','1','DOMICILIO','30 Días','TODOS','','',NULL,NULL,NULL,NULL),('0435','RECLAMO','PINTADAS DISCRIMINATORIAS','04','ACTIVO','2009-06-16 04:30:55','1','DOMICILIO','30 Días','TODOS','INDIQUE LA UBICACION DE LA PINTADAS DISCRIMINATORIAS','',NULL,NULL,NULL,NULL),('0436','RECLAMO','CONSULTA SOBRE TEMAS DE ORD. DEL ESP. PÚBLICO','04','ACTIVO','2009-07-20 04:24:49','1','DOMICILIO','30 Días','','','','',NULL,NULL,NULL),('05','RECLAMO','ALUMBRADO EN CALLES,PLAZAS,PLAZOLETAS Y/O BOULEVARES','','ACTIVO','2009-06-16 04:31:01','1','DOMICILIO','3 Días','TODOS','','',NULL,NULL,NULL,NULL),('0501','RECLAMO','ALUMBRADO ENCENDIDO PERMANENTE','05','ACTIVO','2009-06-16 04:31:01','1','DOMICILIO','3 Días','TODOS','','',NULL,NULL,NULL,NULL),('0502','RECLAMO','ARTEFACTO LUMINICO ROTO Y/O FALTANTE','05','ACTIVO','2009-06-16 04:31:01','1','DOMICILIO','3 Días','TODOS','','',NULL,NULL,NULL,NULL),('0503','RECLAMO','CABLE DE ALUMBRADO CORTADO Y/O CAIDO','05','ACTIVO','2009-06-16 04:31:01','1','DOMICILIO','3 Días','TODOS','','',NULL,NULL,NULL,NULL),('0504','RECLAMO','LIMPIEZA DE ARTEFACTO LUMINICO','05','ACTIVO','2009-06-16 04:31:01','1','DOMICILIO','3 Días','TODOS','','',NULL,NULL,NULL,NULL),('0505','RECLAMO','TAPA DE CAJA DE LUZ EN COLUMNA FALTANTE O DETERIORADA','05','ACTIVO','2009-06-16 04:31:01','1','DOMICILIO','3 Días','TODOS','','',NULL,NULL,NULL,NULL),('0506','RECLAMO','LUMINARIAS APAGADAS','05','ACTIVO','2009-06-16 04:31:01','1','DOMICILIO','3 Días','TODOS','','',NULL,NULL,NULL,NULL),('0507','RECLAMO','REFUERZO DE ALUMBRADO PUBLICO','05','ACTIVO','2009-06-16 04:31:01','1','DOMICILIO','0 Días','TODOS','','',NULL,NULL,NULL,NULL),('0508','RECLAMO','DESPEJE DE LUMINARIAS','05','INACTIVO','2009-06-16 04:31:01','1','DOMICILIO','10 Días','TODOS','','',NULL,NULL,NULL,NULL),('0509','RECLAMO','TOMA DE ENERGIA SOBRE PARED FALTANTE O DETERIORADA','05','ACTIVO','2009-06-16 04:30:57','1','DOMICILIO','3 Días','TODOS','NUEVO','',NULL,NULL,NULL,NULL),('0510','RECLAMO','COLUMNA DE ALUMBRADO/PARED/CABLE ELECTRIFICADOS','05','INACTIVO','2009-06-16 04:30:58','1','DOMICILIO','30 Días','TODOS','','',NULL,NULL,NULL,NULL),('0511','RECLAMO','CONSULTA SOBRE TEMAS DE ALUMBRADO','05','ACTIVO','2009-07-20 04:26:13','1','DOMICILIO','30 Días','','','','',NULL,NULL,NULL),('06','RECLAMO','SANEAMIENTO URBANO','','ACTIVO','2009-06-16 04:31:01','1','DOMICILIO','10 Días','TODOS','','',NULL,NULL,NULL,NULL),('0601','RECLAMO','ANIMALES DOMESTICOS MUERTOS EN VIA PUBLICA','06','ACTIVO','2009-06-16 04:31:01','1','DOMICILIO','0 Días','TODOS','','',NULL,NULL,NULL,NULL),('0602','RECLAMO','BARRIDO DEFICIENTE Y/O FALTANTE','06','ACTIVO','2009-06-16 04:31:02','1','DOMICILIO','1 Días','TODOS','','',NULL,NULL,NULL,NULL),('0603','RECLAMO','BORRADO DE LEYENDAS PINTADAS SOBRE MUROS','06','ACTIVO','2009-06-16 04:31:02','1','DOMICILIO','1 Días','TODOS','','',NULL,NULL,NULL,NULL),('0604','RECLAMO','CASAS y/o TERRENOS ABANDONADAS','06','ACTIVO','2009-06-16 04:31:02','1','DOMICILIO','30 Días','TODOS','Solo Inspecciones','',NULL,NULL,NULL,NULL),('0605','RECLAMO','COLOCACION CARTELES PROHIBIDO ARROJAR BASURA','06','INACTIVO','2009-06-16 04:31:02','1','DOMICILIO','30 Días','TODOS','','',NULL,NULL,NULL,NULL),('0606','RECLAMO','DESRATIZAR, DESINS/DESINF EN TERRENOS BALD O V.PUB','06','ACTIVO','2009-06-16 04:31:02','1','DOMICILIO','30 Días','TODOS','','',NULL,NULL,NULL,NULL),('0607','RECLAMO','RESTOS DE OBRAS/DEMOLICIÓN DOMIC. EMBOL. H/ 500KG','06','ACTIVO','2009-06-16 04:31:02','1','DOMICILIO','3 Días','TODOS','El retiro de monticulos mayores a 1 m3 son requeridos al Ente de Higiene Urbana','',NULL,NULL,NULL,NULL),('0608','RECLAMO','HIGIENIZACION PREDIOS DEL G.C.B.A. (TERRENOS BALDIOS)','06','INACTIVO','2009-06-16 04:31:02','1','DOMICILIO','30 Días','TODOS','Solo Inspecciones','',NULL,NULL,NULL,NULL),('0609','RECLAMO','HIGIENIZACION PREDIOS PARTICULARES (TERRENOS BALDIOS)','06','INACTIVO','2009-06-16 04:31:02','1','DOMICILIO','30 Días','TODOS','','',NULL,NULL,NULL,NULL),('0610','RECLAMO','MALOS OLORES O GASES TOXICOS EN VIA PUBLICA','06','ACTIVO','2009-06-16 04:31:02','1','DOMICILIO','30 Días','TODOS','','',NULL,NULL,NULL,NULL),('0611','RECLAMO','MONTICULO DE RESIDUOS','06','INACTIVO','2009-06-16 04:31:02','1','DOMICILIO','30 Días','TODOS','','',NULL,NULL,NULL,NULL),('0612','RECLAMO','OBRA EN CONSTRUCCION ABANDONADA','06','ACTIVO','2009-06-16 04:31:02','1','DOMICILIO','30 Días','TODOS','','',NULL,NULL,NULL,NULL),('0613','RECLAMO','PLAGAS (AVISPAS, ABEJAS, DENGUE, OTROS INSECTOS)','06','ACTIVO','2009-06-16 04:31:02','1','DOMICILIO','30 Días','TODOS','','',NULL,NULL,NULL,NULL),('0614','RECLAMO','FALTA DE VACIADO DE CESTO PAPELERO','06','ACTIVO','2009-06-16 04:31:02','1','DOMICILIO','1 Días','TODOS','','',NULL,NULL,NULL,NULL),('0615','RECLAMO','RECOLECCIÓN DE BOLSAS DEL PRODUCIDO DEL BARRIDO','06','ACTIVO','2009-06-16 04:31:02','1','DOMICILIO','1 Días','TODOS','','',NULL,NULL,NULL,NULL),('0616','RECLAMO','RECOLECCION DE RES. DOMIC. Y/U OMISION DE RECOLEC.','06','ACTIVO','2009-06-16 04:31:02','1','DOMICILIO','1 Días','TODOS','','',NULL,NULL,NULL,NULL),('0617','RECLAMO','RESIDUOS FUERA DE HORARIO EN VIA PUBLICA','06','ACTIVO','2009-06-16 04:31:02','1','DOMICILIO','30 Días','TODOS','','',NULL,NULL,NULL,NULL),('0618','RECLAMO','RETIRO DE AFICHES Y/O PASACALLES EN LA VIA PUBLICA','06','ACTIVO','2009-06-16 04:31:02','1','DOMICILIO','3 Días','TODOS','','',NULL,NULL,NULL,NULL),('0619','RECLAMO','RETIRO DE CRUZACALLES','06','INACTIVO','2009-06-16 04:31:02','1','DOMICILIO','3 Días','TODOS','','',NULL,NULL,NULL,NULL),('0620','RECLAMO','RETIRO DE ESTRUCTURAS PORTANTES DE CARTELERA','06','INACTIVO','2009-06-16 04:31:02','1','DOMICILIO','3 Días','TODOS','','',NULL,NULL,NULL,NULL),('0621','RECLAMO','RETIRO DE RESTOS DE VERDES DE JARDINES Y/O INMUEB.','06','ACTIVO','2009-06-16 04:31:02','1','DOMICILIO','3 Días','TODOS','','',NULL,NULL,NULL,NULL),('0622','RECLAMO','RUIDOS MOLESTOS COMERCIALES','06','ACTIVO','2009-06-16 04:31:02','1','DOMICILIO','30 Días','TODOS','prestacion dada de baja por pertenecer al sistema unico de denuncias del G.C.B.A. por pedido del organismo correspondiente.','',NULL,NULL,NULL,NULL),('0623','RECLAMO','VOLQUETES ABANDONADOS O MAL DISPUESTOS EN VIA PUB.','06','ACTIVO','2009-06-16 04:31:02','1','DOMICILIO','30 Días','TODOS','','',NULL,NULL,NULL,NULL),('0624','RECLAMO','PINTADAS DE FRENTE','06','INACTIVO','2009-06-16 04:31:03','1','DOMICILIO','30 Días','TODOS','','',NULL,NULL,NULL,NULL),('0625','RECLAMO','PASACALLES AMURADOS EN ARBOL O COLUMNA','06','INACTIVO','2009-06-16 04:31:03','1','DOMICILIO','30 Días','TODOS','','',NULL,NULL,NULL,NULL),('0626','RECLAMO','RUIDOS MOLESTOS PARTICULARES','06','INACTIVO','2009-06-16 04:31:03','1','DOMICILIO','30 Días','TODOS','','',NULL,NULL,NULL,NULL),('0627','RECLAMO','RESIDUOS VOLUMINOSOS','06','ACTIVO','2009-06-16 04:31:03','1','DOMICILIO','3 Días','TODOS','','',NULL,NULL,NULL,NULL),('0628','RECLAMO','FALTA DE VACIADO DE CONTENEDORES','06','ACTIVO','2009-06-16 04:31:03','1','DOMICILIO','1 Días','TODOS','','',NULL,NULL,NULL,NULL),('0629','RECLAMO','FALTA DE LIMPIEZA DE CONTENEDOR','06','ACTIVO','2009-06-16 04:31:03','1','DOMICILIO','1 Días','TODOS','','',NULL,NULL,NULL,NULL),('0630','RECLAMO','CAMBIO DE UBICACION DE CONTENEDOR','06','INACTIVO','2009-06-16 04:31:03','1','DOMICILIO','30 Días','TODOS','','',NULL,NULL,NULL,NULL),('0631','RECLAMO','FALTA DE REPOSICION DE CONTENEDOR','06','INACTIVO','2009-06-16 04:31:03','1','DOMICILIO','30 Días','TODOS','','',NULL,NULL,NULL,NULL),('0632','RECLAMO','MAL USO DE CONTENEDORES','06','INACTIVO','2009-06-16 04:31:03','1','DOMICILIO','1 Días','TODOS','(ESCOMBROS - VOLUMINOSOS - VERDES)','',NULL,NULL,NULL,NULL),('0633','RECLAMO','OMISIÓN DE RECOLECCIÓN','06','INACTIVO','2009-06-16 04:30:51','1','DOMICILIO','1 Días','TODOS','','',NULL,NULL,NULL,NULL),('0634','RECLAMO','LIMPIEZA DE VEREDAS DE CASAS ABANDONADAS','06','INACTIVO','2009-06-16 04:30:51','1','DOMICILIO','30','TODOS','','',NULL,NULL,NULL,NULL),('0635','RECLAMO','NRO UNIDAD DE RECOLECCON QUE DESPIDE MALOS OLORES','06','ACTIVO','2009-06-16 04:30:51','1','DOMICILIO','0 Días','TODOS','','',NULL,NULL,NULL,NULL),('0636','RECLAMO','DISEMINACION DE RESIDUOS','06','ACTIVO','2009-06-16 04:30:51','1','DOMICILIO','2 Días','TODOS','','',NULL,NULL,NULL,NULL),('0637','RECLAMO','PERSONAL EMPRESA TOMANDO BEBIDAS ALCOHOLICAS','06','ACTIVO','2009-06-16 04:30:54','1','DOMICILIO','0 Días','TODOS','','',NULL,NULL,NULL,NULL),('0638','RECLAMO','PERSONAL DE EMPRESA SIN INDUMENTARIA REGLAMENTARIA','06','ACTIVO','2009-06-16 04:30:54','1','DOMICILIO','2 Días','TODOS','','',NULL,NULL,NULL,NULL),('0639','RECLAMO','NRO.UNIDAD D/EMPR. QUE INCUMPLE NORMAS D/TRÁNSITO','06','ACTIVO','2009-06-16 04:30:55','1','DOMICILIO','0 Días','TODOS','','',NULL,NULL,NULL,NULL),('0640','RECLAMO','PERS. EMPRESA SOLICITA DADIVAS Y/O VENTA DE BOLSAS','06','ACTIVO','2009-06-16 04:30:55','1','DOMICILIO','0 Días','TODOS','','',NULL,NULL,NULL,NULL),('0641','RECLAMO','NRO. UNIDAD C/PERDIDA LIQUIDO/FALTA LONA COBERTURA','06','ACTIVO','2009-06-16 04:30:51','1','DOMICILIO','0 Días','TODOS','','',NULL,NULL,NULL,NULL),('0642','RECLAMO','CESTOS PAPELEROS DAÑADOS','06','ACTIVO','2009-06-16 04:30:51','1','DOMICILIO','30 Días','TODOS','','',NULL,NULL,NULL,NULL),('0643','RECLAMO','SOLICITUD DE INSTALACIÓN DE CESTO PAPELERO','06','ACTIVO','2009-06-16 04:30:51','1','DOMICILIO','30 Días','TODOS','','',NULL,NULL,NULL,NULL),('0644','RECLAMO','FALTA DE LIMPIEZA DE CESTO PAPELERO','06','ACTIVO','2009-06-16 04:30:51','1','DOMICILIO','1 Días','TODOS','','',NULL,NULL,NULL,NULL),('0645','RECLAMO','FALTA DE REPOSICION DE CESTO PAPELERO','06','ACTIVO','2009-06-16 04:30:51','1','DOMICILIO','30 Días','TODOS','','',NULL,NULL,NULL,NULL),('0646','RECLAMO','FALTA LA TAPA DEL CONTENEDOR','06','ACTIVO','2009-06-16 04:30:51','1','DOMICILIO','30 Días','TODOS','','',NULL,NULL,NULL,NULL),('0647','RECLAMO','REPOSICION DE CONTENEDOR EN ZONAS CONTENERIZADAS','06','ACTIVO','2009-06-16 04:30:54','1','DOMICILIO','30 Días','TODOS','','',NULL,NULL,NULL,NULL),('0648','RECLAMO','PERROS PELIGROSOS SIN BOZAL','06','ACTIVO','2009-06-16 04:30:55','1','DOMICILIO','2 Días','TODOS','','',NULL,NULL,NULL,NULL),('0649','RECLAMO','PERROS SIN CORREA','06','ACTIVO','2009-06-16 04:30:51','1','DOMICILIO','2 Días','TODOS','','',NULL,NULL,NULL,NULL),('0650','RECLAMO','DEYECCIONES DE ANIMALES DOMESTICOS EN VIA PUBL.','06','ACTIVO','2009-06-16 04:30:55','1','DOMICILIO','2 Días','TODOS','','',NULL,NULL,NULL,NULL),('0651','RECLAMO','PERROS ATADOS A ARBOLES Y/O MOBILIARIO URBANO','06','ACTIVO','2009-06-16 04:30:54','1','DOMICILIO','2 Días','TODOS','','',NULL,NULL,NULL,NULL),('0652','RECLAMO','PARTICULAR CON MAS DE 3 CANES','06','ACTIVO','2009-06-16 04:30:51','1','DOMICILIO','2 Días','TODOS','','',NULL,NULL,NULL,NULL),('0653','RECLAMO','PASEADOR CON MAS DE 8 CANES','06','ACTIVO','2009-06-16 04:30:51','1','DOMICILIO','2 Días','TODOS','','',NULL,NULL,NULL,NULL),('0654','RECLAMO','LIMPIEZA DE CALZADA DE TUNELES Y VIADUCTOS','06','ACTIVO','2009-06-16 04:30:52','1','DOMICILIO','1 Días','TODOS','','',NULL,NULL,NULL,NULL),('0655','RECLAMO','FALTA DE HIGIENE EN ACERA O CALZADA','06','INACTIVO','2009-06-16 04:30:52','1','DOMICILIO','30','TODOS','','',NULL,NULL,NULL,NULL),('0656','RECLAMO','LAVADO DE ACERA FUERA DE HORA','06','INACTIVO','2009-06-16 04:30:55','1','DOMICILIO','30','TODOS','','',NULL,NULL,NULL,NULL),('0657','RECLAMO','HIGIENIZACION DE ESP.PUB. OCUPADOS P/RECUPERADORES','06','INACTIVO','2009-06-16 04:30:55','1','DOMICILIO','30','TODOS','','',NULL,NULL,NULL,NULL),('0658','RECLAMO','LIMPIEZA DE ESP.PUB. P/ FALTA DE HIGIENE','06','INACTIVO','2009-06-16 04:30:52','1','DOMICILIO','30','TODOS','','',NULL,NULL,NULL,NULL),('0659','RECLAMO','Escombros domiciliarios en la vía publica','06','ACTIVO','2009-06-16 04:30:56','1','DOMICILIO','30 Días','TODOS','','',NULL,NULL,NULL,NULL),('0660','RECLAMO','Disposición o arrojo de poda de privados en la vía','06','ACTIVO','2009-06-16 04:30:56','1','DOMICILIO','30 Días','TODOS','','',NULL,NULL,NULL,NULL),('066001','RECLAMO','Vuelco a cielo abierto','0660','INACTIVO','2009-06-16 04:30:56','1','DOMICILIO','30','TODOS','','',NULL,NULL,NULL,NULL),('0661','RECLAMO','Vuelco a cielo abierto','06','ACTIVO','2009-06-16 04:30:56','1','DOMICILIO','30 Días','TODOS','','',NULL,NULL,NULL,NULL),('0662','RECLAMO','Aguas servidas','06','INACTIVO','2009-06-16 04:30:56','1','DOMICILIO','30 Días','TODOS','','',NULL,NULL,NULL,NULL),('0663','RECLAMO','Asentamientos precarios en espacios verdes','06','INACTIVO','2009-06-16 04:30:56','1','DOMICILIO','30 Días','TODOS','','',NULL,NULL,NULL,NULL),('0664','RECLAMO','Arrojo de residuos en la vía publica','06','ACTIVO','2009-06-16 04:30:56','1','DOMICILIO','30 Días','TODOS','','',NULL,NULL,NULL,NULL),('0665','RECLAMO','Avispas o abejas.','06','INACTIVO','2009-06-16 04:30:54','1','DOMICILIO','30 Días','TODOS','','',NULL,NULL,NULL,NULL),('0666','RECLAMO','Incumplimiento de separación de residuos en orgien','06','ACTIVO','2009-06-16 04:30:54','1','DOMICILIO','30 Días','TODOS','','',NULL,NULL,NULL,NULL),('0667','RECLAMO','Fijación de afiches en lugares no permitidos','06','ACTIVO','2009-06-16 04:30:54','1','DOMICILIO','30 Días','TODOS','','',NULL,NULL,NULL,NULL),('0668','RECLAMO','Acopio de materiales reciclables de Recuperadores','06','INACTIVO','2009-06-16 04:30:54','1','DOMICILIO','30 Días','TODOS','','',NULL,NULL,NULL,NULL),('0669','RECLAMO','Asentamientos de Recuperadores Urbanos en espacios','06','ACTIVO','2009-06-16 04:30:54','1','DOMICILIO','30 Días','TODOS','','',NULL,NULL,NULL,NULL),('0670','RECLAMO','Limp e Higiene esp púb. ocupados por Recuperadores','06','ACTIVO','2009-06-16 04:30:54','1','DOMICILIO','30 Días','TODOS','','',NULL,NULL,NULL,NULL),('0671','RECLAMO','CONSULTA SOBRE TEMAS DE LIMPIEZA','06','ACTIVO','2009-07-20 04:27:25','1','DOMICILIO','30 Días','','','','',NULL,NULL,NULL),('0672','RECLAMO','CONSULTA SOBRE TEMAS DE INSP. DE HIG. URBANA','06','ACTIVO','2009-07-20 04:28:43','1','DOMICILIO','30 Días','','','','',NULL,NULL,NULL),('07','RECLAMO','TRANSPORTE Y TRANSITO','','ACTIVO','2009-06-16 04:31:03','1','DOMICILIO','10 Días','TODOS','','',NULL,NULL,NULL,NULL),('0701','RECLAMO','CAJA DE SEMAFOROS CHOCADA Y/O CAIDA','07','ACTIVO','2009-06-16 04:31:03','1','DOMICILIO','30 Días','TODOS','','',NULL,NULL,NULL,NULL),('0702','RECLAMO','CAJA DE SEMAFOROS RUIDOSA','07','ACTIVO','2009-06-16 04:31:03','1','DOMICILIO','30 Días','TODOS','','',NULL,NULL,NULL,NULL),('0703','RECLAMO','COLOCACION DE CARTELES VIALES','07','INACTIVO','2009-06-16 04:31:03','1','DOMICILIO','30 Días','TODOS','','',NULL,NULL,NULL,NULL),('0704','RECLAMO','COLUMNA DE SEMAFORO CAIDA/CHOCADA','07','ACTIVO','2009-06-16 04:31:03','1','DOMICILIO','30 Días','TODOS','','',NULL,NULL,NULL,NULL),('0706','RECLAMO','DEMARCACION VERTICAL-CARTELES TRANSITO','07','INACTIVO','2009-06-16 04:31:03','1','DOMICILIO','30 Días','TODOS','','',NULL,NULL,NULL,NULL),('0707','RECLAMO','ESTACIONAMIENTO INDEBIDO DE VEHICULOS','07','ACTIVO','2009-06-16 04:31:03','1','DOMICILIO','10 Días','TODOS','','',NULL,NULL,NULL,NULL),('0708','RECLAMO','INDICADOR DE CALLES CAIDO O DETERIORADO','07','ACTIVO','2009-06-16 04:31:03','1','DOMICILIO','0 Días','TODOS','','',NULL,NULL,NULL,NULL),('0709','RECLAMO','INDICADOR DE COLECTIVOS DETERIORADO','07','ACTIVO','2009-06-16 04:31:03','1','DOMICILIO','30 Días','TODOS','','',NULL,NULL,NULL,NULL),('0710','RECLAMO','INSTALACION DE REFUGIO DE PARADA DE COLECTIVO','07','ACTIVO','2009-06-16 04:31:03','1','DOMICILIO','30 Días','TODOS','','',NULL,NULL,NULL,NULL),('0711','RECLAMO','INSTALACION DE SEMAFOROS ESCOLAR','07','ACTIVO','2009-06-16 04:31:03','1','DOMICILIO','30 Días','TODOS','','',NULL,NULL,NULL,NULL),('0712','RECLAMO','INSTALACION DE SEMAFOROS PEATONAL','07','ACTIVO','2009-06-16 04:31:03','1','DOMICILIO','30 Días','TODOS','','',NULL,NULL,NULL,NULL),('0713','RECLAMO','INSTALACION DE SEMAFOROS VEHICULAR','07','ACTIVO','2009-06-16 04:31:03','1','DOMICILIO','30 Días','TODOS','','',NULL,NULL,NULL,NULL),('0714','RECLAMO','INSTALACION REFUGIO PARA TAXI','07','ACTIVO','2009-06-16 04:31:03','1','DOMICILIO','30 Días','TODOS','','',NULL,NULL,NULL,NULL),('0715','RECLAMO','REDUCTORES DE VELOCIDAD','07','ACTIVO','2009-06-16 04:31:03','1','DOMICILIO','30 Días','TODOS','','',NULL,NULL,NULL,NULL),('0716','RECLAMO','REFUGIO DE COLECTIVOS DETERIORADO','07','ACTIVO','2009-06-16 04:31:03','1','DOMICILIO','30 Días','TODOS','','',NULL,NULL,NULL,NULL),('0717','RECLAMO','REFUGIO DE TAXI DETERIORADO','07','ACTIVO','2009-06-16 04:31:04','1','DOMICILIO','30 Días','TODOS','','',NULL,NULL,NULL,NULL),('0718','RECLAMO','AGENCIAS DE REMISES','07','ACTIVO','2009-06-16 04:31:04','1','DOMICILIO','30 Días','TODOS','','',NULL,NULL,NULL,NULL),('0719','RECLAMO','SEMAFORO CON LAMPARAS QUEMADAS','07','ACTIVO','2009-06-16 04:31:04','1','DOMICILIO','30 Días','TODOS','','',NULL,NULL,NULL,NULL),('0720','RECLAMO','SEMAFORO CON VISERAS ROTAS Y/O FALTANTES','07','ACTIVO','2009-06-16 04:31:04','1','DOMICILIO','30 Días','TODOS','','',NULL,NULL,NULL,NULL),('0721','RECLAMO','SEMAFORO PEATONAL APAGADO','07','ACTIVO','2009-06-16 04:31:04','1','DOMICILIO','30 Días','TODOS','','',NULL,NULL,NULL,NULL),('0722','RECLAMO','SEMAFORO TITILANTE','07','ACTIVO','2009-06-16 04:31:04','1','DOMICILIO','30 Días','TODOS','','',NULL,NULL,NULL,NULL),('0723','RECLAMO','SEMAFORO VIRADO','07','ACTIVO','2009-06-16 04:31:04','1','DOMICILIO','30 Días','TODOS','','',NULL,NULL,NULL,NULL),('0724','RECLAMO','SEMAFOROS APAGADOS','07','ACTIVO','2009-06-16 04:31:04','1','DOMICILIO','30 Días','TODOS','','',NULL,NULL,NULL,NULL),('0725','RECLAMO','SEMAFOROS DISCOORDINADOS','07','ACTIVO','2009-06-16 04:31:04','1','DOMICILIO','30 Días','TODOS','','',NULL,NULL,NULL,NULL),('0726','RECLAMO','FISCALIZACION DE TAXIS','07','ACTIVO','2009-06-16 04:31:04','1','DOMICILIO','30 Días','TODOS','','',NULL,NULL,NULL,NULL),('0727','RECLAMO','FISCALIZACION DE TRANSPORTE ESCOLAR','07','ACTIVO','2009-06-16 04:31:04','1','DOMICILIO','30 Días','TODOS','','',NULL,NULL,NULL,NULL),('0728','RECLAMO','VEHICULOS ABANDONADOS EN VIA PUBLICA LEY 342','07','ACTIVO','2009-06-16 04:31:04','1','DOMICILIO','30 Días','TODOS','','',NULL,NULL,NULL,NULL),('0729','RECLAMO','CONTROL FOTOGRAFICO DE INFRACCIONES','07','ACTIVO','2009-06-16 04:31:04','1','DOMICILIO','5 Días','TODOS','bRINDA INFORMACION AL RESPECTO','',NULL,NULL,NULL,NULL),('0730','RECLAMO','INFRACCIONES DE TRANSITO EN GENERAL','07','ACTIVO','2009-06-16 04:31:04','1','DOMICILIO','30 Días','TODOS','','',NULL,NULL,NULL,NULL),('0731','RECLAMO','INSTALACION SEMAFORICA DAÑADA O CHOCADA','07','ACTIVO','2009-06-16 04:30:52','1','DOMICILIO','30 Días','TODOS','','',NULL,NULL,NULL,NULL),('0732','RECLAMO','CONTROL DE AVISADOR SONORO PARA NO VIDENTES','07','ACTIVO','2009-06-16 04:30:52','1','DOMICILIO','30 Días','TODOS','','',NULL,NULL,NULL,NULL),('0733','RECLAMO','FALLA EN EQUIPO CONTROLADOR DE SEMAFORO','07','ACTIVO','2009-06-16 04:30:52','1','DOMICILIO','30 Días','TODOS','','',NULL,NULL,NULL,NULL),('0734','RECLAMO','COLUMNA DE SEMAFORO FUERA DE PLOMO','07','ACTIVO','2009-06-16 04:30:52','1','DOMICILIO','30 Días','TODOS','','',NULL,NULL,NULL,NULL),('0735','RECLAMO','COLOCACION DE CARTEL ESCOLAR INTELIGENTE','07','ACTIVO','2009-06-16 04:30:52','1','DOMICILIO','30 Días','TODOS','','',NULL,NULL,NULL,NULL),('0736','RECLAMO','INSTALACION DE SEÑALES PEATONALES','07','ACTIVO','2009-06-16 04:30:53','1','DOMICILIO','30 Días','TODOS','','',NULL,NULL,NULL,NULL),('0737','RECLAMO','INSTALACION DE SEÑALES VEHICULARES','07','ACTIVO','2009-06-16 04:30:55','1','DOMICILIO','30 Días','TODOS','','',NULL,NULL,NULL,NULL),('0738','RECLAMO','LAMPARAS QUEMADAS EN SEMAFORO','07','ACTIVO','2009-06-16 04:30:55','1','DOMICILIO','30 Días','TODOS','','',NULL,NULL,NULL,NULL),('0739','RECLAMO','VISERA ROTA,FALTANTE O DAÑADA EN SEMAFORO','07','ACTIVO','2009-06-16 04:30:53','1','DOMICILIO','30 Días','TODOS','','',NULL,NULL,NULL,NULL),('0740','RECLAMO','INSTALACION SEMAFORICA EN TITILANTE','07','ACTIVO','2009-06-16 04:30:53','1','DOMICILIO','30 Días','TODOS','','',NULL,NULL,NULL,NULL),('0741','RECLAMO','ORIENTAR SEMAFORO','07','ACTIVO','2009-06-16 04:30:53','1','DOMICILIO','30 Días','TODOS','','',NULL,NULL,NULL,NULL),('0742','RECLAMO','INSTALACION SEMAFORICA APAGADA','07','ACTIVO','2009-06-16 04:30:53','1','DOMICILIO','30 Días','TODOS','','',NULL,NULL,NULL,NULL),('0743','RECLAMO','INSTALACION SEMAFORICA FUERA DE SINCRONISMO','07','ACTIVO','2009-06-16 04:30:55','1','DOMICILIO','30 Días','TODOS','','',NULL,NULL,NULL,NULL),('0744','RECLAMO','COLOCACION DE CARTELES VIALES','07','ACTIVO','2009-06-16 04:30:55','1','DOMICILIO','30 Días','TODOS','','',NULL,NULL,NULL,NULL),('0745','RECLAMO','DEMARCACION VERTICAL CARTELES DE TRANSITO','07','ACTIVO','2009-06-16 04:30:53','1','DOMICILIO','30 Días','TODOS','','',NULL,NULL,NULL,NULL),('0746','RECLAMO','INDICADOR DE CALLE CAIDO O DETERIORADO','07','ACTIVO','2009-06-16 04:30:53','1','DOMICILIO','30 Días','TODOS','','',NULL,NULL,NULL,NULL),('0747','RECLAMO','REDUCTORES DE VELOCIDAD','07','ACTIVO','2009-06-16 04:30:53','1','DOMICILIO','30 Días','TODOS','','',NULL,NULL,NULL,NULL),('08','RECLAMO','HACIENDA Y FINANZAS','','INACTIVO','2009-06-16 04:31:04','1','DOMICILIO','10 Días','TODOS','','',NULL,NULL,NULL,NULL),('0801','RECLAMO','AVALUO INMOBILIARIO','08','INACTIVO','2009-06-16 04:31:04','1','DOMICILIO','30 Días','TODOS','','',NULL,NULL,NULL,NULL),('09','RECLAMO','PLAZAS','','ACTIVO','2009-06-16 04:31:04','1','DOMICILIO','60 Días','TODOS','','',NULL,NULL,NULL,NULL),('0903','RECLAMO','CORTE Y LIMPIEZA DE CESPED','09','ACTIVO','2009-06-16 04:31:04','1','DOMICILIO','30 Días','TODOS','','',NULL,NULL,NULL,NULL),('0904','RECLAMO','ESPACIOS OCUPADOS SIN AUTORIZACION EN PLAZAS','09','INACTIVO','2009-06-16 04:31:04','1','DOMICILIO','30 Días','TODOS','','',NULL,NULL,NULL,NULL),('0905','RECLAMO','HIGIENE EN ESPACIOS VERDES','09','ACTIVO','2009-06-16 04:31:04','1','DOMICILIO','30 Días','TODOS','','',NULL,NULL,NULL,NULL),('0906','RECLAMO','REPARACIÓN Y MANTENIMIENTO DE PATIOS DE JUEGOS','09','ACTIVO','2009-06-16 04:31:04','1','DOMICILIO','30 Días','TODOS','','',NULL,NULL,NULL,NULL),('0907','RECLAMO','REPARACION Y MANTENIMIENTO EN PLAZAS','09','ACTIVO','2009-06-16 04:31:04','1','DOMICILIO','30 Días','TODOS','','',NULL,NULL,NULL,NULL),('0908','RECLAMO','SABOTAJE EN MONUMENTOS Y OBRAS DE ARTE','09','ACTIVO','2009-06-16 04:31:04','1','DOMICILIO','30 Días','TODOS','','',NULL,NULL,NULL,NULL),('0909','RECLAMO','MANTENIMIENTO INTEGRAL DE ESPACIOS VERDES','09','ACTIVO','2009-06-16 04:31:04','1','DOMICILIO','30 Días','TODOS','','',NULL,NULL,NULL,NULL),('0910','RECLAMO','REPARACION EN PLAZAS ','09','INACTIVO','2009-06-16 04:31:04','1','DOMICILIO','30 Días','TODOS','','',NULL,NULL,NULL,NULL),('0913','RECLAMO','GUARDIANES DE PLAZA','09','ACTIVO','2009-06-16 04:30:57','1','DOMICILIO','30 Días','TODOS','NUEVO','',NULL,NULL,NULL,NULL),('0918','RECLAMO','FUENTES','09','ACTIVO','2009-06-16 04:30:57','1','DOMICILIO','30 Días','TODOS','','',NULL,NULL,NULL,NULL),('0919','RECLAMO','CONSULTA SOBRE TEMAS DE PLAZAS','09','ACTIVO','2009-07-20 04:30:24','1','DOMICILIO','30 Días','','','','',NULL,NULL,NULL),('10','RECLAMO','ACERAS','','ACTIVO','2009-06-16 04:30:58','1','DOMICILIO','30 Días','TODOS','','',NULL,NULL,NULL,NULL),('1012','RECLAMO','ACERAS ROTAS','10','ACTIVO','2009-06-16 04:30:58','1','DOMICILIO','60 Días','TODOS','','',NULL,NULL,NULL,NULL),('1013','RECLAMO','ACERAS ROTAS EN PLAZA','10','INACTIVO','2009-06-16 04:30:58','1','DOMICILIO','30 Días','TODOS','','',NULL,NULL,NULL,NULL),('1014','RECLAMO','ACERAS ROTAS POR ACCION DEL TIEMPO','10','INACTIVO','2009-06-16 04:30:58','1','DOMICILIO','30 Días','TODOS','','',NULL,NULL,NULL,NULL),('1015','RECLAMO','ACERAS ROTAS POR ALUMBRADO PUBLICO','10','ACTIVO','2009-06-16 04:30:58','1','DOMICILIO','45 Días','TODOS','','',NULL,NULL,NULL,NULL),('1016','RECLAMO','ACERAS ROTAS POR RAICES','10','INACTIVO','2009-06-16 04:30:58','1','DOMICILIO','30 Días','TODOS','','',NULL,NULL,NULL,NULL),('1017','RECLAMO','ACERAS ROTAS P/EMPR. DE SERVICIOS','10','ACTIVO','2009-06-16 04:30:58','1','DOMICILIO','3 Días','TODOS','','',NULL,NULL,NULL,NULL),('1018','RECLAMO','ACERAS ROTAS P/EMPR. DE CABLE','10','ACTIVO','2009-06-16 04:30:58','1','DOMICILIO','3 Días','TODOS','','',NULL,NULL,NULL,NULL),('1019','RECLAMO','ACERAS ROTAS POR SEMAFOROS','10','ACTIVO','2009-06-16 04:30:58','1','DOMICILIO','30 Días','TODOS','','',NULL,NULL,NULL,NULL),('1020','RECLAMO','ANCLAJE EN ACERA','10','ACTIVO','2009-06-16 04:30:58','1','DOMICILIO','3 Días','TODOS','','',NULL,NULL,NULL,NULL),('1021','RECLAMO','RAMPA P/DISCAPACITADOS DETERIORADA','10','ACTIVO','2009-06-16 04:30:58','1','DOMICILIO','30 Días','TODOS','','',NULL,NULL,NULL,NULL),('1022','RECLAMO','COLOCACION DE RAMPA P/DISCAPACITADOS','10','ACTIVO','2009-06-16 04:30:58','1','DOMICILIO','30 Días','TODOS','','',NULL,NULL,NULL,NULL),('1023','RECLAMO','ESCOMBROS DEJADOS POR ARREGLO DEL PRYMA','10','ACTIVO','2009-06-16 04:30:58','1','DOMICILIO','30 Días','TODOS','','',NULL,NULL,NULL,NULL),('1024','RECLAMO','PUENTE DE TRANSITO VEHICULAR DETERIORADO','10','ACTIVO','2009-06-16 04:30:59','1','DOMICILIO','30 Días','TODOS','','',NULL,NULL,NULL,NULL),('1025','RECLAMO','PUENTE PEATONAL DETERIORADO','10','ACTIVO','2009-06-16 04:30:59','1','DOMICILIO','30 Días','TODOS','','',NULL,NULL,NULL,NULL),('1026','RECLAMO','MANTENIMIENTO DE TUNELES Y VIADUCTOS','10','ACTIVO','2009-06-16 04:30:51','1','DOMICILIO','30 Días','TODOS',' ','',NULL,NULL,NULL,NULL),('1027','RECLAMO','PROBLEMAS CON OBRAS EN EJECUCION DE VEREDAS','10','ACTIVO','2009-06-16 04:30:52','1','DOMICILIO','0 Días','TODOS','','',NULL,NULL,NULL,NULL),('1028','RECLAMO','CONSULTA SOBRE TEMAS DE ACERAS','10','ACTIVO','2009-07-20 04:31:32','1','DOMICILIO','30 Días','','','','',NULL,NULL,NULL),('11','RECLAMO','MOBILIARIO URBANO','','ACTIVO','2009-06-16 04:30:58','1','DOMICILIO','30 Días','TODOS','','',NULL,NULL,NULL,NULL),('1102','RECLAMO','REPARACION DE BANCOS EN PARQUES Y PLAZAS','11','ACTIVO','2009-06-16 04:30:58','1','DOMICILIO','30 Días','TODOS','','',NULL,NULL,NULL,NULL),('1103','RECLAMO','REPARACION O CAMBIO DE CESTOS EN PARQUES Y PLAZAS','11','ACTIVO','2009-06-16 04:30:58','1','DOMICILIO','30 Días','TODOS','','',NULL,NULL,NULL,NULL),('1104','RECLAMO','REPARACION DE REJAS EN PARQUES Y PLAZAS','11','ACTIVO','2009-06-16 04:30:58','1','DOMICILIO','30 Días','TODOS','','',NULL,NULL,NULL,NULL),('1105','RECLAMO','COLOCACION DE REFUGIOS EN PARADAS DE COLECTIVOS','11','ACTIVO','2009-06-16 04:30:58','1','DOMICILIO','30 Días','TODOS','','',NULL,NULL,NULL,NULL),('1106','RECLAMO','RELOJES PUBLICOS DETERIORADOS O CAIDOS','11','ACTIVO','2009-06-16 04:30:58','1','DOMICILIO','1 Días','TODOS','','',NULL,NULL,NULL,NULL),('1107','RECLAMO','REPOSICION DE REFUGIOS EN PARADAS DE COLECTIVOS','11','INACTIVO','2009-06-16 04:30:55','1','DOMICILIO','30','TODOS','','',NULL,NULL,NULL,NULL),('1108','RECLAMO','CONSULTA SOBRE TEMAS DE MOBILIARIO URBANO','11','ACTIVO','2009-07-20 04:32:35','1','DOMICILIO','30 Días','','','','',NULL,NULL,NULL),('12','RECLAMO','SEGURIDAD','','ACTIVO','2009-06-16 04:30:54','1','DOMICILIO','30','TODOS','','',NULL,NULL,NULL,NULL),('1201','RECLAMO','USURPACIONES','12','ACTIVO','2009-06-16 04:30:55','1','DOMICILIO','30 Días','TODOS','','',NULL,NULL,NULL,NULL),('1202','RECLAMO','ZONAS INSEGURAS','12','ACTIVO','2009-06-16 04:30:55','1','DOMICILIO','30 Días','TODOS','','',NULL,NULL,NULL,NULL),('1203','RECLAMO','DAÑO AL MEDIO AMBIENTE','12','INACTIVO','2009-06-16 04:30:51','1','DOMICILIO','30','TODOS','','',NULL,NULL,NULL,NULL),('1204','RECLAMO','VANDALISMO EN GENERAL','12','INACTIVO','2009-06-16 04:30:51','1','DOMICILIO','30','TODOS','','',NULL,NULL,NULL,NULL),('1205','RECLAMO','ACCIONAR DE PANDILLAS','12','INACTIVO','2009-06-16 04:30:51','1','DOMICILIO','30','TODOS','','',NULL,NULL,NULL,NULL),('1206','RECLAMO','SOLICITUD DE PRESENCIA POLICIAL','12','ACTIVO','2009-06-16 04:30:51','1','DOMICILIO','30 Días','TODOS','','',NULL,NULL,NULL,NULL),('1207','RECLAMO','INCUMPLIMIENTO DE SERVICIO DE VIGILANCIA','12','ACTIVO','2009-06-16 04:30:55','1','DOMICILIO','30 Días','TODOS','','',NULL,NULL,NULL,NULL),('1208','RECLAMO','ILUMINACION DEFICIENTE EN ZONA PELIGROSA','12','ACTIVO','2009-06-16 04:30:55','1','DOMICILIO','30 Días','TODOS','','',NULL,NULL,NULL,NULL),('1209','RECLAMO','CUIDACOCHES NO REGISTRADOS','12','ACTIVO','2009-06-16 04:30:51','1','DOMICILIO','30 Días','TODOS','','',NULL,NULL,NULL,NULL),('1210','RECLAMO','PRESENCIA DE EXTRAÑOS','12','INACTIVO','2009-06-16 04:30:51','1','DOMICILIO','30','TODOS','','',NULL,NULL,NULL,NULL),('13','RECLAMO','RECUPERADORES','','ACTIVO','2009-06-16 04:30:52','1','DOMICILIO','30','TODOS','','',NULL,NULL,NULL,NULL),('1301','RECLAMO','BOLSAS DE RESIDUOS ROTAS POR RECUPERADORES','13','ACTIVO','2009-06-16 04:30:52','1','DOMICILIO','30 Días','TODOS','','',NULL,NULL,NULL,NULL),('1302','RECLAMO','CARROS DE RECUP. QUE INTERRUMPEN EL TRANSITO','13','ACTIVO','2009-06-16 04:30:52','1','DOMICILIO','30 Días','TODOS','','',NULL,NULL,NULL,NULL),('1303','RECLAMO','PLANTA DE RECICLADO EN ZONA NO PREVISTA','13','ACTIVO','2009-06-16 04:30:52','1','DOMICILIO','30 Días','TODOS','','',NULL,NULL,NULL,NULL),('1304','RECLAMO','CAMIONES DE RECUP. QUE INTERRUMPEN EL TRANSITO','13','ACTIVO','2009-06-16 04:30:52','1','DOMICILIO','30 Días','TODOS','','',NULL,NULL,NULL,NULL),('1305','RECLAMO','RESIDUOS DISPERSOS EN LA VIA PUBLICA POR RECUP.','13','ACTIVO','2009-06-16 04:30:52','1','DOMICILIO','30 Días','TODOS','','',NULL,NULL,NULL,NULL),('1306','RECLAMO','CONSULTAS SOBRE TEMAS DE RECUPERADORES','13','ACTIVO','2009-07-20 04:34:04','1','DOMICILIO','30 Días','','','','',NULL,NULL,NULL),('14','RECLAMO','DESARROLLO URBANO','','ACTIVO','2009-06-16 04:30:52','1','DOMICILIO','30','TODOS','','',NULL,NULL,NULL,NULL),('1401','RECLAMO','RECLAMO POR CONSTRUCCIÓN DE EDIFICIOS','14','ACTIVO','2009-06-16 04:30:52','1','DOMICILIO','30 Días','TODOS','','',NULL,NULL,NULL,NULL),('1402','RECLAMO','PROBLEMAS LOGÍST CON OBRA DEL MINIST DES. URB','14','ACTIVO','2009-06-16 04:30:52','1','DOMICILIO','30 Días','TODOS','','',NULL,NULL,NULL,NULL),('1403','RECLAMO','RECLAMOS RELAC. A LA NORMALIZ. DE LA EX - AU 3','14','ACTIVO','2009-06-16 04:30:52','1','DOMICILIO','30 Días','TODOS','','',NULL,NULL,NULL,NULL),('1404','RECLAMO','REACONDIC. DE PUENTES QUE COMUN. CAP C/PR','14','ACTIVO','2009-06-16 04:30:52','1','DOMICILIO','30 Días','TODOS','','',NULL,NULL,NULL,NULL),('1405','RECLAMO','EXTENSIÓN DEL SUBTE','14','ACTIVO','2009-06-16 04:30:52','1','DOMICILIO','30 Días','TODOS','','',NULL,NULL,NULL,NULL),('1406','RECLAMO','CONSTRUCCIÓN DE NUEVOS SUMIDEROS','14','ACTIVO','2009-06-16 04:30:55','1','DOMICILIO','30 Días','TODOS','','',NULL,NULL,NULL,NULL),('1407','RECLAMO','DESTAPE DE SUMIDEROS EXISTENTES','14','ACTIVO','2009-06-16 04:30:53','1','DOMICILIO','30 Días','TODOS','','',NULL,NULL,NULL,NULL),('1408','RECLAMO','ESTACIONAMIENTO','14','ACTIVO','2009-06-16 04:30:55','1','DOMICILIO','30 Días','TODOS','','',NULL,NULL,NULL,NULL),('15','RECLAMO','PROTECCION AMBIENTAL','','ACTIVO','2009-06-16 04:30:52','1','DOMICILIO','30','TODOS','','',NULL,NULL,NULL,NULL),('1501','RECLAMO','EMANACIONES (HUMO NEGRO) EN COLECTIVOS Y OMNIBUS','15','ACTIVO','2009-06-16 04:30:53','1','DOMICILIO','30 Días','TODOS','','',NULL,NULL,NULL,NULL),('1502','RECLAMO','RUIDOS MOLESTOS DE COLECTIVOS Y OMNIBUS','15','ACTIVO','2009-06-16 04:30:53','1','DOMICILIO','30 Días','TODOS','','',NULL,NULL,NULL,NULL),('1503','RECLAMO','CONSULTA SOBRE TEMAS DE PROT. AMBIENTAL','15','ACTIVO','2009-07-20 04:35:09','1','DOMICILIO','30 Días','','','','',NULL,NULL,NULL),('1504','RECLAMO','LEY ANTITABACO EN ORG. PUBLICO','15','ACTIVO','2009-08-19 11:19:10','1','DOMICILIO','30 Días','','','','','','',''),('16','RECLAMO','JARDIN BOTANICO','','ACTIVO','2009-06-16 04:30:53','1','DOMICILIO','30 Días','TODOS','','',NULL,NULL,NULL,NULL),('1601','RECLAMO','BAÑOS','16','ACTIVO','2009-06-16 04:30:53','1','DOMICILIO','30 Días','TODOS','','',NULL,NULL,NULL,NULL),('1602','RECLAMO','PROBLEMAS EN ACCESOS','16','ACTIVO','2009-06-16 04:30:53','1','DOMICILIO','30 Días','TODOS','','',NULL,NULL,NULL,NULL),('1603','RECLAMO','MANTENIMIENTO INTEGRAL DEL JARDIN','16','ACTIVO','2009-06-16 04:30:53','1','DOMICILIO','30 Días','TODOS','','',NULL,NULL,NULL,NULL),('1604','RECLAMO','SEGURIDAD','16','ACTIVO','2009-06-16 04:30:55','1','DOMICILIO','30 Días','TODOS','','',NULL,NULL,NULL,NULL),('1605','RECLAMO','FALTA IDENTIFICACION DE ESPECIES','16','ACTIVO','2009-06-16 04:30:56','1','DOMICILIO','30 Días','TODOS','','',NULL,NULL,NULL,NULL),('1606','RECLAMO','FALTA DE LIMPIEZA','16','ACTIVO','2009-06-16 04:30:53','1','DOMICILIO','30 Días','TODOS','','',NULL,NULL,NULL,NULL),('1607','RECLAMO','SEÑALIZACION EN JARDIN','16','ACTIVO','2009-06-16 04:30:56','1','DOMICILIO','30 Días','TODOS','','',NULL,NULL,NULL,NULL),('1608','RECLAMO','PERDIDA DE AGUA','16','ACTIVO','2009-06-16 04:30:53','1','DOMICILIO','30 Días','TODOS','','',NULL,NULL,NULL,NULL),('1609','RECLAMO','BANCOS','16','ACTIVO','2009-06-16 04:30:55','1','DOMICILIO','30 Días','TODOS','','',NULL,NULL,NULL,NULL),('1610','RECLAMO','FALTA DE RIEGO','16','ACTIVO','2009-06-16 04:30:55','1','DOMICILIO','30 Días','TODOS','','',NULL,NULL,NULL,NULL),('1611','RECLAMO','FALTA DE ILUMINACION','16','ACTIVO','2009-06-16 04:30:55','1','DOMICILIO','30 Días','TODOS','','',NULL,NULL,NULL,NULL),('1612','RECLAMO','CONSULTA SOBRE TEMAS DEL JARDÍN BOTANICO','16','ACTIVO','2009-07-20 04:36:24','1','DOMICILIO','30 Días','','','','',NULL,NULL,NULL),('17','RECLAMO','CEMENTERIOS','','ACTIVO','2009-06-16 04:30:53','1','DOMICILIO','30','TODOS','','',NULL,NULL,NULL,NULL),('1701','RECLAMO','FILTRACIONES EN GALERIAS','17','ACTIVO','2009-06-16 04:30:53','1','DOMICILIO','30 Días','TODOS','','',NULL,NULL,NULL,NULL),('1702','RECLAMO','COBRO INDEBIDO REALIZADO POR CUIDADORES','17','ACTIVO','2009-06-16 04:30:53','1','DOMICILIO','30 Días','TODOS','','',NULL,NULL,NULL,NULL),('1703','RECLAMO','FALTA DE HIGIENE EN CEMENTERIOS Y CREMATORIO','17','ACTIVO','2009-06-16 04:30:53','1','DOMICILIO','30 Días','TODOS','','',NULL,NULL,NULL,NULL),('1704','RECLAMO','DEFICIENTE ATENCION AL PUBLICO EN CEMENTERIOS','17','ACTIVO','2009-06-16 04:30:53','1','DOMICILIO','30 Días','TODOS','','',NULL,NULL,NULL,NULL),('1705','RECLAMO','FALTA DE MANT. DEL SECTOR A CARGO DEL CUIDADOR','17','ACTIVO','2009-06-16 04:30:54','1','DOMICILIO','30 Días','TODOS','necesita los datos (nombre y apellido) del cuidador o ID del sector en cuestión','',NULL,NULL,NULL,NULL),('1706','RECLAMO','CONSULTA SOBRE TEMAS DE CEMENTERIOS','17','ACTIVO','2009-07-20 04:38:08','1','DOMICILIO','30 Días','','','','',NULL,NULL,NULL),('18','RECLAMO','FERIAS Y MERCADOS','','ACTIVO','2009-06-16 04:30:54','1','DOMICILIO','30','TODOS','','',NULL,NULL,NULL,NULL),('1801','RECLAMO','VENDEDORES AMBULANTES','18','ACTIVO','2009-06-16 04:30:55','1','DOMICILIO','30 Días','TODOS','','',NULL,NULL,NULL,NULL),('1802','RECLAMO','COMPORTAMIENTO INDEBIDO DE LOS FERIANTES','18','ACTIVO','2009-06-16 04:30:54','1','DOMICILIO','30 Días','TODOS','','',NULL,NULL,NULL,NULL),('1803','RECLAMO','CONSTRUCCIONES DE FERIAS SIN PERMISOS','18','ACTIVO','2009-06-16 04:30:54','1','DOMICILIO','30 Días','TODOS','','',NULL,NULL,NULL,NULL),('1804','RECLAMO','OCUP INDEBIDA DEL ESP.PUB POR FERIANTES O MANTEROS','18','ACTIVO','2009-06-16 04:30:54','1','DOMICILIO','30 Días','TODOS','','',NULL,NULL,NULL,NULL),('1805','RECLAMO','SUCIEDAD DEJADA POR FERIANTES','18','ACTIVO','2009-06-16 04:30:54','1','DOMICILIO','30 Días','TODOS','','',NULL,NULL,NULL,NULL),('1806','RECLAMO','VENTA DE PRODUCTOS NO PERMITIDOS EN FERIAS','18','ACTIVO','2009-06-16 04:30:56','1','DOMICILIO','30 Días','TODOS','','',NULL,NULL,NULL,NULL),('180601','RECLAMO','CONEXIONES CLANDESTINAS DE ELECTRICIDAD EN FERIAS','1806','INACTIVO','2009-06-16 04:30:56','1','DOMICILIO','30','TODOS','','',NULL,NULL,NULL,NULL),('1807','RECLAMO','CONEXIONES CLANDESTINAS DE ELECTRICIDAD EN FERIAS','18','ACTIVO','2009-06-16 04:30:56','1','DOMICILIO','30 Días','TODOS','','',NULL,NULL,NULL,NULL),('1808','RECLAMO','CONSULTA SOBRE TEMAS DE FERIAS Y MERCADOS','18','ACTIVO','2009-07-20 04:39:21','1','DOMICILIO','30 Días','','','','',NULL,NULL,NULL),('19','RECLAMO','ACTIVIDAD ECONOMICA','','ACTIVO','2009-06-16 04:30:54','1','DOMICILIO','30','TODOS','','',NULL,NULL,NULL,NULL),('1901','RECLAMO','RESIDUOS INDUSTRIALES EN VIA PUBLICA O SIN TRATAR','19','ACTIVO','2009-06-16 04:30:55','1','DOMICILIO','30 Días','TODOS','','',NULL,NULL,NULL,NULL),('1902','RECLAMO','ARROJO DE EFLUENTE INDUSTRIALES PELIGROSOS','19','ACTIVO','2009-06-16 04:30:55','1','DOMICILIO','30 Días','TODOS','','',NULL,NULL,NULL,NULL),('1903','RECLAMO','AGUAS SERVIDAS','19','ACTIVO','2009-06-16 04:30:54','1','DOMICILIO','30 Días','TODOS','','',NULL,NULL,NULL,NULL),('1904','RECLAMO','VERTIDOS CONTAMINANTES ATMOSFERICOS','19','ACTIVO','2009-06-16 04:30:54','1','DOMICILIO','30 Días','TODOS','','',NULL,NULL,NULL,NULL),('1905','RECLAMO','RESIDUOS PATOGENICOS','19','ACTIVO','2009-06-16 04:30:56','1','DOMICILIO','30 Días','TODOS','','',NULL,NULL,NULL,NULL),('1906','RECLAMO','MALOS OLORES, GASES TOXICOS Y HUMOS','19','ACTIVO','2009-06-16 04:30:56','1','DOMICILIO','30 Días','TODOS','','',NULL,NULL,NULL,NULL),('1907','RECLAMO','RUIDOS MOLESTOS COMERCIALES','19','ACTIVO','2009-06-16 04:30:54','1','DOMICILIO','30 Días','TODOS','','',NULL,NULL,NULL,NULL),('1908','RECLAMO','RUIDOS MOLESTOS PARTICULARES (CONSORCIOS)','19','ACTIVO','2009-06-16 04:30:56','1','DOMICILIO','30 Días','TODOS','','',NULL,NULL,NULL,NULL),('1909','RECLAMO','EMANACIONES (HUMO NEGRO) EN COLECTIVOS Y OMNIBUS','19','INACTIVO','2009-06-16 04:30:56','1','DOMICILIO','30 Días','TODOS','','',NULL,NULL,NULL,NULL),('1910','RECLAMO','RUIDOS MOLESTOS DE COLECTIVOS Y OMNIBUS','19','ACTIVO','2009-06-16 04:30:56','1','DOMICILIO','30 Días','TODOS','','',NULL,NULL,NULL,NULL),('1911','RECLAMO','RADIACIONES NO IONIZANTES DE ANTENAS DE TELEFONIA CELULAR','19','ACTIVO','2009-06-16 04:30:56','1','DOMICILIO','30 Días','TODOS','','',NULL,NULL,NULL,NULL),('1912','RECLAMO','CONTROL DE AGUA DE NATATORIOS','19','ACTIVO','2009-06-16 04:30:56','1','DOMICILIO','30 Días','TODOS','','',NULL,NULL,NULL,NULL),('20','RECLAMO','CONSULTAS','','INACTIVO','2009-06-26 11:29:41','1','DOMICILIO','30 Días','TODOS','Consultas de varios tipos','','',NULL,NULL,NULL),('2001','RECLAMO','CONS.SOBRE TEMAS DE ARBOLADO','20','ACTIVO','2009-06-26 11:31:17','1','DOMICILIO','30 Días','TODOS','','',NULL,NULL,NULL,NULL),('2002','RECLAMO','CONS.SOBRE TEMAS DE PAVIMENTO','20','ACTIVO','2009-06-26 11:33:15','1','DOMICILIO','30 Días','TODOS','','',NULL,NULL,NULL,NULL),('2003','RECLAMO','CONS.SOBRE TEMAS PLUVIALES','20','ACTIVO','2009-06-26 11:34:24','1','DOMICILIO','30 Días','TODOS','','',NULL,NULL,NULL,NULL),('2004','RECLAMO','CONS.SOBRE TEMAS DE ORD.PUBLICO','20','ACTIVO','2009-06-26 11:35:22','1','DOMICILIO','30 Días','TODOS','','',NULL,NULL,NULL,NULL),('2005','RECLAMO','CONS.SOBRE TEMAS DE ALUMBRADO','20','ACTIVO','2009-06-26 11:36:42','1','DOMICILIO','30 Días','TODOS','','',NULL,NULL,NULL,NULL),('21','SOLICITUD','VILLAS','','ACTIVO','2009-08-24 07:27:25','1','VILLA','7 Días','','','','','','',''),('2101','SOLICITUD','DESAGOTE DE POZO CIEGO (ATMOSFERICO)','21','ACTIVO','2009-08-24 07:29:19','1','VILLA','7 Días','','','','','','',''),('2102','SOLICITUD','DESOBSTRUCCIÓN (VACTOR)','21','ACTIVO','2009-08-24 07:34:57','1','VILLA','7 Días','','','','','','',''),('2103','SOLICITUD','SERVICIO DE ELECTRICIDAD','21','ACTIVO','2009-08-24 07:36:56','1','VILLA','7 Días','','','','','','',''),('30','DENUNCIA','DENUNCIAS','','ACTIVO','2009-06-16 04:33:25','1','DOMICILIO','30 Días','TODOS','',NULL,NULL,NULL,NULL,NULL),('3001','DENUNCIA','Actividad de baile efectuada sin permiso','30','ACTIVO','2009-06-16 04:33:25','1','DOMICILIO','30 Días','TODOS','Actividad de baile efectuada sin permiso','','','','',''),('3002','DENUNCIA','Deficiencias o inexistencia de servicio de asistencia médica','30','ACTIVO','2009-06-16 04:33:25','1','DOMICILIO','30 Días','TODOS','Deficiencias o inexistencia de servicio de asistencia médica','','',NULL,NULL,NULL),('3003','DENUNCIA','Deficiencias o inexistencia de servicio de bombero','30','ACTIVO','2009-06-16 04:33:25','1','DOMICILIO','30 Días','TODOS','Deficiencias o inexistencia de servicio de bombero','','',NULL,NULL,NULL),('3004','DENUNCIA','Exceso de Capacidad','30','ACTIVO','2009-06-16 04:33:25','1','DOMICILIO','30 Días','TODOS','Exceso de Capacidad -Camas / Personas / Autos / Mercadería / Mesas / Embarcaciones / Juegos / Cabinas / Animales','','',NULL,NULL,NULL),('3005','DENUNCIA','Falta de chapa mural consignando rubro y titular','30','ACTIVO','2009-06-16 04:33:25','1','DOMICILIO','30 Días','TODOS','Falta de chapa mural consignando rubro y titular','','',NULL,NULL,NULL),('3006','DENUNCIA','Falta de chapa mural consignando rubro, titular y capacidad del local','30','ACTIVO','2009-06-16 04:33:25','1','DOMICILIO','30 Días','TODOS','Falta de chapa mural consignando rubro, titular y capacidad del local','','',NULL,NULL,NULL),('3007','DENUNCIA','Higiene deficiente','30','ACTIVO','2009-06-16 04:33:25','1','DOMICILIO','30 Días','TODOS','Higiene deficiente -Baños en mal estado / Falta de limpieza en general','','',NULL,NULL,NULL),('3008','DENUNCIA','Incumplimiento Ley Antitabaco','30','ACTIVO','2009-06-16 04:33:25','1','DOMICILIO','30 Días','TODOS','Incumplimiento Ley Antitabaco','','',NULL,NULL,NULL),('3009','DENUNCIA','Irregularidades en los medios de prevención contra incendios / siniestros','30','ACTIVO','2009-06-16 04:33:25','1','DOMICILIO','30 Días','TODOS','Irregularidades en los medios de prevención contra incendios / siniestros Matafuegos / Señalización de salidas / Luces de emergencia / Mangueras contra incendio','','',NULL,NULL,NULL),('3010','DENUNCIA','Irregularidades vinculadas a la accesibilidad del establecimiento','30','ACTIVO','2009-06-16 04:33:25','1','DOMICILIO','30 Días','TODOS','Irregularidades vinculadas a la accesibilidad del establecimiento Obstrucción de medios de circulación / Obstrucción de medios de salida','','',NULL,NULL,NULL),('3011','DENUNCIA','Irregularidades vinculadas a la utilización de computadoras e internet','30','ACTIVO','2009-06-16 04:33:25','1','DOMICILIO','30 Días','TODOS','Irregularidades vinculadas a la utilización de computadoras e internet  Falta de filtros web para pornografía / Juegos en red','','',NULL,NULL,NULL),('3012','DENUNCIA','Irregularidades vinculadas al uso de combustibles','30','ACTIVO','2009-06-16 04:33:25','1','DOMICILIO','30 Días','TODOS','Irregularidades vinculadas al uso de combustibles Acopio Indebido / Tenencia de tanques o depósitos / Utilización de garrafas o combustibles líquidos','','',NULL,NULL,NULL),('3013','DENUNCIA','Irregularidades vinculadas al uso de pirotecnia','30','ACTIVO','2009-06-16 04:33:25','1','DOMICILIO','30 Días','TODOS','Irregularidades vinculadas al uso de pirotecnia Acopio / Utilización de fuegos artificiales/ Depósito de pirotecnia/ Fabricación / Venta mayorista','','',NULL,NULL,NULL),('3014','DENUNCIA','Mesas de pool sin permiso','30','ACTIVO','2009-06-16 04:33:25','1','DOMICILIO','30 Días','TODOS','Mesas de pool sin permiso','','',NULL,NULL,NULL),('3015','DENUNCIA','Recitales y / o shows en vivo efectuados sin permiso','30','ACTIVO','2009-06-16 04:33:25','1','DOMICILIO','30 Días','TODOS','Recitales y / o shows en vivo efectuados sin permiso','','',NULL,NULL,NULL),('3016','DENUNCIA','Venta o exhibición de bebidas alcoholicas','30','ACTIVO','2009-06-16 04:33:25','1','DOMICILIO','30 Días','TODOS','Venta o exhibición de bebidas alcoholicas En establecimiento no permitido / Después de las 23 hs.','','',NULL,NULL,NULL),('3017','DENUNCIA','Alimentos en malas condiciones','30','ACTIVO','2009-06-16 04:33:25','1','DOMICILIO','30 Días','TODOS','Alimentos en malas condiciones En mal estado / Alimentos vencidos / Con cuerpo extraño / Corte de cadena de frío','','',NULL,NULL,NULL),('3018','DENUNCIA','Intoxicación / Enfermedad por ingestión de alimentos o bebidas en mal estado','30','ACTIVO','2009-06-16 04:33:25','1','DOMICILIO','30 Días','TODOS','Intoxicación / Enfermedad por ingestión de alimentos o bebidas en mal estado','','',NULL,NULL,NULL),('3019','DENUNCIA','Irregularidades vinculadas a la manipulación de alimentos','30','ACTIVO','2009-06-16 04:33:25','1','DOMICILIO','30 Días','TODOS','Irregularidades vinculadas a la manipulación de alimentos Higiene deficiente en empleados y utensillos','','',NULL,NULL,NULL),('3020','DENUNCIA','Almacenamiento de materiales en la vía pública','30','ACTIVO','2009-06-16 04:33:25','1','DOMICILIO','30 Días','TODOS','Almacenamiento de materiales en la vía pública','','',NULL,NULL,NULL),('3021','DENUNCIA','Construcciones sin permiso','30','ACTIVO','2009-06-16 04:33:25','1','DOMICILIO','30 Días','TODOS','Construcciones sin permiso Edificios que alteran su condición original / Avance sobre pulmon de manzana / cerramiento clandestino de patio','','',NULL,NULL,NULL),('3022','DENUNCIA','Falta de cartel de obra','30','ACTIVO','2009-06-16 04:33:25','1','DOMICILIO','30 Días','TODOS','Falta de cartel de obra','','',NULL,NULL,NULL),('3023','DENUNCIA','Falta de elementos de seguridad estructural','30','ACTIVO','2009-06-16 04:33:25','1','DOMICILIO','30 Días','TODOS','Falta de elementos de seguridad estructural Ausencia de pantallas protectoras / Cerramiento en veredas / Luces de Emergencia / Disyuntores / Contra Incendio','','',NULL,NULL,NULL),('3024','DENUNCIA','Instalaciones en malas condiciones','30','ACTIVO','2009-06-16 04:33:25','1','DOMICILIO','30 Días','TODOS','Instalaciones en malas condiciones Vidrios rotos / Instalaciones de gas o eléctricas irregulares / Cables expuestos al alcance de la mano','','',NULL,NULL,NULL),('3025','DENUNCIA','Instalaciones irregulares o antirreglamentarias','30','ACTIVO','2009-06-16 04:33:25','1','DOMICILIO','30 Días','TODOS','Instalaciones irregulares o antirreglamentarias Sanitarias / Térmicas / Electromecánicas','','',NULL,NULL,NULL),('3026','DENUNCIA','Instalaciones provisorias de obra','30','ACTIVO','2009-06-16 04:33:25','1','DOMICILIO','30 Días','TODOS','Instalaciones provisorias de obra Antenas / Torres grua / Videocable','','',NULL,NULL,NULL),('3027','DENUNCIA','Irregularidades vinculadas a ascensores','30','ACTIVO','2009-06-16 04:33:25','1','DOMICILIO','30 Días','TODOS','Irregularidades vinculadas a ascensores Falta de oblea de seguridad y / o de mantenimiento reglamentaria / En mal estado de conservación / Desniveles en las paradas / Puertas tijera no cubiertas reglamentariamente','','',NULL,NULL,NULL),('3028','DENUNCIA','Irregularidades vinculadas a seguridad de ascensores','30','INACTIVO','2009-06-16 04:33:25','1','DOMICILIO','30 Días','TODOS','Irregularidades vinculadas a seguridad de ascensores En mal estado de conservación / Desniveles en las paradas / Puertas tijera no cubiertas reglamentariamente','','','','','');
/*!40000 ALTER TABLE `tic_prestaciones` ENABLE KEYS */;
UNLOCK TABLES;

--
-- Table structure for table `tic_prestaciones_cuest`
--

DROP TABLE IF EXISTS `tic_prestaciones_cuest`;
/*!40101 SET @saved_cs_client     = @@character_set_client */;
/*!40101 SET character_set_client = utf8 */;
CREATE TABLE `tic_prestaciones_cuest` (
  `tpr_code` varchar(20) NOT NULL,
  `tpr_tipo` varchar(20) NOT NULL,
  `tpr_orden` int(10) NOT NULL,
  `tpr_preg` varchar(100) DEFAULT NULL,
  `tpr_tipo_preg` varchar(20) DEFAULT NULL,
  `tpr_opciones` varchar(200) DEFAULT NULL,
  PRIMARY KEY (`tpr_code`,`tpr_tipo`,`tpr_orden`)
) ENGINE=InnoDB DEFAULT CHARSET=latin1;
/*!40101 SET character_set_client = @saved_cs_client */;

--
-- Dumping data for table `tic_prestaciones_cuest`
--

LOCK TABLES `tic_prestaciones_cuest` WRITE;
/*!40000 ALTER TABLE `tic_prestaciones_cuest` DISABLE KEYS */;
INSERT INTO `tic_prestaciones_cuest` VALUES ('1504','RECLAMO',1,'Indique el nombre del organismo o dependencia','TEXTO',''),('1504','RECLAMO',2,'Indique el nombre o cargo de la persona','TEXTO',''),('2101','SOLICITUD',1,'POSEE','LISTA','CLOACA;POZO CIEGO'),('2101','SOLICITUD',2,'ALCANCE DEL DESBORDE','LISTA','CASA;PASILLO;CALLE;MANZANA'),('2102','SOLICITUD',1,'POSEE','LISTA','CLOACA;POZO CIEGO'),('2102','SOLICITUD',2,'ALCANCE DEL DESBORDE','LISTA','CASA;PASILLO;CALLE;MANZANA'),('2103','SOLICITUD',1,'ALCANCE DEL CORTE','LISTA','SOLO CASA SOLICITANTE;MANZA;TODA LA VILLA'),('2103','SOLICITUD',2,'PELIGRO','LISTA','SOLO CORTE SUMINISTRO;INCENDIO DE CABLE O POSTE;CABLE CAIDO;POSTE CAIDO');
/*!40000 ALTER TABLE `tic_prestaciones_cuest` ENABLE KEYS */;
UNLOCK TABLES;

--
-- Table structure for table `tic_prestaciones_gis`
--

DROP TABLE IF EXISTS `tic_prestaciones_gis`;
/*!40101 SET @saved_cs_client     = @@character_set_client */;
/*!40101 SET character_set_client = utf8 */;
CREATE TABLE `tic_prestaciones_gis` (
  `tpr_code` varchar(20) NOT NULL,
  `tpr_tipo` varchar(20) NOT NULL,
  `tpg_code` int(10) NOT NULL,
  `tpg_gis_valor` varchar(100) NOT NULL,
  `tpg_gis_campo` varchar(100) DEFAULT NULL,
  `tpg_usa_gis` varchar(5) DEFAULT NULL,
  `tor_code` int(10) DEFAULT NULL,
  `tpg_tstamp` datetime DEFAULT NULL,
  `use_code` varchar(50) DEFAULT NULL,
  `tto_figura` varchar(50) DEFAULT NULL,
  PRIMARY KEY (`tpr_code`,`tpr_tipo`,`tpg_code`)
) ENGINE=InnoDB DEFAULT CHARSET=latin1;
/*!40101 SET character_set_client = @saved_cs_client */;

--
-- Dumping data for table `tic_prestaciones_gis`
--

LOCK TABLES `tic_prestaciones_gis` WRITE;
/*!40000 ALTER TABLE `tic_prestaciones_gis` DISABLE KEYS */;
INSERT INTO `tic_prestaciones_gis` VALUES ('01','RECLAMO',1,'','','NO',117,'2009-06-16 04:31:05','1','PRESTADOR'),('01','RECLAMO',588,'','','NO',117,'2009-06-16 04:31:55','1','RESPONSABLE'),('0116','RECLAMO',200,'','','NO',117,'2009-06-16 04:31:21','1','PRESTADOR'),('0116','RECLAMO',745,'','','NO',117,'2009-06-16 04:32:02','1','RESPONSABLE'),('0117','RECLAMO',2,'','','NO',117,'2009-06-16 04:31:05','1','PRESTADOR'),('0117','RECLAMO',589,'','','NO',117,'2009-06-16 04:31:55','1','RESPONSABLE'),('0119','RECLAMO',3,'','','NO',117,'2009-06-16 04:31:05','1','PRESTADOR'),('0119','RECLAMO',590,'','','NO',117,'2009-06-16 04:31:55','1','RESPONSABLE'),('0120','RECLAMO',4,'','','NO',117,'2009-06-16 04:31:05','1','PRESTADOR'),('0120','RECLAMO',591,'','','NO',117,'2009-06-16 04:31:55','1','RESPONSABLE'),('0121','RECLAMO',5,'','','NO',117,'2009-06-16 04:31:05','1','PRESTADOR'),('0121','RECLAMO',592,'','','NO',117,'2009-06-16 04:31:55','1','RESPONSABLE'),('0122','RECLAMO',6,'','','NO',117,'2009-06-16 04:31:05','1','PRESTADOR'),('0122','RECLAMO',593,'','','NO',117,'2009-06-16 04:31:55','1','RESPONSABLE'),('0123','RECLAMO',7,'','','NO',117,'2009-06-16 04:31:05','1','PRESTADOR'),('0123','RECLAMO',594,'','','NO',117,'2009-06-16 04:31:55','1','RESPONSABLE'),('0124','RECLAMO',8,'','','NO',117,'2009-06-16 04:31:05','1','PRESTADOR'),('0124','RECLAMO',595,'','','NO',117,'2009-06-16 04:31:55','1','RESPONSABLE'),('0125','RECLAMO',9,'','','NO',117,'2009-06-16 04:31:05','1','PRESTADOR'),('0125','RECLAMO',596,'','','NO',117,'2009-06-16 04:31:55','1','RESPONSABLE'),('0126','RECLAMO',10,'1','','SI',117,'2009-06-16 04:31:05','1','PRESTADOR'),('0126','RECLAMO',11,'2','','SI',117,'2009-06-16 04:31:05','1','PRESTADOR'),('0126','RECLAMO',12,'3','','SI',117,'2009-06-16 04:31:05','1','PRESTADOR'),('0126','RECLAMO',13,'4','','SI',117,'2009-06-16 04:31:05','1','PRESTADOR'),('0126','RECLAMO',14,'5','','SI',117,'2009-06-16 04:31:05','1','PRESTADOR'),('0126','RECLAMO',15,'6','','SI',117,'2009-06-16 04:31:06','1','PRESTADOR'),('0126','RECLAMO',16,'7','','SI',117,'2009-06-16 04:31:06','1','PRESTADOR'),('0126','RECLAMO',17,'8','','SI',117,'2009-06-16 04:31:06','1','PRESTADOR'),('0126','RECLAMO',18,'9','','SI',117,'2009-06-16 04:31:06','1','PRESTADOR'),('0126','RECLAMO',19,'10','','SI',117,'2009-06-16 04:31:06','1','PRESTADOR'),('0126','RECLAMO',20,'11','','SI',117,'2009-06-16 04:31:06','1','PRESTADOR'),('0126','RECLAMO',21,'12','','SI',117,'2009-06-16 04:31:06','1','PRESTADOR'),('0126','RECLAMO',22,'13','','SI',117,'2009-06-16 04:31:06','1','PRESTADOR'),('0126','RECLAMO',23,'14','','SI',117,'2009-06-16 04:31:06','1','PRESTADOR'),('0126','RECLAMO',24,'15','','SI',117,'2009-06-16 04:31:06','1','PRESTADOR'),('0126','RECLAMO',25,'16','','SI',117,'2009-06-16 04:31:06','1','PRESTADOR'),('0126','RECLAMO',597,'','','NO',117,'2009-06-16 04:31:56','1','RESPONSABLE'),('0127','RECLAMO',26,'','','NO',352,'2009-06-16 04:31:06','1','PRESTADOR'),('0127','RECLAMO',598,'','','NO',117,'2009-06-16 04:31:56','1','RESPONSABLE'),('0128','RECLAMO',27,'1','','SI',117,'2009-06-16 04:31:06','1','PRESTADOR'),('0128','RECLAMO',28,'2','','SI',117,'2009-06-16 04:31:07','1','PRESTADOR'),('0128','RECLAMO',29,'3','','SI',117,'2009-06-16 04:31:07','1','PRESTADOR'),('0128','RECLAMO',30,'4','','SI',117,'2009-06-16 04:31:07','1','PRESTADOR'),('0128','RECLAMO',31,'5','','SI',117,'2009-06-16 04:31:07','1','PRESTADOR'),('0128','RECLAMO',32,'6','','SI',117,'2009-06-16 04:31:07','1','PRESTADOR'),('0128','RECLAMO',33,'7','','SI',117,'2009-06-16 04:31:07','1','PRESTADOR'),('0128','RECLAMO',34,'8','','SI',117,'2009-06-16 04:31:07','1','PRESTADOR'),('0128','RECLAMO',35,'9','','SI',117,'2009-06-16 04:31:07','1','PRESTADOR'),('0128','RECLAMO',36,'10','','SI',117,'2009-06-16 04:31:07','1','PRESTADOR'),('0128','RECLAMO',37,'11','','SI',117,'2009-06-16 04:31:07','1','PRESTADOR'),('0128','RECLAMO',38,'12','','SI',117,'2009-06-16 04:31:07','1','PRESTADOR'),('0128','RECLAMO',39,'13','','SI',117,'2009-06-16 04:31:07','1','PRESTADOR'),('0128','RECLAMO',40,'14','','SI',117,'2009-06-16 04:31:07','1','PRESTADOR'),('0128','RECLAMO',41,'15','','SI',117,'2009-06-16 04:31:08','1','PRESTADOR'),('0128','RECLAMO',42,'16','','SI',117,'2009-06-16 04:31:08','1','PRESTADOR'),('0128','RECLAMO',599,'','','NO',117,'2009-06-16 04:31:56','1','RESPONSABLE'),('0129','RECLAMO',43,'','','NO',117,'2009-06-16 04:31:08','1','PRESTADOR'),('0129','RECLAMO',600,'','','NO',117,'2009-06-16 04:31:56','1','RESPONSABLE'),('0130','RECLAMO',44,'','','NO',117,'2009-06-16 04:31:08','1','PRESTADOR'),('0130','RECLAMO',601,'','','NO',117,'2009-06-16 04:31:56','1','RESPONSABLE'),('0131','RECLAMO',45,'','','NO',117,'2009-06-16 04:31:08','1','PRESTADOR'),('0131','RECLAMO',602,'','','NO',117,'2009-06-16 04:31:56','1','RESPONSABLE'),('0132','RECLAMO',536,'','','NO',117,'2009-06-16 04:31:50','1','PRESTADOR'),('0132','RECLAMO',759,'','','NO',117,'2009-06-16 04:32:03','1','RESPONSABLE'),('0133','RECLAMO',547,'','','NO',117,'2009-06-16 04:31:51','1','PRESTADOR'),('0133','RECLAMO',778,'','','NO',117,'2009-06-16 04:32:04','1','RESPONSABLE'),('0134','RECLAMO',537,'','','NO',117,'2009-06-16 04:31:50','1','PRESTADOR'),('0134','RECLAMO',682,'','','NO',117,'2009-06-16 04:31:59','1','RESPONSABLE'),('0135','RECLAMO',273,'','','NO',117,'2009-06-16 04:31:27','1','PRESTADOR'),('0135','RECLAMO',1049,'','','NO',117,'2009-06-16 04:32:16','1','RESPONSABLE'),('0136','RECLAMO',274,'','','NO',117,'2009-06-16 04:31:27','1','PRESTADOR'),('0136','RECLAMO',1050,'','','NO',117,'2009-06-16 04:32:16','1','RESPONSABLE'),('0137','RECLAMO',20,'','','NO',117,'2009-07-20 09:21:48','1','RESPONSABLE'),('0137','RECLAMO',21,'','','NO',117,'2009-07-20 09:22:32','1','PRESTADOR'),('02','RECLAMO',46,'','','NO',144,'2009-06-16 04:31:08','1','PRESTADOR'),('02','RECLAMO',603,'','','NO',144,'2009-06-16 04:31:56','1','RESPONSABLE'),('0201','RECLAMO',47,'','','NO',352,'2009-06-16 04:31:08','1','PRESTADOR'),('0201','RECLAMO',604,'','','NO',352,'2009-06-16 04:31:56','1','RESPONSABLE'),('0202','RECLAMO',48,'','','NO',144,'2009-06-16 04:31:08','1','PRESTADOR'),('0202','RECLAMO',605,'','','NO',144,'2009-06-16 04:31:56','1','RESPONSABLE'),('0203','RECLAMO',49,'','','NO',352,'2009-06-16 04:31:08','1','PRESTADOR'),('0203','RECLAMO',606,'','','NO',352,'2009-06-16 04:31:56','1','RESPONSABLE'),('0204','RECLAMO',50,'','','NO',346,'2009-06-16 04:31:08','1','PRESTADOR'),('0204','RECLAMO',607,'','','NO',346,'2009-06-16 04:31:56','1','RESPONSABLE'),('0205','RECLAMO',51,'','','NO',113,'2009-06-16 04:31:08','1','PRESTADOR'),('0205','RECLAMO',608,'','','NO',113,'2009-06-16 04:31:56','1','RESPONSABLE'),('0206','RECLAMO',52,'','','NO',144,'2009-06-16 04:31:08','1','PRESTADOR'),('0206','RECLAMO',609,'','','NO',144,'2009-06-16 04:31:56','1','RESPONSABLE'),('0207','RECLAMO',53,'','','NO',144,'2009-06-16 04:31:08','1','PRESTADOR'),('0207','RECLAMO',610,'','','NO',144,'2009-06-16 04:31:56','1','RESPONSABLE'),('0208','RECLAMO',54,'','','NO',352,'2009-06-16 04:31:09','1','PRESTADOR'),('0208','RECLAMO',611,'','','NO',352,'2009-06-16 04:31:56','1','RESPONSABLE'),('0209','RECLAMO',55,'','','NO',144,'2009-06-16 04:31:09','1','PRESTADOR'),('0209','RECLAMO',612,'','','NO',144,'2009-06-16 04:31:56','1','RESPONSABLE'),('0212','RECLAMO',56,'','','NO',434,'2009-06-16 04:31:09','1','PRESTADOR'),('0212','RECLAMO',613,'','','NO',434,'2009-06-16 04:31:56','1','RESPONSABLE'),('0213','RECLAMO',57,'','','NO',346,'2009-06-16 04:31:09','1','PRESTADOR'),('0213','RECLAMO',614,'','','NO',346,'2009-06-16 04:31:56','1','RESPONSABLE'),('0214','RECLAMO',58,'','','NO',144,'2009-06-16 04:31:09','1','PRESTADOR'),('0214','RECLAMO',615,'','','NO',144,'2009-06-16 04:31:56','1','RESPONSABLE'),('0215','RECLAMO',59,'','','NO',165,'2009-06-16 04:31:09','1','PRESTADOR'),('0215','RECLAMO',616,'','','NO',165,'2009-06-16 04:31:56','1','RESPONSABLE'),('0216','RECLAMO',60,'','','NO',165,'2009-06-16 04:31:09','1','PRESTADOR'),('0216','RECLAMO',617,'','','NO',165,'2009-06-16 04:31:57','1','RESPONSABLE'),('0217','RECLAMO',61,'','','NO',165,'2009-06-16 04:31:09','1','PRESTADOR'),('0217','RECLAMO',618,'','','NO',165,'2009-06-16 04:31:57','1','RESPONSABLE'),('0218','RECLAMO',62,'','','NO',165,'2009-06-16 04:31:09','1','PRESTADOR'),('0218','RECLAMO',619,'','','NO',165,'2009-06-16 04:31:57','1','RESPONSABLE'),('0219','RECLAMO',63,'','','NO',165,'2009-06-16 04:31:09','1','PRESTADOR'),('0219','RECLAMO',620,'','','NO',165,'2009-06-16 04:31:57','1','RESPONSABLE'),('0221','RECLAMO',64,'','','NO',352,'2009-06-16 04:31:09','1','PRESTADOR'),('0221','RECLAMO',621,'','','NO',352,'2009-06-16 04:31:57','1','RESPONSABLE'),('0222','RECLAMO',65,'','','NO',144,'2009-06-16 04:31:10','1','PRESTADOR'),('0222','RECLAMO',622,'','','NO',144,'2009-06-16 04:31:57','1','RESPONSABLE'),('0223','RECLAMO',66,'','','NO',352,'2009-06-16 04:31:10','1','PRESTADOR'),('0223','RECLAMO',623,'','','NO',352,'2009-06-16 04:31:57','1','RESPONSABLE'),('0224','RECLAMO',67,'','','NO',144,'2009-06-16 04:31:10','1','PRESTADOR'),('0224','RECLAMO',624,'','','NO',144,'2009-06-16 04:31:57','1','RESPONSABLE'),('0225','RECLAMO',68,'','','NO',144,'2009-06-16 04:31:10','1','PRESTADOR'),('0225','RECLAMO',625,'','','NO',144,'2009-06-16 04:31:57','1','RESPONSABLE'),('0226','RECLAMO',69,'','','NO',144,'2009-06-16 04:31:10','1','PRESTADOR'),('0226','RECLAMO',626,'','','NO',144,'2009-06-16 04:31:57','1','RESPONSABLE'),('0227','RECLAMO',546,'','','NO',144,'2009-06-16 04:31:51','1','PRESTADOR'),('0227','RECLAMO',768,'','','NO',144,'2009-06-16 04:32:03','1','RESPONSABLE'),('0228','RECLAMO',22,'','','NO',346,'2009-07-20 09:25:07','1','RESPONSABLE'),('0228','RECLAMO',23,'','','NO',346,'2009-07-20 09:25:28','1','PRESTADOR'),('0229','RECLAMO',24,'','','NO',144,'2009-07-20 09:26:46','1','RESPONSABLE'),('0229','RECLAMO',25,'','','NO',144,'2009-07-20 09:26:58','1','PRESTADOR'),('03','RECLAMO',70,'','','NO',120,'2009-06-16 04:31:10','1','PRESTADOR'),('03','RECLAMO',627,'','','NO',120,'2009-06-16 04:31:57','1','RESPONSABLE'),('0301','RECLAMO',71,'','','NO',352,'2009-06-16 04:31:10','1','PRESTADOR'),('0301','RECLAMO',628,'','','NO',352,'2009-06-16 04:31:57','1','RESPONSABLE'),('0302','RECLAMO',72,'','','NO',120,'2009-06-16 04:31:10','1','PRESTADOR'),('0302','RECLAMO',629,'','','NO',120,'2009-06-16 04:31:57','1','RESPONSABLE'),('0303','RECLAMO',73,'5','zonas_de_mantenimiento_de_alumbrado_publico','SI',103,'2009-06-16 04:31:10','1','PRESTADOR'),('0303','RECLAMO',74,'2','zonas_de_mantenimiento_de_alumbrado_publico','SI',146,'2009-06-16 04:31:10','1','PRESTADOR'),('0303','RECLAMO',75,'3','zonas_de_mantenimiento_de_alumbrado_publico','SI',148,'2009-06-16 04:31:10','1','PRESTADOR'),('0303','RECLAMO',76,'1','zonas_de_mantenimiento_de_alumbrado_publico','SI',149,'2009-06-16 04:31:10','1','PRESTADOR'),('0303','RECLAMO',77,'4','zonas_de_mantenimiento_de_alumbrado_publico','SI',183,'2009-06-16 04:31:11','1','PRESTADOR'),('0303','RECLAMO',1009,'','zonas_de_mantenimiento_de_alumbrado_publico','NO',344,'2009-06-16 04:32:14','1','RESPONSABLE'),('0304','RECLAMO',78,'','','NO',120,'2009-06-16 04:31:11','1','PRESTADOR'),('0304','RECLAMO',631,'','','NO',120,'2009-06-16 04:31:57','1','RESPONSABLE'),('0305','RECLAMO',79,'','','NO',120,'2009-06-16 04:31:11','1','PRESTADOR'),('0305','RECLAMO',632,'','','NO',120,'2009-06-16 04:31:57','1','RESPONSABLE'),('0306','RECLAMO',80,'5','zonas_de_mantenimiento_de_alumbrado_publico','SI',103,'2009-06-16 04:31:11','1','PRESTADOR'),('0306','RECLAMO',81,'2','zonas_de_mantenimiento_de_alumbrado_publico','SI',146,'2009-06-16 04:31:11','1','PRESTADOR'),('0306','RECLAMO',82,'3','zonas_de_mantenimiento_de_alumbrado_publico','SI',148,'2009-06-16 04:31:11','1','PRESTADOR'),('0306','RECLAMO',83,'1','zonas_de_mantenimiento_de_alumbrado_publico','SI',149,'2009-06-16 04:31:11','1','PRESTADOR'),('0306','RECLAMO',84,'4','zonas_de_mantenimiento_de_alumbrado_publico','SI',183,'2009-06-16 04:31:11','1','PRESTADOR'),('0306','RECLAMO',1040,'','zonas_de_mantenimiento_de_alumbrado_publico','NO',120,'2009-06-16 04:32:15','1','RESPONSABLE'),('0307','RECLAMO',85,'5','zonas_de_mantenimiento_de_alumbrado_publico','SI',103,'2009-06-16 04:31:11','1','PRESTADOR'),('0307','RECLAMO',86,'2','zonas_de_mantenimiento_de_alumbrado_publico','SI',146,'2009-06-16 04:31:12','1','PRESTADOR'),('0307','RECLAMO',87,'3','zonas_de_mantenimiento_de_alumbrado_publico','SI',148,'2009-06-16 04:31:12','1','PRESTADOR'),('0307','RECLAMO',88,'1','zonas_de_mantenimiento_de_alumbrado_publico','SI',149,'2009-06-16 04:31:12','1','PRESTADOR'),('0307','RECLAMO',89,'4','zonas_de_mantenimiento_de_alumbrado_publico','SI',183,'2009-06-16 04:31:12','1','PRESTADOR'),('0307','RECLAMO',1010,'','zonas_de_mantenimiento_de_alumbrado_publico','NO',344,'2009-06-16 04:32:14','1','RESPONSABLE'),('0308','RECLAMO',90,'','','NO',120,'2009-06-16 04:31:12','1','PRESTADOR'),('0308','RECLAMO',635,'','','NO',120,'2009-06-16 04:31:57','1','RESPONSABLE'),('0309','RECLAMO',91,'','','NO',120,'2009-06-16 04:31:12','1','PRESTADOR'),('0309','RECLAMO',636,'','','NO',120,'2009-06-16 04:31:57','1','RESPONSABLE'),('0310','RECLAMO',92,'','','NO',120,'2009-06-16 04:31:12','1','PRESTADOR'),('0310','RECLAMO',637,'','','NO',120,'2009-06-16 04:31:57','1','RESPONSABLE'),('0311','RECLAMO',93,'1','zonas_de_recoleccion','SI',117,'2009-06-16 04:31:12','1','PRESTADOR'),('0311','RECLAMO',94,'2','zonas_de_recoleccion','SI',117,'2009-06-16 04:31:12','1','PRESTADOR'),('0311','RECLAMO',95,'3','zonas_de_recoleccion','SI',117,'2009-06-16 04:31:12','1','PRESTADOR'),('0311','RECLAMO',96,'4','zonas_de_recoleccion','SI',117,'2009-06-16 04:31:12','1','PRESTADOR'),('0311','RECLAMO',97,'6','zonas_de_recoleccion','SI',117,'2009-06-16 04:31:12','1','PRESTADOR'),('0311','RECLAMO',98,'5','zonas_de_recoleccion','SI',120,'2009-06-16 04:31:12','1','PRESTADOR'),('0311','RECLAMO',1011,'','zonas_de_recoleccion','NO',120,'2009-06-16 04:32:14','1','RESPONSABLE'),('0312','RECLAMO',99,'','','NO',120,'2009-06-16 04:31:13','1','PRESTADOR'),('0312','RECLAMO',639,'','','NO',120,'2009-06-16 04:31:57','1','RESPONSABLE'),('0313','RECLAMO',100,'','','NO',113,'2009-06-16 04:31:13','1','PRESTADOR'),('0313','RECLAMO',640,'','','NO',113,'2009-06-16 04:31:57','1','RESPONSABLE'),('0314','RECLAMO',101,'','','NO',113,'2009-06-16 04:31:13','1','PRESTADOR'),('0314','RECLAMO',641,'','','NO',113,'2009-06-16 04:31:57','1','RESPONSABLE'),('0315','RECLAMO',102,'','','NO',120,'2009-06-16 04:31:13','1','PRESTADOR'),('0315','RECLAMO',642,'','','NO',120,'2009-06-16 04:31:58','1','RESPONSABLE'),('0316','RECLAMO',103,'','','NO',120,'2009-06-16 04:31:13','1','PRESTADOR'),('0316','RECLAMO',643,'','','NO',165,'2009-06-16 04:31:58','1','RESPONSABLE'),('0317','RECLAMO',104,'','','NO',120,'2009-06-16 04:31:13','1','PRESTADOR'),('0317','RECLAMO',644,'','','NO',120,'2009-06-16 04:31:58','1','RESPONSABLE'),('0318','RECLAMO',105,'','','NO',352,'2009-06-16 04:31:13','1','PRESTADOR'),('0318','RECLAMO',645,'','','NO',352,'2009-06-16 04:31:58','1','RESPONSABLE'),('0319','RECLAMO',549,'','','NO',349,'2009-06-16 04:31:51','1','PRESTADOR'),('0319','RECLAMO',646,'','','NO',349,'2009-06-16 04:31:58','1','RESPONSABLE'),('0320','RECLAMO',550,'','','NO',346,'2009-06-16 04:31:52','1','PRESTADOR'),('0320','RECLAMO',647,'','','NO',346,'2009-06-16 04:31:58','1','RESPONSABLE'),('0321','RECLAMO',502,'','','NO',121,'2009-06-16 04:31:47','1','PRESTADOR'),('0321','RECLAMO',760,'','','NO',121,'2009-06-16 04:32:03','1','RESPONSABLE'),('0322','RECLAMO',106,'','','NO',120,'2009-06-16 04:31:13','1','PRESTADOR'),('0322','RECLAMO',648,'','','NO',120,'2009-06-16 04:31:58','1','RESPONSABLE'),('04','RECLAMO',107,'','','NO',352,'2009-06-16 04:31:13','1','PRESTADOR'),('04','RECLAMO',649,'','','NO',352,'2009-06-16 04:31:58','1','RESPONSABLE'),('0414','RECLAMO',108,'','','NO',352,'2009-06-16 04:31:13','1','PRESTADOR'),('0414','RECLAMO',650,'','','NO',352,'2009-06-16 04:31:58','1','RESPONSABLE'),('0415','RECLAMO',512,'','','NO',352,'2009-06-16 04:31:48','1','PRESTADOR'),('0415','RECLAMO',765,'','','NO',352,'2009-06-16 04:32:03','1','RESPONSABLE'),('0416','RECLAMO',538,'','','NO',352,'2009-06-16 04:31:50','1','PRESTADOR'),('0416','RECLAMO',766,'','','NO',352,'2009-06-16 04:32:03','1','RESPONSABLE'),('0421','RECLAMO',109,'','','NO',352,'2009-06-16 04:31:13','1','PRESTADOR'),('0421','RECLAMO',651,'','','NO',352,'2009-06-16 04:31:58','1','RESPONSABLE'),('0422','RECLAMO',110,'','','NO',352,'2009-06-16 04:31:14','1','PRESTADOR'),('0422','RECLAMO',652,'','','NO',352,'2009-06-16 04:31:58','1','RESPONSABLE'),('0423','RECLAMO',111,'','','NO',352,'2009-06-16 04:31:14','1','PRESTADOR'),('0423','RECLAMO',653,'','','NO',352,'2009-06-16 04:31:58','1','RESPONSABLE'),('0424','RECLAMO',112,'','','NO',352,'2009-06-16 04:31:14','1','PRESTADOR'),('0424','RECLAMO',654,'','','NO',352,'2009-06-16 04:31:58','1','RESPONSABLE'),('0425','RECLAMO',113,'','','NO',352,'2009-06-16 04:31:14','1','PRESTADOR'),('0425','RECLAMO',655,'','','NO',352,'2009-06-16 04:31:58','1','RESPONSABLE'),('0426','RECLAMO',114,'','','NO',352,'2009-06-16 04:31:14','1','PRESTADOR'),('0426','RECLAMO',656,'','','NO',352,'2009-06-16 04:31:58','1','RESPONSABLE'),('0427','RECLAMO',115,'','','NO',352,'2009-06-16 04:31:14','1','PRESTADOR'),('0427','RECLAMO',657,'','','NO',352,'2009-06-16 04:31:58','1','RESPONSABLE'),('0428','RECLAMO',116,'','','NO',352,'2009-06-16 04:31:14','1','PRESTADOR'),('0428','RECLAMO',658,'','','NO',352,'2009-06-16 04:31:58','1','RESPONSABLE'),('0429','RECLAMO',117,'','','NO',352,'2009-06-16 04:31:14','1','PRESTADOR'),('0429','RECLAMO',659,'','','NO',352,'2009-06-16 04:31:58','1','RESPONSABLE'),('0431','RECLAMO',118,'','','NO',352,'2009-06-16 04:31:14','1','PRESTADOR'),('0431','RECLAMO',660,'','','NO',352,'2009-06-16 04:31:58','1','RESPONSABLE'),('0432','RECLAMO',119,'','','NO',352,'2009-06-16 04:31:14','1','PRESTADOR'),('0432','RECLAMO',661,'','','NO',352,'2009-06-16 04:31:58','1','RESPONSABLE'),('0433','RECLAMO',120,'','','NO',130,'2009-06-16 04:31:14','1','PRESTADOR'),('0433','RECLAMO',662,'','','NO',130,'2009-06-16 04:31:58','1','RESPONSABLE'),('0434','RECLAMO',121,'','','NO',352,'2009-06-16 04:31:14','1','PRESTADOR'),('0434','RECLAMO',663,'','','NO',352,'2009-06-16 04:31:58','1','RESPONSABLE'),('0435','RECLAMO',262,'','','NO',121,'2009-06-16 04:31:26','1','PRESTADOR'),('0435','RECLAMO',673,'','','NO',121,'2009-06-16 04:31:59','1','RESPONSABLE'),('0436','RECLAMO',26,'','','NO',352,'2009-07-20 09:28:44','1','RESPONSABLE'),('0436','RECLAMO',27,'','','NO',352,'2009-07-20 09:29:07','1','PRESTADOR'),('05','RECLAMO',122,'','','NO',112,'2009-06-16 04:31:15','1','PRESTADOR'),('05','RECLAMO',664,'','','NO',112,'2009-06-16 04:31:58','1','RESPONSABLE'),('0501','RECLAMO',123,'5','zonas_de_mantenimiento_de_alumbrado_publico','SI',492,'2009-06-16 04:31:15','1','PRESTADOR'),('0501','RECLAMO',124,'2','zonas_de_mantenimiento_de_alumbrado_publico','SI',146,'2009-06-16 04:31:15','1','PRESTADOR'),('0501','RECLAMO',125,'3','zonas_de_mantenimiento_de_alumbrado_publico','SI',148,'2009-06-16 04:31:15','1','PRESTADOR'),('0501','RECLAMO',126,'1','zonas_de_mantenimiento_de_alumbrado_publico','SI',149,'2009-06-16 04:31:15','1','PRESTADOR'),('0501','RECLAMO',127,'4','zonas_de_mantenimiento_de_alumbrado_publico','SI',183,'2009-06-16 04:31:15','1','PRESTADOR'),('0501','RECLAMO',842,'','zonas_de_mantenimiento_de_alumbrado_publico','NO',344,'2009-06-16 04:32:06','1','RESPONSABLE'),('0502','RECLAMO',128,'5','zonas_de_mantenimiento_de_alumbrado_publico','SI',492,'2009-06-16 04:31:15','1','PRESTADOR'),('0502','RECLAMO',129,'2','zonas_de_mantenimiento_de_alumbrado_publico','SI',146,'2009-06-16 04:31:15','1','PRESTADOR'),('0502','RECLAMO',130,'3','zonas_de_mantenimiento_de_alumbrado_publico','SI',148,'2009-06-16 04:31:15','1','PRESTADOR'),('0502','RECLAMO',131,'1','zonas_de_mantenimiento_de_alumbrado_publico','SI',149,'2009-06-16 04:31:15','1','PRESTADOR'),('0502','RECLAMO',132,'4','zonas_de_mantenimiento_de_alumbrado_publico','SI',183,'2009-06-16 04:31:15','1','PRESTADOR'),('0502','RECLAMO',843,'','zonas_de_mantenimiento_de_alumbrado_publico','NO',344,'2009-06-16 04:32:07','1','RESPONSABLE'),('0503','RECLAMO',133,'5','zonas_de_mantenimiento_de_alumbrado_publico','SI',492,'2009-06-16 04:31:16','1','PRESTADOR'),('0503','RECLAMO',134,'2','zonas_de_mantenimiento_de_alumbrado_publico','SI',146,'2009-06-16 04:31:16','1','PRESTADOR'),('0503','RECLAMO',135,'3','zonas_de_mantenimiento_de_alumbrado_publico','SI',148,'2009-06-16 04:31:16','1','PRESTADOR'),('0503','RECLAMO',136,'1','zonas_de_mantenimiento_de_alumbrado_publico','SI',149,'2009-06-16 04:31:16','1','PRESTADOR'),('0503','RECLAMO',137,'4','zonas_de_mantenimiento_de_alumbrado_publico','SI',183,'2009-06-16 04:31:16','1','PRESTADOR'),('0503','RECLAMO',665,'','zonas_de_mantenimiento_de_alumbrado_publico','NO',344,'2009-06-16 04:31:58','1','RESPONSABLE'),('0504','RECLAMO',138,'5','zonas_de_mantenimiento_de_alumbrado_publico','SI',492,'2009-06-16 04:31:16','1','PRESTADOR'),('0504','RECLAMO',139,'2','zonas_de_mantenimiento_de_alumbrado_publico','SI',146,'2009-06-16 04:31:16','1','PRESTADOR'),('0504','RECLAMO',140,'3','zonas_de_mantenimiento_de_alumbrado_publico','SI',148,'2009-06-16 04:31:16','1','PRESTADOR'),('0504','RECLAMO',141,'1','zonas_de_mantenimiento_de_alumbrado_publico','SI',149,'2009-06-16 04:31:16','1','PRESTADOR'),('0504','RECLAMO',142,'4','zonas_de_mantenimiento_de_alumbrado_publico','SI',183,'2009-06-16 04:31:16','1','PRESTADOR'),('0504','RECLAMO',666,'','zonas_de_mantenimiento_de_alumbrado_publico','NO',344,'2009-06-16 04:31:59','1','RESPONSABLE'),('0505','RECLAMO',143,'5','zonas_de_mantenimiento_de_alumbrado_publico','SI',492,'2009-06-16 04:31:16','1','PRESTADOR'),('0505','RECLAMO',144,'2','zonas_de_mantenimiento_de_alumbrado_publico','SI',146,'2009-06-16 04:31:17','1','PRESTADOR'),('0505','RECLAMO',145,'3','zonas_de_mantenimiento_de_alumbrado_publico','SI',148,'2009-06-16 04:31:17','1','PRESTADOR'),('0505','RECLAMO',146,'1','zonas_de_mantenimiento_de_alumbrado_publico','SI',149,'2009-06-16 04:31:17','1','PRESTADOR'),('0505','RECLAMO',147,'4','zonas_de_mantenimiento_de_alumbrado_publico','SI',183,'2009-06-16 04:31:17','1','PRESTADOR'),('0505','RECLAMO',667,'','zonas_de_mantenimiento_de_alumbrado_publico','NO',344,'2009-06-16 04:31:59','1','RESPONSABLE'),('0506','RECLAMO',148,'5','zonas_de_mantenimiento_de_alumbrado_publico','SI',492,'2009-06-16 04:31:17','1','PRESTADOR'),('0506','RECLAMO',149,'2','zonas_de_mantenimiento_de_alumbrado_publico','SI',146,'2009-06-16 04:31:17','1','PRESTADOR'),('0506','RECLAMO',150,'3','zonas_de_mantenimiento_de_alumbrado_publico','SI',148,'2009-06-16 04:31:17','1','PRESTADOR'),('0506','RECLAMO',151,'1','zonas_de_mantenimiento_de_alumbrado_publico','SI',149,'2009-06-16 04:31:17','1','PRESTADOR'),('0506','RECLAMO',152,'4','zonas_de_mantenimiento_de_alumbrado_publico','SI',183,'2009-06-16 04:31:17','1','PRESTADOR'),('0506','RECLAMO',690,'','zonas_de_mantenimiento_de_alumbrado_publico','NO',344,'2009-06-16 04:32:00','1','RESPONSABLE'),('0507','RECLAMO',153,'5','zonas_de_mantenimiento_de_alumbrado_publico','SI',492,'2009-06-16 04:31:17','1','PRESTADOR'),('0507','RECLAMO',154,'2','zonas_de_mantenimiento_de_alumbrado_publico','SI',146,'2009-06-16 04:31:17','1','PRESTADOR'),('0507','RECLAMO',155,'3','zonas_de_mantenimiento_de_alumbrado_publico','SI',148,'2009-06-16 04:31:17','1','PRESTADOR'),('0507','RECLAMO',156,'1','zonas_de_mantenimiento_de_alumbrado_publico','SI',149,'2009-06-16 04:31:18','1','PRESTADOR'),('0507','RECLAMO',157,'4','zonas_de_mantenimiento_de_alumbrado_publico','SI',183,'2009-06-16 04:31:18','1','PRESTADOR'),('0507','RECLAMO',668,'','zonas_de_mantenimiento_de_alumbrado_publico','NO',344,'2009-06-16 04:31:59','1','RESPONSABLE'),('0508','RECLAMO',503,'1','zonas_de_mantenimiento_de_alumbrado_publico','SI',149,'2009-06-16 04:31:48','1','PRESTADOR'),('0508','RECLAMO',504,'2','zonas_de_mantenimiento_de_alumbrado_publico','SI',146,'2009-06-16 04:31:48','1','PRESTADOR'),('0508','RECLAMO',505,'3','zonas_de_mantenimiento_de_alumbrado_publico','SI',148,'2009-06-16 04:31:48','1','PRESTADOR'),('0508','RECLAMO',506,'4','zonas_de_mantenimiento_de_alumbrado_publico','SI',183,'2009-06-16 04:31:48','1','PRESTADOR'),('0508','RECLAMO',507,'5','zonas_de_mantenimiento_de_alumbrado_publico','SI',492,'2009-06-16 04:31:48','1','PRESTADOR'),('0508','RECLAMO',669,'','zonas_de_mantenimiento_de_alumbrado_publico','NO',344,'2009-06-16 04:31:59','1','RESPONSABLE'),('0509','RECLAMO',158,'','','NO',344,'2009-06-16 04:31:18','1','PRESTADOR'),('0509','RECLAMO',670,'','','NO',344,'2009-06-16 04:31:59','1','RESPONSABLE'),('0510','RECLAMO',159,'','','NO',344,'2009-06-16 04:31:18','1','PRESTADOR'),('0510','RECLAMO',697,'','','NO',344,'2009-06-16 04:32:00','1','RESPONSABLE'),('0511','RECLAMO',28,'','','NO',344,'2009-07-20 09:29:56','1','RESPONSABLE'),('0511','RECLAMO',29,'','','NO',344,'2009-07-20 09:30:10','1','PRESTADOR'),('06','RECLAMO',508,'','','NO',121,'2009-06-16 04:31:48','1','PRESTADOR'),('06','RECLAMO',1013,'','','NO',121,'2009-06-16 04:32:14','1','RESPONSABLE'),('0601','RECLAMO',295,'1','zonas_de_recoleccion','SI',102,'2009-06-16 04:31:29','1','PRESTADOR'),('0601','RECLAMO',296,'2','zonas_de_recoleccion','SI',187,'2009-06-16 04:31:29','1','PRESTADOR'),('0601','RECLAMO',582,'3','zonas_de_recoleccion','SI',184,'2009-06-16 04:31:55','1','PRESTADOR'),('0601','RECLAMO',583,'4','zonas_de_recoleccion','SI',185,'2009-06-16 04:31:55','1','PRESTADOR'),('0601','RECLAMO',584,'5','zonas_de_recoleccion','SI',179,'2009-06-16 04:31:55','1','PRESTADOR'),('0601','RECLAMO',585,'6','zonas_de_recoleccion','SI',186,'2009-06-16 04:31:55','1','PRESTADOR'),('0601','RECLAMO',698,'','zonas_de_recoleccion','NO',121,'2009-06-16 04:32:00','1','RESPONSABLE'),('0602','RECLAMO',160,'1','zonas_de_recoleccion','SI',102,'2009-06-16 04:31:18','1','PRESTADOR'),('0602','RECLAMO',161,'5','zonas_de_recoleccion','SI',179,'2009-06-16 04:31:18','1','PRESTADOR'),('0602','RECLAMO',162,'3','zonas_de_recoleccion','SI',184,'2009-06-16 04:31:18','1','PRESTADOR'),('0602','RECLAMO',163,'4','zonas_de_recoleccion','SI',185,'2009-06-16 04:31:18','1','PRESTADOR'),('0602','RECLAMO',164,'6','zonas_de_recoleccion','SI',186,'2009-06-16 04:31:18','1','PRESTADOR'),('0602','RECLAMO',165,'2','zonas_de_recoleccion','SI',187,'2009-06-16 04:31:18','1','PRESTADOR'),('0602','RECLAMO',699,'1','zonas_de_recoleccion','SI',121,'2009-06-16 04:32:00','1','RESPONSABLE'),('0602','RECLAMO',700,'2','zonas_de_recoleccion','SI',121,'2009-06-16 04:32:00','1','RESPONSABLE'),('0602','RECLAMO',701,'3','zonas_de_recoleccion','SI',121,'2009-06-16 04:32:00','1','RESPONSABLE'),('0602','RECLAMO',702,'4','zonas_de_recoleccion','SI',121,'2009-06-16 04:32:00','1','RESPONSABLE'),('0602','RECLAMO',703,'5','zonas_de_recoleccion','SI',179,'2009-06-16 04:32:00','1','RESPONSABLE'),('0602','RECLAMO',704,'6','zonas_de_recoleccion','SI',121,'2009-06-16 04:32:00','1','RESPONSABLE'),('0603','RECLAMO',166,'','','NO',120,'2009-06-16 04:31:18','1','PRESTADOR'),('0603','RECLAMO',705,'','','NO',120,'2009-06-16 04:32:00','1','RESPONSABLE'),('0604','RECLAMO',167,'','','NO',349,'2009-06-16 04:31:18','1','PRESTADOR'),('0604','RECLAMO',706,'','','NO',349,'2009-06-16 04:32:00','1','RESPONSABLE'),('0605','RECLAMO',168,'','','NO',121,'2009-06-16 04:31:19','1','PRESTADOR'),('0605','RECLAMO',707,'','','NO',121,'2009-06-16 04:32:00','1','RESPONSABLE'),('0606','RECLAMO',169,'','','NO',349,'2009-06-16 04:31:19','1','PRESTADOR'),('0606','RECLAMO',708,'','','NO',349,'2009-06-16 04:32:00','1','RESPONSABLE'),('0607','RECLAMO',170,'1','zonas_de_recoleccion','SI',102,'2009-06-16 04:31:19','1','PRESTADOR'),('0607','RECLAMO',171,'5','zonas_de_recoleccion','SI',179,'2009-06-16 04:31:19','1','PRESTADOR'),('0607','RECLAMO',310,'3','zonas_de_recoleccion','SI',184,'2009-06-16 04:31:30','1','PRESTADOR'),('0607','RECLAMO',311,'4','zonas_de_recoleccion','SI',185,'2009-06-16 04:31:30','1','PRESTADOR'),('0607','RECLAMO',312,'6','zonas_de_recoleccion','SI',186,'2009-06-16 04:31:30','1','PRESTADOR'),('0607','RECLAMO',313,'2','zonas_de_recoleccion','SI',187,'2009-06-16 04:31:31','1','PRESTADOR'),('0607','RECLAMO',709,'1','zonas_de_recoleccion','SI',121,'2009-06-16 04:32:00','1','RESPONSABLE'),('0607','RECLAMO',710,'2','zonas_de_recoleccion','SI',121,'2009-06-16 04:32:00','1','RESPONSABLE'),('0607','RECLAMO',711,'3','zonas_de_recoleccion','SI',121,'2009-06-16 04:32:00','1','RESPONSABLE'),('0607','RECLAMO',712,'4','zonas_de_recoleccion','SI',121,'2009-06-16 04:32:01','1','RESPONSABLE'),('0607','RECLAMO',713,'5','zonas_de_recoleccion','SI',179,'2009-06-16 04:32:01','1','RESPONSABLE'),('0607','RECLAMO',714,'6','zonas_de_recoleccion','SI',121,'2009-06-16 04:32:01','1','RESPONSABLE'),('0608','RECLAMO',314,'','','NO',179,'2009-06-16 04:31:31','1','PRESTADOR'),('0608','RECLAMO',715,'','','NO',179,'2009-06-16 04:32:01','1','RESPONSABLE'),('0609','RECLAMO',315,'','','NO',121,'2009-06-16 04:31:31','1','PRESTADOR'),('0609','RECLAMO',716,'','','NO',121,'2009-06-16 04:32:01','1','RESPONSABLE'),('0610','RECLAMO',316,'','','NO',169,'2009-06-16 04:31:31','1','PRESTADOR'),('0610','RECLAMO',717,'','','NO',169,'2009-06-16 04:32:01','1','RESPONSABLE'),('0611','RECLAMO',317,'1','zonas_de_recoleccion','SI',102,'2009-06-16 04:31:31','1','PRESTADOR'),('0611','RECLAMO',318,'5','zonas_de_recoleccion','SI',179,'2009-06-16 04:31:31','1','PRESTADOR'),('0611','RECLAMO',319,'3','zonas_de_recoleccion','SI',184,'2009-06-16 04:31:31','1','PRESTADOR'),('0611','RECLAMO',320,'4','zonas_de_recoleccion','SI',185,'2009-06-16 04:31:31','1','PRESTADOR'),('0611','RECLAMO',321,'6','zonas_de_recoleccion','SI',186,'2009-06-16 04:31:31','1','PRESTADOR'),('0611','RECLAMO',322,'2','zonas_de_recoleccion','SI',187,'2009-06-16 04:31:31','1','PRESTADOR'),('0611','RECLAMO',718,'1','zonas_de_recoleccion','SI',121,'2009-06-16 04:32:01','1','RESPONSABLE'),('0611','RECLAMO',719,'2','zonas_de_recoleccion','SI',121,'2009-06-16 04:32:01','1','RESPONSABLE'),('0611','RECLAMO',720,'3','zonas_de_recoleccion','SI',121,'2009-06-16 04:32:01','1','RESPONSABLE'),('0611','RECLAMO',721,'4','zonas_de_recoleccion','SI',121,'2009-06-16 04:32:01','1','RESPONSABLE'),('0611','RECLAMO',722,'5','zonas_de_recoleccion','SI',121,'2009-06-16 04:32:01','1','RESPONSABLE'),('0611','RECLAMO',723,'6','zonas_de_recoleccion','SI',121,'2009-06-16 04:32:01','1','RESPONSABLE'),('0612','RECLAMO',323,'','','NO',119,'2009-06-16 04:31:31','1','PRESTADOR'),('0612','RECLAMO',724,'','','NO',119,'2009-06-16 04:32:01','1','RESPONSABLE'),('0613','RECLAMO',297,'','','NO',349,'2009-06-16 04:31:29','1','PRESTADOR'),('0613','RECLAMO',674,'','','NO',349,'2009-06-16 04:31:59','1','RESPONSABLE'),('0614','RECLAMO',325,'1','zonas_de_recoleccion','SI',102,'2009-06-16 04:31:32','1','PRESTADOR'),('0614','RECLAMO',326,'5','zonas_de_recoleccion','SI',179,'2009-06-16 04:31:32','1','PRESTADOR'),('0614','RECLAMO',327,'3','zonas_de_recoleccion','SI',184,'2009-06-16 04:31:32','1','PRESTADOR'),('0614','RECLAMO',328,'4','zonas_de_recoleccion','SI',185,'2009-06-16 04:31:32','1','PRESTADOR'),('0614','RECLAMO',329,'6','zonas_de_recoleccion','SI',186,'2009-06-16 04:31:32','1','PRESTADOR'),('0614','RECLAMO',330,'2','zonas_de_recoleccion','SI',187,'2009-06-16 04:31:32','1','PRESTADOR'),('0614','RECLAMO',725,'1','zonas_de_recoleccion','SI',121,'2009-06-16 04:32:01','1','RESPONSABLE'),('0614','RECLAMO',726,'2','zonas_de_recoleccion','SI',121,'2009-06-16 04:32:01','1','RESPONSABLE'),('0614','RECLAMO',727,'3','zonas_de_recoleccion','SI',121,'2009-06-16 04:32:01','1','RESPONSABLE'),('0614','RECLAMO',728,'4','zonas_de_recoleccion','SI',121,'2009-06-16 04:32:01','1','RESPONSABLE'),('0614','RECLAMO',729,'5','zonas_de_recoleccion','SI',179,'2009-06-16 04:32:01','1','RESPONSABLE'),('0614','RECLAMO',730,'6','zonas_de_recoleccion','SI',121,'2009-06-16 04:32:01','1','RESPONSABLE'),('0615','RECLAMO',331,'1','zonas_de_recoleccion','SI',102,'2009-06-16 04:31:32','1','PRESTADOR'),('0615','RECLAMO',332,'5','zonas_de_recoleccion','SI',179,'2009-06-16 04:31:32','1','PRESTADOR'),('0615','RECLAMO',333,'3','zonas_de_recoleccion','SI',184,'2009-06-16 04:31:33','1','PRESTADOR'),('0615','RECLAMO',334,'4','zonas_de_recoleccion','SI',185,'2009-06-16 04:31:33','1','PRESTADOR'),('0615','RECLAMO',335,'6','zonas_de_recoleccion','SI',186,'2009-06-16 04:31:33','1','PRESTADOR'),('0615','RECLAMO',336,'2','zonas_de_recoleccion','SI',187,'2009-06-16 04:31:33','1','PRESTADOR'),('0615','RECLAMO',731,'1','zonas_de_recoleccion','SI',121,'2009-06-16 04:32:01','1','RESPONSABLE'),('0615','RECLAMO',732,'2','zonas_de_recoleccion','SI',121,'2009-06-16 04:32:01','1','RESPONSABLE'),('0615','RECLAMO',733,'3','zonas_de_recoleccion','SI',121,'2009-06-16 04:32:01','1','RESPONSABLE'),('0615','RECLAMO',734,'4','zonas_de_recoleccion','SI',121,'2009-06-16 04:32:01','1','RESPONSABLE'),('0615','RECLAMO',735,'5','zonas_de_recoleccion','SI',179,'2009-06-16 04:32:01','1','RESPONSABLE'),('0615','RECLAMO',736,'6','zonas_de_recoleccion','SI',121,'2009-06-16 04:32:02','1','RESPONSABLE'),('0616','RECLAMO',337,'1','zonas_de_recoleccion','SI',102,'2009-06-16 04:31:33','1','PRESTADOR'),('0616','RECLAMO',338,'5','zonas_de_recoleccion','SI',179,'2009-06-16 04:31:33','1','PRESTADOR'),('0616','RECLAMO',339,'3','zonas_de_recoleccion','SI',184,'2009-06-16 04:31:33','1','PRESTADOR'),('0616','RECLAMO',340,'4','zonas_de_recoleccion','SI',185,'2009-06-16 04:31:33','1','PRESTADOR'),('0616','RECLAMO',341,'6','zonas_de_recoleccion','SI',186,'2009-06-16 04:31:33','1','PRESTADOR'),('0616','RECLAMO',342,'2','zonas_de_recoleccion','SI',187,'2009-06-16 04:31:33','1','PRESTADOR'),('0616','RECLAMO',737,'1','zonas_de_recoleccion','SI',121,'2009-06-16 04:32:02','1','RESPONSABLE'),('0616','RECLAMO',738,'2','zonas_de_recoleccion','SI',121,'2009-06-16 04:32:02','1','RESPONSABLE'),('0616','RECLAMO',739,'3','zonas_de_recoleccion','SI',121,'2009-06-16 04:32:02','1','RESPONSABLE'),('0616','RECLAMO',740,'4','zonas_de_recoleccion','SI',121,'2009-06-16 04:32:02','1','RESPONSABLE'),('0616','RECLAMO',741,'5','zonas_de_recoleccion','SI',179,'2009-06-16 04:32:02','1','RESPONSABLE'),('0616','RECLAMO',742,'6','zonas_de_recoleccion','SI',121,'2009-06-16 04:32:02','1','RESPONSABLE'),('0617','RECLAMO',192,'','','NO',349,'2009-06-16 04:31:21','1','PRESTADOR'),('0617','RECLAMO',889,'','','NO',349,'2009-06-16 04:32:09','1','RESPONSABLE'),('0618','RECLAMO',179,'1','zonas_de_recoleccion','SI',102,'2009-06-16 04:31:19','1','PRESTADOR'),('0618','RECLAMO',180,'2','zonas_de_recoleccion','SI',187,'2009-06-16 04:31:20','1','PRESTADOR'),('0618','RECLAMO',181,'3','zonas_de_recoleccion','SI',184,'2009-06-16 04:31:20','1','PRESTADOR'),('0618','RECLAMO',182,'4','zonas_de_recoleccion','SI',185,'2009-06-16 04:31:20','1','PRESTADOR'),('0618','RECLAMO',183,'5','zonas_de_recoleccion','SI',179,'2009-06-16 04:31:20','1','PRESTADOR'),('0618','RECLAMO',184,'6','zonas_de_recoleccion','SI',186,'2009-06-16 04:31:20','1','PRESTADOR'),('0618','RECLAMO',793,'1','zonas_de_recoleccion','SI',121,'2009-06-16 04:32:04','1','RESPONSABLE'),('0618','RECLAMO',794,'2','zonas_de_recoleccion','SI',121,'2009-06-16 04:32:04','1','RESPONSABLE'),('0618','RECLAMO',795,'3','zonas_de_recoleccion','SI',121,'2009-06-16 04:32:04','1','RESPONSABLE'),('0618','RECLAMO',796,'4','zonas_de_recoleccion','SI',121,'2009-06-16 04:32:04','1','RESPONSABLE'),('0618','RECLAMO',872,'5','zonas_de_recoleccion','SI',179,'2009-06-16 04:32:08','1','RESPONSABLE'),('0618','RECLAMO',873,'6','zonas_de_recoleccion','SI',121,'2009-06-16 04:32:08','1','RESPONSABLE'),('0619','RECLAMO',345,'1','zonas_de_recoleccion','SI',102,'2009-06-16 04:31:34','1','PRESTADOR'),('0619','RECLAMO',346,'5','zonas_de_recoleccion','SI',179,'2009-06-16 04:31:34','1','PRESTADOR'),('0619','RECLAMO',347,'3','zonas_de_recoleccion','SI',184,'2009-06-16 04:31:34','1','PRESTADOR'),('0619','RECLAMO',348,'4','zonas_de_recoleccion','SI',185,'2009-06-16 04:31:34','1','PRESTADOR'),('0619','RECLAMO',349,'6','zonas_de_recoleccion','SI',186,'2009-06-16 04:31:34','1','PRESTADOR'),('0619','RECLAMO',350,'2','zonas_de_recoleccion','SI',187,'2009-06-16 04:31:34','1','PRESTADOR'),('0619','RECLAMO',797,'1','zonas_de_recoleccion','SI',121,'2009-06-16 04:32:04','1','RESPONSABLE'),('0619','RECLAMO',798,'2','zonas_de_recoleccion','SI',121,'2009-06-16 04:32:04','1','RESPONSABLE'),('0619','RECLAMO',799,'3','zonas_de_recoleccion','SI',121,'2009-06-16 04:32:05','1','RESPONSABLE'),('0619','RECLAMO',800,'4','zonas_de_recoleccion','SI',121,'2009-06-16 04:32:05','1','RESPONSABLE'),('0619','RECLAMO',874,'5','zonas_de_recoleccion','SI',179,'2009-06-16 04:32:08','1','RESPONSABLE'),('0619','RECLAMO',887,'6','zonas_de_recoleccion','SI',121,'2009-06-16 04:32:08','1','RESPONSABLE'),('0620','RECLAMO',294,'1','zonas_de_recoleccion','SI',102,'2009-06-16 04:31:29','1','PRESTADOR'),('0620','RECLAMO',540,'2','zonas_de_recoleccion','SI',187,'2009-06-16 04:31:51','1','PRESTADOR'),('0620','RECLAMO',541,'3','zonas_de_recoleccion','SI',184,'2009-06-16 04:31:51','1','PRESTADOR'),('0620','RECLAMO',542,'4','zonas_de_recoleccion','SI',185,'2009-06-16 04:31:51','1','PRESTADOR'),('0620','RECLAMO',543,'5','zonas_de_recoleccion','SI',179,'2009-06-16 04:31:51','1','PRESTADOR'),('0620','RECLAMO',544,'6','zonas_de_recoleccion','SI',186,'2009-06-16 04:31:51','1','PRESTADOR'),('0620','RECLAMO',801,'1','zonas_de_recoleccion','SI',121,'2009-06-16 04:32:05','1','RESPONSABLE'),('0620','RECLAMO',802,'2','zonas_de_recoleccion','SI',121,'2009-06-16 04:32:05','1','RESPONSABLE'),('0620','RECLAMO',803,'3','zonas_de_recoleccion','SI',121,'2009-06-16 04:32:05','1','RESPONSABLE'),('0620','RECLAMO',804,'4','zonas_de_recoleccion','SI',121,'2009-06-16 04:32:05','1','RESPONSABLE'),('0620','RECLAMO',805,'5','zonas_de_recoleccion','SI',179,'2009-06-16 04:32:05','1','RESPONSABLE'),('0620','RECLAMO',806,'6','zonas_de_recoleccion','SI',121,'2009-06-16 04:32:05','1','RESPONSABLE'),('0621','RECLAMO',351,'1','zonas_de_recoleccion','SI',102,'2009-06-16 04:31:34','1','PRESTADOR'),('0621','RECLAMO',352,'5','zonas_de_recoleccion','SI',179,'2009-06-16 04:31:34','1','PRESTADOR'),('0621','RECLAMO',353,'3','zonas_de_recoleccion','SI',184,'2009-06-16 04:31:34','1','PRESTADOR'),('0621','RECLAMO',354,'4','zonas_de_recoleccion','SI',185,'2009-06-16 04:31:34','1','PRESTADOR'),('0621','RECLAMO',355,'6','zonas_de_recoleccion','SI',186,'2009-06-16 04:31:35','1','PRESTADOR'),('0621','RECLAMO',356,'2','zonas_de_recoleccion','SI',187,'2009-06-16 04:31:35','1','PRESTADOR'),('0621','RECLAMO',747,'1','zonas_de_recoleccion','SI',121,'2009-06-16 04:32:02','1','RESPONSABLE'),('0621','RECLAMO',748,'2','zonas_de_recoleccion','SI',121,'2009-06-16 04:32:02','1','RESPONSABLE'),('0621','RECLAMO',749,'3','zonas_de_recoleccion','SI',121,'2009-06-16 04:32:02','1','RESPONSABLE'),('0621','RECLAMO',750,'4','zonas_de_recoleccion','SI',121,'2009-06-16 04:32:02','1','RESPONSABLE'),('0621','RECLAMO',751,'5','zonas_de_recoleccion','SI',179,'2009-06-16 04:32:02','1','RESPONSABLE'),('0621','RECLAMO',752,'6','zonas_de_recoleccion','SI',121,'2009-06-16 04:32:02','1','RESPONSABLE'),('0622','RECLAMO',357,'','','NO',169,'2009-06-16 04:31:35','1','PRESTADOR'),('0622','RECLAMO',753,'','','NO',169,'2009-06-16 04:32:02','1','RESPONSABLE'),('0623','RECLAMO',191,'','','NO',349,'2009-06-16 04:31:20','1','PRESTADOR'),('0623','RECLAMO',754,'','','NO',349,'2009-06-16 04:32:02','1','RESPONSABLE'),('0624','RECLAMO',358,'','','NO',123,'2009-06-16 04:31:35','1','PRESTADOR'),('0624','RECLAMO',755,'','','NO',123,'2009-06-16 04:32:02','1','RESPONSABLE'),('0625','RECLAMO',359,'1','zonas_de_recoleccion','SI',102,'2009-06-16 04:31:35','1','PRESTADOR'),('0625','RECLAMO',360,'5','zonas_de_recoleccion','SI',179,'2009-06-16 04:31:35','1','PRESTADOR'),('0625','RECLAMO',361,'3','zonas_de_recoleccion','SI',184,'2009-06-16 04:31:35','1','PRESTADOR'),('0625','RECLAMO',362,'4','zonas_de_recoleccion','SI',185,'2009-06-16 04:31:35','1','PRESTADOR'),('0625','RECLAMO',363,'6','zonas_de_recoleccion','SI',186,'2009-06-16 04:31:35','1','PRESTADOR'),('0625','RECLAMO',364,'2','zonas_de_recoleccion','SI',187,'2009-06-16 04:31:35','1','PRESTADOR'),('0625','RECLAMO',756,'','zonas_de_recoleccion','NO',121,'2009-06-16 04:32:02','1','RESPONSABLE'),('0626','RECLAMO',365,'','','NO',169,'2009-06-16 04:31:35','1','PRESTADOR'),('0626','RECLAMO',757,'','','NO',169,'2009-06-16 04:32:03','1','RESPONSABLE'),('0627','RECLAMO',366,'1','zonas_de_recoleccion','SI',102,'2009-06-16 04:31:36','1','PRESTADOR'),('0627','RECLAMO',367,'5','zonas_de_recoleccion','SI',179,'2009-06-16 04:31:36','1','PRESTADOR'),('0627','RECLAMO',368,'3','zonas_de_recoleccion','SI',184,'2009-06-16 04:31:36','1','PRESTADOR'),('0627','RECLAMO',369,'4','zonas_de_recoleccion','SI',185,'2009-06-16 04:31:36','1','PRESTADOR'),('0627','RECLAMO',370,'6','zonas_de_recoleccion','SI',186,'2009-06-16 04:31:36','1','PRESTADOR'),('0627','RECLAMO',371,'2','zonas_de_recoleccion','SI',187,'2009-06-16 04:31:36','1','PRESTADOR'),('0627','RECLAMO',807,'1','zonas_de_recoleccion','SI',121,'2009-06-16 04:32:05','1','RESPONSABLE'),('0627','RECLAMO',808,'2','zonas_de_recoleccion','SI',121,'2009-06-16 04:32:05','1','RESPONSABLE'),('0627','RECLAMO',809,'3','zonas_de_recoleccion','SI',121,'2009-06-16 04:32:05','1','RESPONSABLE'),('0627','RECLAMO',810,'4','zonas_de_recoleccion','SI',121,'2009-06-16 04:32:05','1','RESPONSABLE'),('0627','RECLAMO',811,'5','zonas_de_recoleccion','SI',179,'2009-06-16 04:32:05','1','RESPONSABLE'),('0627','RECLAMO',812,'6','zonas_de_recoleccion','SI',121,'2009-06-16 04:32:05','1','RESPONSABLE'),('0628','RECLAMO',372,'1','zonas_de_recoleccion','SI',102,'2009-06-16 04:31:36','1','PRESTADOR'),('0628','RECLAMO',373,'5','zonas_de_recoleccion','SI',179,'2009-06-16 04:31:36','1','PRESTADOR'),('0628','RECLAMO',374,'3','zonas_de_recoleccion','SI',184,'2009-06-16 04:31:36','1','PRESTADOR'),('0628','RECLAMO',375,'4','zonas_de_recoleccion','SI',185,'2009-06-16 04:31:36','1','PRESTADOR'),('0628','RECLAMO',376,'6','zonas_de_recoleccion','SI',186,'2009-06-16 04:31:36','1','PRESTADOR'),('0628','RECLAMO',377,'2','zonas_de_recoleccion','SI',187,'2009-06-16 04:31:36','1','PRESTADOR'),('0628','RECLAMO',630,'2','zonas_de_recoleccion','SI',121,'2009-06-16 04:31:57','1','RESPONSABLE'),('0628','RECLAMO',813,'3','zonas_de_recoleccion','SI',121,'2009-06-16 04:32:05','1','RESPONSABLE'),('0628','RECLAMO',814,'4','zonas_de_recoleccion','SI',121,'2009-06-16 04:32:05','1','RESPONSABLE'),('0628','RECLAMO',815,'5','zonas_de_recoleccion','SI',179,'2009-06-16 04:32:05','1','RESPONSABLE'),('0628','RECLAMO',816,'6','zonas_de_recoleccion','SI',121,'2009-06-16 04:32:05','1','RESPONSABLE'),('0628','RECLAMO',1041,'1','zonas_de_recoleccion','SI',121,'2009-06-16 04:32:15','1','RESPONSABLE'),('0629','RECLAMO',378,'1','zonas_de_recoleccion','SI',102,'2009-06-16 04:31:37','1','PRESTADOR'),('0629','RECLAMO',379,'5','zonas_de_recoleccion','SI',179,'2009-06-16 04:31:37','1','PRESTADOR'),('0629','RECLAMO',380,'3','zonas_de_recoleccion','SI',184,'2009-06-16 04:31:37','1','PRESTADOR'),('0629','RECLAMO',381,'4','zonas_de_recoleccion','SI',185,'2009-06-16 04:31:37','1','PRESTADOR'),('0629','RECLAMO',382,'6','zonas_de_recoleccion','SI',186,'2009-06-16 04:31:37','1','PRESTADOR'),('0629','RECLAMO',383,'2','zonas_de_recoleccion','SI',187,'2009-06-16 04:31:37','1','PRESTADOR'),('0629','RECLAMO',633,'1','zonas_de_recoleccion','SI',121,'2009-06-16 04:31:57','1','RESPONSABLE'),('0629','RECLAMO',817,'3','zonas_de_recoleccion','SI',121,'2009-06-16 04:32:05','1','RESPONSABLE'),('0629','RECLAMO',818,'4','zonas_de_recoleccion','SI',121,'2009-06-16 04:32:05','1','RESPONSABLE'),('0629','RECLAMO',1018,'2','zonas_de_recoleccion','SI',121,'2009-06-16 04:32:14','1','RESPONSABLE'),('0629','RECLAMO',1019,'5','zonas_de_recoleccion','SI',179,'2009-06-16 04:32:14','1','RESPONSABLE'),('0629','RECLAMO',1020,'6','zonas_de_recoleccion','SI',121,'2009-06-16 04:32:14','1','RESPONSABLE'),('0630','RECLAMO',384,'1','zonas_de_recoleccion','SI',121,'2009-06-16 04:31:37','1','PRESTADOR'),('0630','RECLAMO',385,'2','zonas_de_recoleccion','SI',121,'2009-06-16 04:31:37','1','PRESTADOR'),('0630','RECLAMO',386,'3','zonas_de_recoleccion','SI',121,'2009-06-16 04:31:37','1','PRESTADOR'),('0630','RECLAMO',387,'4','zonas_de_recoleccion','SI',121,'2009-06-16 04:31:37','1','PRESTADOR'),('0630','RECLAMO',388,'5','zonas_de_recoleccion','SI',121,'2009-06-16 04:31:37','1','PRESTADOR'),('0630','RECLAMO',389,'6','zonas_de_recoleccion','SI',121,'2009-06-16 04:31:38','1','PRESTADOR'),('0630','RECLAMO',758,'1','zonas_de_recoleccion','SI',481,'2009-06-16 04:32:03','1','RESPONSABLE'),('0630','RECLAMO',937,'2','zonas_de_recoleccion','SI',481,'2009-06-16 04:32:11','1','RESPONSABLE'),('0630','RECLAMO',938,'3','zonas_de_recoleccion','SI',481,'2009-06-16 04:32:11','1','RESPONSABLE'),('0630','RECLAMO',939,'4','zonas_de_recoleccion','SI',481,'2009-06-16 04:32:11','1','RESPONSABLE'),('0630','RECLAMO',940,'5','zonas_de_recoleccion','SI',481,'2009-06-16 04:32:11','1','RESPONSABLE'),('0630','RECLAMO',941,'6','zonas_de_recoleccion','SI',481,'2009-06-16 04:32:11','1','RESPONSABLE'),('0631','RECLAMO',390,'1','zonas_de_recoleccion','SI',102,'2009-06-16 04:31:38','1','PRESTADOR'),('0631','RECLAMO',391,'2','zonas_de_recoleccion','SI',187,'2009-06-16 04:31:38','1','PRESTADOR'),('0631','RECLAMO',392,'3','zonas_de_recoleccion','SI',184,'2009-06-16 04:31:38','1','PRESTADOR'),('0631','RECLAMO',393,'4','zonas_de_recoleccion','SI',185,'2009-06-16 04:31:38','1','PRESTADOR'),('0631','RECLAMO',394,'5','zonas_de_recoleccion','SI',179,'2009-06-16 04:31:38','1','PRESTADOR'),('0631','RECLAMO',395,'6','zonas_de_recoleccion','SI',186,'2009-06-16 04:31:38','1','PRESTADOR'),('0631','RECLAMO',819,'5','zonas_de_recoleccion','SI',179,'2009-06-16 04:32:05','1','RESPONSABLE'),('0631','RECLAMO',942,'3','zonas_de_recoleccion','SI',121,'2009-06-16 04:32:11','1','RESPONSABLE'),('0631','RECLAMO',1021,'6','zonas_de_recoleccion','SI',121,'2009-06-16 04:32:14','1','RESPONSABLE'),('0631','RECLAMO',1042,'1','zonas_de_recoleccion','SI',121,'2009-06-16 04:32:15','1','RESPONSABLE'),('0631','RECLAMO',1043,'2','zonas_de_recoleccion','SI',121,'2009-06-16 04:32:15','1','RESPONSABLE'),('0631','RECLAMO',1044,'4','zonas_de_recoleccion','SI',121,'2009-06-16 04:32:15','1','RESPONSABLE'),('0632','RECLAMO',396,'1','zonas_de_recoleccion','SI',102,'2009-06-16 04:31:38','1','PRESTADOR'),('0632','RECLAMO',397,'2','zonas_de_recoleccion','SI',187,'2009-06-16 04:31:38','1','PRESTADOR'),('0632','RECLAMO',398,'3','zonas_de_recoleccion','SI',184,'2009-06-16 04:31:38','1','PRESTADOR'),('0632','RECLAMO',399,'4','zonas_de_recoleccion','SI',185,'2009-06-16 04:31:38','1','PRESTADOR'),('0632','RECLAMO',400,'5','zonas_de_recoleccion','SI',179,'2009-06-16 04:31:38','1','PRESTADOR'),('0632','RECLAMO',401,'6','zonas_de_recoleccion','SI',186,'2009-06-16 04:31:39','1','PRESTADOR'),('0632','RECLAMO',820,'1','zonas_de_recoleccion','SI',121,'2009-06-16 04:32:05','1','RESPONSABLE'),('0632','RECLAMO',821,'2','zonas_de_recoleccion','SI',121,'2009-06-16 04:32:06','1','RESPONSABLE'),('0632','RECLAMO',822,'3','zonas_de_recoleccion','SI',121,'2009-06-16 04:32:06','1','RESPONSABLE'),('0632','RECLAMO',823,'4','zonas_de_recoleccion','SI',121,'2009-06-16 04:32:06','1','RESPONSABLE'),('0632','RECLAMO',875,'5','zonas_de_recoleccion','SI',179,'2009-06-16 04:32:08','1','RESPONSABLE'),('0632','RECLAMO',876,'6','zonas_de_recoleccion','SI',121,'2009-06-16 04:32:08','1','RESPONSABLE'),('0633','RECLAMO',185,'1','zonas_de_recoleccion','SI',102,'2009-06-16 04:31:20','1','PRESTADOR'),('0633','RECLAMO',186,'2','zonas_de_recoleccion','SI',187,'2009-06-16 04:31:20','1','PRESTADOR'),('0633','RECLAMO',187,'3','zonas_de_recoleccion','SI',184,'2009-06-16 04:31:20','1','PRESTADOR'),('0633','RECLAMO',188,'4','zonas_de_recoleccion','SI',185,'2009-06-16 04:31:20','1','PRESTADOR'),('0633','RECLAMO',189,'5','zonas_de_recoleccion','SI',179,'2009-06-16 04:31:20','1','PRESTADOR'),('0633','RECLAMO',190,'6','zonas_de_recoleccion','SI',186,'2009-06-16 04:31:20','1','PRESTADOR'),('0633','RECLAMO',877,'1','zonas_de_recoleccion','SI',121,'2009-06-16 04:32:08','1','RESPONSABLE'),('0633','RECLAMO',878,'2','zonas_de_recoleccion','SI',121,'2009-06-16 04:32:08','1','RESPONSABLE'),('0633','RECLAMO',879,'3','zonas_de_recoleccion','SI',121,'2009-06-16 04:32:08','1','RESPONSABLE'),('0633','RECLAMO',880,'4','zonas_de_recoleccion','SI',121,'2009-06-16 04:32:08','1','RESPONSABLE'),('0633','RECLAMO',881,'5','zonas_de_recoleccion','SI',179,'2009-06-16 04:32:08','1','RESPONSABLE'),('0633','RECLAMO',882,'6','zonas_de_recoleccion','SI',121,'2009-06-16 04:32:08','1','RESPONSABLE'),('0635','RECLAMO',194,'1','zonas_de_recoleccion','SI',102,'2009-06-16 04:31:21','1','PRESTADOR'),('0635','RECLAMO',195,'2','zonas_de_recoleccion','SI',187,'2009-06-16 04:31:21','1','PRESTADOR'),('0635','RECLAMO',196,'3','zonas_de_recoleccion','SI',184,'2009-06-16 04:31:21','1','PRESTADOR'),('0635','RECLAMO',197,'4','zonas_de_recoleccion','SI',185,'2009-06-16 04:31:21','1','PRESTADOR'),('0635','RECLAMO',198,'5','zonas_de_recoleccion','SI',179,'2009-06-16 04:31:21','1','PRESTADOR'),('0635','RECLAMO',199,'6','zonas_de_recoleccion','SI',186,'2009-06-16 04:31:21','1','PRESTADOR'),('0635','RECLAMO',634,'2','zonas_de_recoleccion','SI',121,'2009-06-16 04:31:57','1','RESPONSABLE'),('0635','RECLAMO',638,'4','zonas_de_recoleccion','SI',121,'2009-06-16 04:31:57','1','RESPONSABLE'),('0635','RECLAMO',743,'5','zonas_de_recoleccion','SI',179,'2009-06-16 04:32:02','1','RESPONSABLE'),('0635','RECLAMO',744,'6','zonas_de_recoleccion','SI',121,'2009-06-16 04:32:02','1','RESPONSABLE'),('0635','RECLAMO',767,'1','zonas_de_recoleccion','SI',121,'2009-06-16 04:32:03','1','RESPONSABLE'),('0635','RECLAMO',883,'3','zonas_de_recoleccion','SI',121,'2009-06-16 04:32:08','1','RESPONSABLE'),('0636','RECLAMO',173,'1','zonas_de_recoleccion','SI',102,'2009-06-16 04:31:19','1','PRESTADOR'),('0636','RECLAMO',174,'2','zonas_de_recoleccion','SI',187,'2009-06-16 04:31:19','1','PRESTADOR'),('0636','RECLAMO',175,'3','zonas_de_recoleccion','SI',184,'2009-06-16 04:31:19','1','PRESTADOR'),('0636','RECLAMO',176,'4','zonas_de_recoleccion','SI',185,'2009-06-16 04:31:19','1','PRESTADOR'),('0636','RECLAMO',177,'5','zonas_de_recoleccion','SI',179,'2009-06-16 04:31:19','1','PRESTADOR'),('0636','RECLAMO',178,'6','zonas_de_recoleccion','SI',186,'2009-06-16 04:31:19','1','PRESTADOR'),('0636','RECLAMO',943,'1','zonas_de_recoleccion','SI',121,'2009-06-16 04:32:11','1','RESPONSABLE'),('0636','RECLAMO',1022,'2','zonas_de_recoleccion','SI',121,'2009-06-16 04:32:14','1','RESPONSABLE'),('0636','RECLAMO',1023,'3','zonas_de_recoleccion','SI',121,'2009-06-16 04:32:15','1','RESPONSABLE'),('0636','RECLAMO',1024,'4','zonas_de_recoleccion','SI',121,'2009-06-16 04:32:15','1','RESPONSABLE'),('0636','RECLAMO',1025,'5','zonas_de_recoleccion','SI',179,'2009-06-16 04:32:15','1','RESPONSABLE'),('0636','RECLAMO',1026,'6','zonas_de_recoleccion','SI',121,'2009-06-16 04:32:15','1','RESPONSABLE'),('0637','RECLAMO',201,'2','zonas_de_recoleccion','SI',187,'2009-06-16 04:31:21','1','PRESTADOR'),('0637','RECLAMO',202,'5','zonas_de_recoleccion','SI',179,'2009-06-16 04:31:21','1','PRESTADOR'),('0637','RECLAMO',203,'6','zonas_de_recoleccion','SI',186,'2009-06-16 04:31:22','1','PRESTADOR'),('0637','RECLAMO',305,'1','zonas_de_recoleccion','SI',102,'2009-06-16 04:31:30','1','PRESTADOR'),('0637','RECLAMO',569,'3','zonas_de_recoleccion','SI',184,'2009-06-16 04:31:53','1','PRESTADOR'),('0637','RECLAMO',570,'4','zonas_de_recoleccion','SI',185,'2009-06-16 04:31:54','1','PRESTADOR'),('0637','RECLAMO',746,'3','zonas_de_recoleccion','SI',121,'2009-06-16 04:32:02','1','RESPONSABLE'),('0637','RECLAMO',769,'6','zonas_de_recoleccion','SI',121,'2009-06-16 04:32:03','1','RESPONSABLE'),('0637','RECLAMO',851,'2','zonas_de_recoleccion','SI',121,'2009-06-16 04:32:07','1','RESPONSABLE'),('0637','RECLAMO',852,'4','zonas_de_recoleccion','SI',121,'2009-06-16 04:32:07','1','RESPONSABLE'),('0637','RECLAMO',853,'5','zonas_de_recoleccion','SI',179,'2009-06-16 04:32:07','1','RESPONSABLE'),('0637','RECLAMO',888,'1','zonas_de_recoleccion','SI',121,'2009-06-16 04:32:09','1','RESPONSABLE'),('0638','RECLAMO',204,'1','zonas_de_recoleccion','SI',102,'2009-06-16 04:31:22','1','PRESTADOR'),('0638','RECLAMO',205,'2','zonas_de_recoleccion','SI',187,'2009-06-16 04:31:22','1','PRESTADOR'),('0638','RECLAMO',206,'5','zonas_de_recoleccion','SI',179,'2009-06-16 04:31:22','1','PRESTADOR'),('0638','RECLAMO',571,'3','zonas_de_recoleccion','SI',184,'2009-06-16 04:31:54','1','PRESTADOR'),('0638','RECLAMO',572,'4','zonas_de_recoleccion','SI',185,'2009-06-16 04:31:54','1','PRESTADOR'),('0638','RECLAMO',573,'6','zonas_de_recoleccion','SI',186,'2009-06-16 04:31:54','1','PRESTADOR'),('0638','RECLAMO',770,'1','zonas_de_recoleccion','SI',121,'2009-06-16 04:32:03','1','RESPONSABLE'),('0638','RECLAMO',771,'4','zonas_de_recoleccion','SI',121,'2009-06-16 04:32:03','1','RESPONSABLE'),('0638','RECLAMO',772,'5','zonas_de_recoleccion','SI',179,'2009-06-16 04:32:03','1','RESPONSABLE'),('0638','RECLAMO',824,'6','zonas_de_recoleccion','SI',121,'2009-06-16 04:32:06','1','RESPONSABLE'),('0638','RECLAMO',890,'2','zonas_de_recoleccion','SI',121,'2009-06-16 04:32:09','1','RESPONSABLE'),('0638','RECLAMO',891,'3','zonas_de_recoleccion','SI',121,'2009-06-16 04:32:09','1','RESPONSABLE'),('0639','RECLAMO',207,'1','zonas_de_recoleccion','SI',102,'2009-06-16 04:31:22','1','PRESTADOR'),('0639','RECLAMO',208,'2','zonas_de_recoleccion','SI',187,'2009-06-16 04:31:22','1','PRESTADOR'),('0639','RECLAMO',209,'3','zonas_de_recoleccion','SI',184,'2009-06-16 04:31:22','1','PRESTADOR'),('0639','RECLAMO',210,'4','zonas_de_recoleccion','SI',185,'2009-06-16 04:31:22','1','PRESTADOR'),('0639','RECLAMO',211,'5','zonas_de_recoleccion','SI',179,'2009-06-16 04:31:22','1','PRESTADOR'),('0639','RECLAMO',212,'6','zonas_de_recoleccion','SI',186,'2009-06-16 04:31:22','1','PRESTADOR'),('0639','RECLAMO',854,'1','zonas_de_recoleccion','SI',121,'2009-06-16 04:32:07','1','RESPONSABLE'),('0639','RECLAMO',855,'2','zonas_de_recoleccion','SI',121,'2009-06-16 04:32:07','1','RESPONSABLE'),('0639','RECLAMO',856,'3','zonas_de_recoleccion','SI',121,'2009-06-16 04:32:07','1','RESPONSABLE'),('0639','RECLAMO',857,'4','zonas_de_recoleccion','SI',121,'2009-06-16 04:32:07','1','RESPONSABLE'),('0639','RECLAMO',892,'5','zonas_de_recoleccion','SI',179,'2009-06-16 04:32:09','1','RESPONSABLE'),('0639','RECLAMO',893,'6','zonas_de_recoleccion','SI',121,'2009-06-16 04:32:09','1','RESPONSABLE'),('0640','RECLAMO',213,'1','zonas_de_recoleccion','SI',102,'2009-06-16 04:31:22','1','PRESTADOR'),('0640','RECLAMO',214,'2','zonas_de_recoleccion','SI',187,'2009-06-16 04:31:22','1','PRESTADOR'),('0640','RECLAMO',215,'3','zonas_de_recoleccion','SI',184,'2009-06-16 04:31:22','1','PRESTADOR'),('0640','RECLAMO',216,'4','zonas_de_recoleccion','SI',185,'2009-06-16 04:31:23','1','PRESTADOR'),('0640','RECLAMO',217,'5','zonas_de_recoleccion','SI',179,'2009-06-16 04:31:23','1','PRESTADOR'),('0640','RECLAMO',218,'6','zonas_de_recoleccion','SI',186,'2009-06-16 04:31:23','1','PRESTADOR'),('0640','RECLAMO',858,'1','zonas_de_recoleccion','SI',121,'2009-06-16 04:32:07','1','RESPONSABLE'),('0640','RECLAMO',894,'2','zonas_de_recoleccion','SI',121,'2009-06-16 04:32:09','1','RESPONSABLE'),('0640','RECLAMO',895,'3','zonas_de_recoleccion','SI',121,'2009-06-16 04:32:09','1','RESPONSABLE'),('0640','RECLAMO',896,'4','zonas_de_recoleccion','SI',121,'2009-06-16 04:32:09','1','RESPONSABLE'),('0640','RECLAMO',897,'5','zonas_de_recoleccion','SI',179,'2009-06-16 04:32:09','1','RESPONSABLE'),('0640','RECLAMO',898,'6','zonas_de_recoleccion','SI',121,'2009-06-16 04:32:09','1','RESPONSABLE'),('0641','RECLAMO',219,'1','zonas_de_recoleccion','SI',102,'2009-06-16 04:31:23','1','PRESTADOR'),('0641','RECLAMO',220,'2','zonas_de_recoleccion','SI',187,'2009-06-16 04:31:23','1','PRESTADOR'),('0641','RECLAMO',221,'3','zonas_de_recoleccion','SI',184,'2009-06-16 04:31:23','1','PRESTADOR'),('0641','RECLAMO',222,'4','zonas_de_recoleccion','SI',185,'2009-06-16 04:31:23','1','PRESTADOR'),('0641','RECLAMO',223,'5','zonas_de_recoleccion','SI',179,'2009-06-16 04:31:23','1','PRESTADOR'),('0641','RECLAMO',224,'6','zonas_de_recoleccion','SI',186,'2009-06-16 04:31:23','1','PRESTADOR'),('0641','RECLAMO',899,'1','zonas_de_recoleccion','SI',121,'2009-06-16 04:32:09','1','RESPONSABLE'),('0641','RECLAMO',900,'2','zonas_de_recoleccion','SI',121,'2009-06-16 04:32:09','1','RESPONSABLE'),('0641','RECLAMO',901,'3','zonas_de_recoleccion','SI',121,'2009-06-16 04:32:09','1','RESPONSABLE'),('0641','RECLAMO',902,'4','zonas_de_recoleccion','SI',121,'2009-06-16 04:32:09','1','RESPONSABLE'),('0641','RECLAMO',903,'5','zonas_de_recoleccion','SI',179,'2009-06-16 04:32:09','1','RESPONSABLE'),('0641','RECLAMO',904,'6','zonas_de_recoleccion','SI',121,'2009-06-16 04:32:09','1','RESPONSABLE'),('0642','RECLAMO',225,'1','zonas_de_recoleccion','SI',102,'2009-06-16 04:31:23','1','PRESTADOR'),('0642','RECLAMO',226,'2','zonas_de_recoleccion','SI',187,'2009-06-16 04:31:23','1','PRESTADOR'),('0642','RECLAMO',227,'3','zonas_de_recoleccion','SI',184,'2009-06-16 04:31:23','1','PRESTADOR'),('0642','RECLAMO',228,'4','zonas_de_recoleccion','SI',185,'2009-06-16 04:31:23','1','PRESTADOR'),('0642','RECLAMO',229,'5','zonas_de_recoleccion','SI',179,'2009-06-16 04:31:24','1','PRESTADOR'),('0642','RECLAMO',574,'6','zonas_de_recoleccion','SI',186,'2009-06-16 04:31:54','1','PRESTADOR'),('0642','RECLAMO',905,'1','zonas_de_recoleccion','SI',121,'2009-06-16 04:32:09','1','RESPONSABLE'),('0642','RECLAMO',906,'2','zonas_de_recoleccion','SI',121,'2009-06-16 04:32:09','1','RESPONSABLE'),('0642','RECLAMO',907,'3','zonas_de_recoleccion','SI',121,'2009-06-16 04:32:09','1','RESPONSABLE'),('0642','RECLAMO',908,'4','zonas_de_recoleccion','SI',121,'2009-06-16 04:32:09','1','RESPONSABLE'),('0642','RECLAMO',909,'5','zonas_de_recoleccion','SI',179,'2009-06-16 04:32:09','1','RESPONSABLE'),('0642','RECLAMO',910,'6','zonas_de_recoleccion','SI',121,'2009-06-16 04:32:09','1','RESPONSABLE'),('0643','RECLAMO',230,'1','zonas_de_recoleccion','SI',102,'2009-06-16 04:31:24','1','PRESTADOR'),('0643','RECLAMO',231,'2','zonas_de_recoleccion','SI',187,'2009-06-16 04:31:24','1','PRESTADOR'),('0643','RECLAMO',232,'3','zonas_de_recoleccion','SI',184,'2009-06-16 04:31:24','1','PRESTADOR'),('0643','RECLAMO',233,'4','zonas_de_recoleccion','SI',185,'2009-06-16 04:31:24','1','PRESTADOR'),('0643','RECLAMO',234,'5','zonas_de_recoleccion','SI',179,'2009-06-16 04:31:24','1','PRESTADOR'),('0643','RECLAMO',235,'6','zonas_de_recoleccion','SI',186,'2009-06-16 04:31:24','1','PRESTADOR'),('0643','RECLAMO',773,'1','zonas_de_recoleccion','SI',121,'2009-06-16 04:32:03','1','RESPONSABLE'),('0643','RECLAMO',774,'2','zonas_de_recoleccion','SI',121,'2009-06-16 04:32:03','1','RESPONSABLE'),('0643','RECLAMO',775,'3','zonas_de_recoleccion','SI',121,'2009-06-16 04:32:04','1','RESPONSABLE'),('0643','RECLAMO',776,'4','zonas_de_recoleccion','SI',121,'2009-06-16 04:32:04','1','RESPONSABLE'),('0643','RECLAMO',777,'5','zonas_de_recoleccion','SI',179,'2009-06-16 04:32:04','1','RESPONSABLE'),('0643','RECLAMO',825,'6','zonas_de_recoleccion','SI',121,'2009-06-16 04:32:06','1','RESPONSABLE'),('0644','RECLAMO',236,'1','zonas_de_recoleccion','SI',102,'2009-06-16 04:31:24','1','PRESTADOR'),('0644','RECLAMO',237,'2','zonas_de_recoleccion','SI',187,'2009-06-16 04:31:24','1','PRESTADOR'),('0644','RECLAMO',238,'3','zonas_de_recoleccion','SI',184,'2009-06-16 04:31:24','1','PRESTADOR'),('0644','RECLAMO',239,'4','zonas_de_recoleccion','SI',185,'2009-06-16 04:31:24','1','PRESTADOR'),('0644','RECLAMO',240,'5','zonas_de_recoleccion','SI',179,'2009-06-16 04:31:24','1','PRESTADOR'),('0644','RECLAMO',241,'6','zonas_de_recoleccion','SI',186,'2009-06-16 04:31:24','1','PRESTADOR'),('0644','RECLAMO',911,'1','zonas_de_recoleccion','SI',121,'2009-06-16 04:32:10','1','RESPONSABLE'),('0644','RECLAMO',912,'2','zonas_de_recoleccion','SI',121,'2009-06-16 04:32:10','1','RESPONSABLE'),('0644','RECLAMO',913,'3','zonas_de_recoleccion','SI',121,'2009-06-16 04:32:10','1','RESPONSABLE'),('0644','RECLAMO',914,'4','zonas_de_recoleccion','SI',121,'2009-06-16 04:32:10','1','RESPONSABLE'),('0644','RECLAMO',915,'5','zonas_de_recoleccion','SI',179,'2009-06-16 04:32:10','1','RESPONSABLE'),('0644','RECLAMO',916,'6','zonas_de_recoleccion','SI',121,'2009-06-16 04:32:10','1','RESPONSABLE'),('0645','RECLAMO',242,'2','zonas_de_recoleccion','SI',187,'2009-06-16 04:31:25','1','PRESTADOR'),('0645','RECLAMO',243,'3','zonas_de_recoleccion','SI',184,'2009-06-16 04:31:25','1','PRESTADOR'),('0645','RECLAMO',244,'4','zonas_de_recoleccion','SI',185,'2009-06-16 04:31:25','1','PRESTADOR'),('0645','RECLAMO',245,'5','zonas_de_recoleccion','SI',179,'2009-06-16 04:31:25','1','PRESTADOR'),('0645','RECLAMO',246,'6','zonas_de_recoleccion','SI',186,'2009-06-16 04:31:25','1','PRESTADOR'),('0645','RECLAMO',575,'1','zonas_de_recoleccion','SI',102,'2009-06-16 04:31:54','1','PRESTADOR'),('0645','RECLAMO',859,'1','zonas_de_recoleccion','SI',121,'2009-06-16 04:32:07','1','RESPONSABLE'),('0645','RECLAMO',860,'2','zonas_de_recoleccion','SI',121,'2009-06-16 04:32:07','1','RESPONSABLE'),('0645','RECLAMO',861,'3','zonas_de_recoleccion','SI',121,'2009-06-16 04:32:07','1','RESPONSABLE'),('0645','RECLAMO',862,'4','zonas_de_recoleccion','SI',121,'2009-06-16 04:32:07','1','RESPONSABLE'),('0645','RECLAMO',863,'5','zonas_de_recoleccion','SI',179,'2009-06-16 04:32:07','1','RESPONSABLE'),('0645','RECLAMO',864,'6','zonas_de_recoleccion','SI',121,'2009-06-16 04:32:07','1','RESPONSABLE'),('0646','RECLAMO',247,'1','zonas_de_recoleccion','SI',102,'2009-06-16 04:31:25','1','PRESTADOR'),('0646','RECLAMO',248,'2','zonas_de_recoleccion','SI',187,'2009-06-16 04:31:25','1','PRESTADOR'),('0646','RECLAMO',249,'5','zonas_de_recoleccion','SI',179,'2009-06-16 04:31:25','1','PRESTADOR'),('0646','RECLAMO',250,'6','zonas_de_recoleccion','SI',186,'2009-06-16 04:31:25','1','PRESTADOR'),('0646','RECLAMO',545,'3','zonas_de_recoleccion','SI',184,'2009-06-16 04:31:51','1','PRESTADOR'),('0646','RECLAMO',576,'4','zonas_de_recoleccion','SI',185,'2009-06-16 04:31:54','1','PRESTADOR'),('0646','RECLAMO',1027,'1','zonas_de_recoleccion','SI',121,'2009-06-16 04:32:15','1','RESPONSABLE'),('0646','RECLAMO',1028,'2','zonas_de_recoleccion','SI',121,'2009-06-16 04:32:15','1','RESPONSABLE'),('0646','RECLAMO',1029,'3','zonas_de_recoleccion','SI',121,'2009-06-16 04:32:15','1','RESPONSABLE'),('0646','RECLAMO',1030,'4','zonas_de_recoleccion','SI',121,'2009-06-16 04:32:15','1','RESPONSABLE'),('0646','RECLAMO',1031,'5','zonas_de_recoleccion','SI',179,'2009-06-16 04:32:15','1','RESPONSABLE'),('0646','RECLAMO',1032,'6','zonas_de_recoleccion','SI',121,'2009-06-16 04:32:15','1','RESPONSABLE'),('0647','RECLAMO',251,'6','zonas_de_recoleccion','SI',186,'2009-06-16 04:31:25','1','PRESTADOR'),('0647','RECLAMO',298,'1','zonas_de_recoleccion','SI',102,'2009-06-16 04:31:29','1','PRESTADOR'),('0647','RECLAMO',577,'2','zonas_de_recoleccion','SI',187,'2009-06-16 04:31:54','1','PRESTADOR'),('0647','RECLAMO',578,'3','zonas_de_recoleccion','SI',184,'2009-06-16 04:31:54','1','PRESTADOR'),('0647','RECLAMO',579,'4','zonas_de_recoleccion','SI',185,'2009-06-16 04:31:54','1','PRESTADOR'),('0647','RECLAMO',580,'5','zonas_de_recoleccion','SI',179,'2009-06-16 04:31:54','1','PRESTADOR'),('0647','RECLAMO',865,'2','zonas_de_recoleccion','SI',121,'2009-06-16 04:32:08','1','RESPONSABLE'),('0647','RECLAMO',866,'3','zonas_de_recoleccion','SI',121,'2009-06-16 04:32:08','1','RESPONSABLE'),('0647','RECLAMO',867,'4','zonas_de_recoleccion','SI',121,'2009-06-16 04:32:08','1','RESPONSABLE'),('0647','RECLAMO',868,'5','zonas_de_recoleccion','SI',179,'2009-06-16 04:32:08','1','RESPONSABLE'),('0647','RECLAMO',1033,'1','zonas_de_recoleccion','SI',121,'2009-06-16 04:32:15','1','RESPONSABLE'),('0647','RECLAMO',1034,'6','zonas_de_recoleccion','SI',121,'2009-06-16 04:32:15','1','RESPONSABLE'),('0648','RECLAMO',527,'','','NO',121,'2009-06-16 04:31:49','1','PRESTADOR'),('0648','RECLAMO',782,'','','NO',121,'2009-06-16 04:32:04','1','RESPONSABLE'),('0649','RECLAMO',528,'','','NO',121,'2009-06-16 04:31:50','1','PRESTADOR'),('0649','RECLAMO',783,'','','NO',121,'2009-06-16 04:32:04','1','RESPONSABLE'),('0650','RECLAMO',529,'','','NO',121,'2009-06-16 04:31:50','1','PRESTADOR'),('0650','RECLAMO',784,'','','NO',121,'2009-06-16 04:32:04','1','RESPONSABLE'),('0651','RECLAMO',530,'','','NO',121,'2009-06-16 04:31:50','1','PRESTADOR'),('0651','RECLAMO',785,'','','NO',121,'2009-06-16 04:32:04','1','RESPONSABLE'),('0652','RECLAMO',531,'','','NO',121,'2009-06-16 04:31:50','1','PRESTADOR'),('0652','RECLAMO',786,'','','NO',121,'2009-06-16 04:32:04','1','RESPONSABLE'),('0653','RECLAMO',532,'','','NO',121,'2009-06-16 04:31:50','1','PRESTADOR'),('0653','RECLAMO',787,'','','NO',121,'2009-06-16 04:32:04','1','RESPONSABLE'),('0654','RECLAMO',252,'1','zonas_de_recoleccion','SI',102,'2009-06-16 04:31:25','1','PRESTADOR'),('0654','RECLAMO',253,'2','zonas_de_recoleccion','SI',187,'2009-06-16 04:31:25','1','PRESTADOR'),('0654','RECLAMO',254,'4','zonas_de_recoleccion','SI',185,'2009-06-16 04:31:26','1','PRESTADOR'),('0654','RECLAMO',255,'5','zonas_de_recoleccion','SI',179,'2009-06-16 04:31:26','1','PRESTADOR'),('0654','RECLAMO',256,'6','zonas_de_recoleccion','SI',186,'2009-06-16 04:31:26','1','PRESTADOR'),('0654','RECLAMO',581,'3','zonas_de_recoleccion','SI',184,'2009-06-16 04:31:55','1','PRESTADOR'),('0654','RECLAMO',869,'1','zonas_de_recoleccion','SI',121,'2009-06-16 04:32:08','1','RESPONSABLE'),('0654','RECLAMO',917,'2','zonas_de_recoleccion','SI',121,'2009-06-16 04:32:10','1','RESPONSABLE'),('0654','RECLAMO',918,'3','zonas_de_recoleccion','SI',121,'2009-06-16 04:32:10','1','RESPONSABLE'),('0654','RECLAMO',919,'4','zonas_de_recoleccion','SI',121,'2009-06-16 04:32:10','1','RESPONSABLE'),('0654','RECLAMO',920,'5','zonas_de_recoleccion','SI',179,'2009-06-16 04:32:10','1','RESPONSABLE'),('0654','RECLAMO',921,'6','zonas_de_recoleccion','SI',121,'2009-06-16 04:32:10','1','RESPONSABLE'),('0659','RECLAMO',324,'','','NO',349,'2009-06-16 04:31:32','1','PRESTADOR'),('0659','RECLAMO',931,'','','NO',349,'2009-06-16 04:32:10','1','RESPONSABLE'),('0660','RECLAMO',343,'','','NO',349,'2009-06-16 04:31:33','1','PRESTADOR'),('0660','RECLAMO',932,'','','NO',349,'2009-06-16 04:32:10','1','RESPONSABLE'),('0661','RECLAMO',344,'','','NO',349,'2009-06-16 04:31:34','1','PRESTADOR'),('0661','RECLAMO',933,'','','NO',349,'2009-06-16 04:32:11','1','RESPONSABLE'),('0662','RECLAMO',520,'','','NO',349,'2009-06-16 04:31:49','1','PRESTADOR'),('0662','RECLAMO',934,'','','NO',349,'2009-06-16 04:32:11','1','RESPONSABLE'),('0663','RECLAMO',521,'','','NO',349,'2009-06-16 04:31:49','1','PRESTADOR'),('0663','RECLAMO',935,'','','NO',349,'2009-06-16 04:32:11','1','RESPONSABLE'),('0664','RECLAMO',522,'','','NO',349,'2009-06-16 04:31:49','1','PRESTADOR'),('0664','RECLAMO',936,'','','NO',349,'2009-06-16 04:32:11','1','RESPONSABLE'),('0665','RECLAMO',283,'','','NO',349,'2009-06-16 04:31:28','1','PRESTADOR'),('0665','RECLAMO',844,'','','NO',349,'2009-06-16 04:32:07','1','RESPONSABLE'),('0666','RECLAMO',284,'','','NO',349,'2009-06-16 04:31:28','1','PRESTADOR'),('0666','RECLAMO',687,'','','NO',349,'2009-06-16 04:31:59','1','RESPONSABLE'),('0667','RECLAMO',285,'','','NO',349,'2009-06-16 04:31:28','1','PRESTADOR'),('0667','RECLAMO',688,'','','NO',349,'2009-06-16 04:31:59','1','RESPONSABLE'),('0668','RECLAMO',286,'','','NO',349,'2009-06-16 04:31:28','1','PRESTADOR'),('0668','RECLAMO',689,'','','NO',349,'2009-06-16 04:32:00','1','RESPONSABLE'),('0669','RECLAMO',287,'','','NO',349,'2009-06-16 04:31:28','1','PRESTADOR'),('0669','RECLAMO',691,'','','NO',349,'2009-06-16 04:32:00','1','RESPONSABLE'),('0670','RECLAMO',288,'','','NO',349,'2009-06-16 04:31:28','1','PRESTADOR'),('0670','RECLAMO',692,'','','NO',349,'2009-06-16 04:32:00','1','RESPONSABLE'),('0671','RECLAMO',30,'','','NO',121,'2009-07-20 09:31:13','1','RESPONSABLE'),('0671','RECLAMO',31,'','','NO',121,'2009-07-20 09:31:26','1','PRESTADOR'),('0672','RECLAMO',32,'','','NO',349,'2009-07-20 09:32:38','1','RESPONSABLE'),('0672','RECLAMO',33,'','','NO',349,'2009-07-20 09:32:58','1','PRESTADOR'),('07','RECLAMO',509,'','','NO',132,'2009-06-16 04:31:48','1','PRESTADOR'),('07','RECLAMO',1014,'','','NO',132,'2009-06-16 04:32:14','1','RESPONSABLE'),('0701','RECLAMO',402,'','','NO',132,'2009-06-16 04:31:39','1','PRESTADOR'),('0701','RECLAMO',944,'','','NO',132,'2009-06-16 04:32:11','1','RESPONSABLE'),('0702','RECLAMO',403,'','','NO',132,'2009-06-16 04:31:39','1','PRESTADOR'),('0702','RECLAMO',945,'','','NO',132,'2009-06-16 04:32:11','1','RESPONSABLE'),('0703','RECLAMO',404,'','','NO',132,'2009-06-16 04:31:39','1','PRESTADOR'),('0703','RECLAMO',946,'','','NO',132,'2009-06-16 04:32:11','1','RESPONSABLE'),('0704','RECLAMO',405,'','','NO',132,'2009-06-16 04:31:39','1','PRESTADOR'),('0704','RECLAMO',947,'','','NO',132,'2009-06-16 04:32:11','1','RESPONSABLE'),('0706','RECLAMO',406,'','','NO',132,'2009-06-16 04:31:39','1','PRESTADOR'),('0706','RECLAMO',948,'','','NO',132,'2009-06-16 04:32:11','1','RESPONSABLE'),('0707','RECLAMO',407,'','','NO',131,'2009-06-16 04:31:39','1','PRESTADOR'),('0707','RECLAMO',949,'','','NO',131,'2009-06-16 04:32:11','1','RESPONSABLE'),('0708','RECLAMO',408,'','','NO',132,'2009-06-16 04:31:39','1','PRESTADOR'),('0708','RECLAMO',950,'','','NO',132,'2009-06-16 04:32:11','1','RESPONSABLE'),('0709','RECLAMO',409,'','','NO',427,'2009-06-16 04:31:39','1','PRESTADOR'),('0709','RECLAMO',951,'','','NO',427,'2009-06-16 04:32:11','1','RESPONSABLE'),('0710','RECLAMO',410,'','','NO',427,'2009-06-16 04:31:39','1','PRESTADOR'),('0710','RECLAMO',952,'','','NO',427,'2009-06-16 04:32:11','1','RESPONSABLE'),('0711','RECLAMO',411,'','','NO',132,'2009-06-16 04:31:39','1','PRESTADOR'),('0711','RECLAMO',953,'','','NO',132,'2009-06-16 04:32:11','1','RESPONSABLE'),('0712','RECLAMO',412,'','','NO',132,'2009-06-16 04:31:40','1','PRESTADOR'),('0712','RECLAMO',954,'','','NO',132,'2009-06-16 04:32:11','1','RESPONSABLE'),('0713','RECLAMO',413,'','','NO',132,'2009-06-16 04:31:40','1','PRESTADOR'),('0713','RECLAMO',955,'','','NO',132,'2009-06-16 04:32:11','1','RESPONSABLE'),('0714','RECLAMO',414,'','','NO',427,'2009-06-16 04:31:40','1','PRESTADOR'),('0714','RECLAMO',956,'','','NO',427,'2009-06-16 04:32:11','1','RESPONSABLE'),('0715','RECLAMO',415,'','','NO',132,'2009-06-16 04:31:40','1','PRESTADOR'),('0715','RECLAMO',957,'','','NO',132,'2009-06-16 04:32:12','1','RESPONSABLE'),('0716','RECLAMO',416,'','','NO',427,'2009-06-16 04:31:40','1','PRESTADOR'),('0716','RECLAMO',958,'','','NO',427,'2009-06-16 04:32:12','1','RESPONSABLE'),('0717','RECLAMO',417,'','','NO',427,'2009-06-16 04:31:40','1','PRESTADOR'),('0717','RECLAMO',959,'','','NO',427,'2009-06-16 04:32:12','1','RESPONSABLE'),('0718','RECLAMO',418,'','','NO',131,'2009-06-16 04:31:40','1','PRESTADOR'),('0718','RECLAMO',960,'','','NO',131,'2009-06-16 04:32:12','1','RESPONSABLE'),('0719','RECLAMO',419,'','','NO',132,'2009-06-16 04:31:40','1','PRESTADOR'),('0719','RECLAMO',961,'','','NO',132,'2009-06-16 04:32:12','1','RESPONSABLE'),('0720','RECLAMO',420,'','','NO',132,'2009-06-16 04:31:40','1','PRESTADOR'),('0720','RECLAMO',962,'','','NO',132,'2009-06-16 04:32:12','1','RESPONSABLE'),('0721','RECLAMO',421,'','','NO',132,'2009-06-16 04:31:40','1','PRESTADOR'),('0721','RECLAMO',963,'','','NO',132,'2009-06-16 04:32:12','1','RESPONSABLE'),('0722','RECLAMO',422,'','','NO',132,'2009-06-16 04:31:40','1','PRESTADOR'),('0722','RECLAMO',964,'','','NO',132,'2009-06-16 04:32:12','1','RESPONSABLE'),('0723','RECLAMO',423,'','','NO',132,'2009-06-16 04:31:40','1','PRESTADOR'),('0723','RECLAMO',965,'','','NO',132,'2009-06-16 04:32:12','1','RESPONSABLE'),('0724','RECLAMO',424,'','','NO',132,'2009-06-16 04:31:41','1','PRESTADOR'),('0724','RECLAMO',966,'','','NO',132,'2009-06-16 04:32:12','1','RESPONSABLE'),('0725','RECLAMO',425,'','','NO',132,'2009-06-16 04:31:41','1','PRESTADOR'),('0725','RECLAMO',967,'','','NO',132,'2009-06-16 04:32:12','1','RESPONSABLE'),('0726','RECLAMO',426,'','','NO',131,'2009-06-16 04:31:41','1','PRESTADOR'),('0726','RECLAMO',968,'','','NO',131,'2009-06-16 04:32:12','1','RESPONSABLE'),('0727','RECLAMO',427,'','','NO',131,'2009-06-16 04:31:41','1','PRESTADOR'),('0727','RECLAMO',969,'','','NO',131,'2009-06-16 04:32:12','1','RESPONSABLE'),('0728','RECLAMO',428,'','','NO',124,'2009-06-16 04:31:41','1','PRESTADOR'),('0728','RECLAMO',970,'','','NO',131,'2009-06-16 04:32:12','1','RESPONSABLE'),('0729','RECLAMO',429,'','','NO',111,'2009-06-16 04:31:41','1','PRESTADOR'),('0729','RECLAMO',971,'','','NO',131,'2009-06-16 04:32:12','1','RESPONSABLE'),('0730','RECLAMO',430,'','','NO',111,'2009-06-16 04:31:41','1','PRESTADOR'),('0730','RECLAMO',972,'','','NO',131,'2009-06-16 04:32:12','1','RESPONSABLE'),('0731','RECLAMO',551,'','','NO',423,'2009-06-16 04:31:52','1','PRESTADOR'),('0731','RECLAMO',780,'','','NO',423,'2009-06-16 04:32:04','1','RESPONSABLE'),('0732','RECLAMO',552,'','','NO',423,'2009-06-16 04:31:52','1','PRESTADOR'),('0732','RECLAMO',781,'','','NO',423,'2009-06-16 04:32:04','1','RESPONSABLE'),('0733','RECLAMO',553,'','','NO',423,'2009-06-16 04:31:52','1','PRESTADOR'),('0733','RECLAMO',826,'','','NO',423,'2009-06-16 04:32:06','1','RESPONSABLE'),('0734','RECLAMO',554,'','','NO',423,'2009-06-16 04:31:52','1','PRESTADOR'),('0734','RECLAMO',827,'','','NO',423,'2009-06-16 04:32:06','1','RESPONSABLE'),('0735','RECLAMO',555,'','','NO',423,'2009-06-16 04:31:52','1','PRESTADOR'),('0735','RECLAMO',828,'','','NO',423,'2009-06-16 04:32:06','1','RESPONSABLE'),('0736','RECLAMO',556,'','','NO',423,'2009-06-16 04:31:52','1','PRESTADOR'),('0736','RECLAMO',829,'','','NO',423,'2009-06-16 04:32:06','1','RESPONSABLE'),('0737','RECLAMO',557,'','','NO',423,'2009-06-16 04:31:52','1','PRESTADOR'),('0737','RECLAMO',830,'','','NO',423,'2009-06-16 04:32:06','1','RESPONSABLE'),('0738','RECLAMO',558,'','','NO',423,'2009-06-16 04:31:52','1','PRESTADOR'),('0738','RECLAMO',831,'','','NO',423,'2009-06-16 04:32:06','1','RESPONSABLE'),('0739','RECLAMO',559,'','','NO',423,'2009-06-16 04:31:52','1','PRESTADOR'),('0739','RECLAMO',832,'','','NO',423,'2009-06-16 04:32:06','1','RESPONSABLE'),('0740','RECLAMO',560,'','','NO',423,'2009-06-16 04:31:52','1','PRESTADOR'),('0740','RECLAMO',833,'','','NO',423,'2009-06-16 04:32:06','1','RESPONSABLE'),('0741','RECLAMO',561,'','','NO',423,'2009-06-16 04:31:53','1','PRESTADOR'),('0741','RECLAMO',834,'','','NO',423,'2009-06-16 04:32:06','1','RESPONSABLE'),('0742','RECLAMO',562,'','','NO',423,'2009-06-16 04:31:53','1','PRESTADOR'),('0742','RECLAMO',835,'','','NO',423,'2009-06-16 04:32:06','1','RESPONSABLE'),('0743','RECLAMO',563,'','','NO',423,'2009-06-16 04:31:53','1','PRESTADOR'),('0743','RECLAMO',836,'','','NO',423,'2009-06-16 04:32:06','1','RESPONSABLE'),('0744','RECLAMO',564,'','','NO',423,'2009-06-16 04:31:53','1','PRESTADOR'),('0744','RECLAMO',837,'','','NO',423,'2009-06-16 04:32:06','1','RESPONSABLE'),('0745','RECLAMO',565,'','','NO',423,'2009-06-16 04:31:53','1','PRESTADOR'),('0745','RECLAMO',838,'','','NO',423,'2009-06-16 04:32:06','1','RESPONSABLE'),('0746','RECLAMO',566,'','','NO',423,'2009-06-16 04:31:53','1','PRESTADOR'),('0746','RECLAMO',839,'','','NO',423,'2009-06-16 04:32:06','1','RESPONSABLE'),('0747','RECLAMO',567,'','','NO',423,'2009-06-16 04:31:53','1','PRESTADOR'),('0747','RECLAMO',840,'','','NO',423,'2009-06-16 04:32:06','1','RESPONSABLE'),('08','RECLAMO',539,'','','NO',153,'2009-06-16 04:31:50','1','PRESTADOR'),('08','RECLAMO',1015,'','','NO',153,'2009-06-16 04:32:14','1','RESPONSABLE'),('0801','RECLAMO',431,'','','NO',153,'2009-06-16 04:31:41','1','PRESTADOR'),('0801','RECLAMO',973,'','','NO',153,'2009-06-16 04:32:12','1','RESPONSABLE'),('09','RECLAMO',432,'','','NO',117,'2009-06-16 04:31:41','1','PRESTADOR'),('09','RECLAMO',974,'','','NO',117,'2009-06-16 04:32:12','1','RESPONSABLE'),('0903','RECLAMO',433,'5','zonas_de_recoleccion','SI',117,'2009-06-16 04:31:41','1','PRESTADOR'),('0903','RECLAMO',434,'2','zonas_de_recoleccion','SI',149,'2009-06-16 04:31:41','1','PRESTADOR'),('0903','RECLAMO',435,'1','zonas_de_recoleccion','SI',189,'2009-06-16 04:31:41','1','PRESTADOR'),('0903','RECLAMO',436,'3','zonas_de_recoleccion','SI',190,'2009-06-16 04:31:42','1','PRESTADOR'),('0903','RECLAMO',437,'4','zonas_de_recoleccion','SI',191,'2009-06-16 04:31:42','1','PRESTADOR'),('0903','RECLAMO',438,'6','zonas_de_recoleccion','SI',192,'2009-06-16 04:31:42','1','PRESTADOR'),('0903','RECLAMO',975,'','zonas_de_recoleccion','NO',117,'2009-06-16 04:32:12','1','RESPONSABLE'),('0904','RECLAMO',439,'5','zonas_de_recoleccion','SI',117,'2009-06-16 04:31:42','1','PRESTADOR'),('0904','RECLAMO',440,'2','zonas_de_recoleccion','SI',149,'2009-06-16 04:31:42','1','PRESTADOR'),('0904','RECLAMO',441,'1','zonas_de_recoleccion','SI',189,'2009-06-16 04:31:42','1','PRESTADOR'),('0904','RECLAMO',442,'3','zonas_de_recoleccion','SI',190,'2009-06-16 04:31:42','1','PRESTADOR'),('0904','RECLAMO',443,'4','zonas_de_recoleccion','SI',191,'2009-06-16 04:31:42','1','PRESTADOR'),('0904','RECLAMO',444,'6','zonas_de_recoleccion','SI',192,'2009-06-16 04:31:42','1','PRESTADOR'),('0904','RECLAMO',976,'','zonas_de_recoleccion','NO',117,'2009-06-16 04:32:12','1','RESPONSABLE'),('0905','RECLAMO',445,'5','zonas_de_recoleccion','SI',117,'2009-06-16 04:31:42','1','PRESTADOR'),('0905','RECLAMO',446,'2','zonas_de_recoleccion','SI',149,'2009-06-16 04:31:43','1','PRESTADOR'),('0905','RECLAMO',447,'1','zonas_de_recoleccion','SI',189,'2009-06-16 04:31:43','1','PRESTADOR'),('0905','RECLAMO',448,'3','zonas_de_recoleccion','SI',190,'2009-06-16 04:31:43','1','PRESTADOR'),('0905','RECLAMO',449,'4','zonas_de_recoleccion','SI',191,'2009-06-16 04:31:43','1','PRESTADOR'),('0905','RECLAMO',450,'6','zonas_de_recoleccion','SI',192,'2009-06-16 04:31:43','1','PRESTADOR'),('0905','RECLAMO',977,'','zonas_de_recoleccion','NO',117,'2009-06-16 04:32:12','1','RESPONSABLE'),('0906','RECLAMO',451,'5','zonas_de_recoleccion','SI',117,'2009-06-16 04:31:43','1','PRESTADOR'),('0906','RECLAMO',452,'2','zonas_de_recoleccion','SI',149,'2009-06-16 04:31:43','1','PRESTADOR'),('0906','RECLAMO',453,'1','zonas_de_recoleccion','SI',189,'2009-06-16 04:31:43','1','PRESTADOR'),('0906','RECLAMO',454,'3','zonas_de_recoleccion','SI',190,'2009-06-16 04:31:43','1','PRESTADOR'),('0906','RECLAMO',455,'4','zonas_de_recoleccion','SI',191,'2009-06-16 04:31:43','1','PRESTADOR'),('0906','RECLAMO',456,'6','zonas_de_recoleccion','SI',192,'2009-06-16 04:31:43','1','PRESTADOR'),('0906','RECLAMO',978,'','zonas_de_recoleccion','NO',350,'2009-06-16 04:32:12','1','RESPONSABLE'),('0907','RECLAMO',457,'5','zonas_de_recoleccion','SI',117,'2009-06-16 04:31:43','1','PRESTADOR'),('0907','RECLAMO',458,'2','zonas_de_recoleccion','SI',149,'2009-06-16 04:31:44','1','PRESTADOR'),('0907','RECLAMO',459,'1','zonas_de_recoleccion','SI',189,'2009-06-16 04:31:44','1','PRESTADOR'),('0907','RECLAMO',460,'3','zonas_de_recoleccion','SI',190,'2009-06-16 04:31:44','1','PRESTADOR'),('0907','RECLAMO',461,'4','zonas_de_recoleccion','SI',191,'2009-06-16 04:31:44','1','PRESTADOR'),('0907','RECLAMO',462,'6','zonas_de_recoleccion','SI',192,'2009-06-16 04:31:44','1','PRESTADOR'),('0907','RECLAMO',979,'','zonas_de_recoleccion','NO',117,'2009-06-16 04:32:12','1','RESPONSABLE'),('0908','RECLAMO',463,'','','NO',117,'2009-06-16 04:31:44','1','PRESTADOR'),('0908','RECLAMO',980,'','','NO',117,'2009-06-16 04:32:12','1','RESPONSABLE'),('0909','RECLAMO',464,'5','zonas_de_recoleccion','SI',117,'2009-06-16 04:31:44','1','PRESTADOR'),('0909','RECLAMO',465,'2','zonas_de_recoleccion','SI',149,'2009-06-16 04:31:44','1','PRESTADOR'),('0909','RECLAMO',466,'1','zonas_de_recoleccion','SI',189,'2009-06-16 04:31:44','1','PRESTADOR'),('0909','RECLAMO',467,'3','zonas_de_recoleccion','SI',190,'2009-06-16 04:31:44','1','PRESTADOR'),('0909','RECLAMO',468,'4','zonas_de_recoleccion','SI',191,'2009-06-16 04:31:44','1','PRESTADOR'),('0909','RECLAMO',469,'6','zonas_de_recoleccion','SI',192,'2009-06-16 04:31:44','1','PRESTADOR'),('0909','RECLAMO',981,'','zonas_de_recoleccion','NO',117,'2009-06-16 04:32:13','1','RESPONSABLE'),('0910','RECLAMO',470,'5','zonas_de_recoleccion','SI',117,'2009-06-16 04:31:45','1','PRESTADOR'),('0910','RECLAMO',471,'2','zonas_de_recoleccion','SI',149,'2009-06-16 04:31:45','1','PRESTADOR'),('0910','RECLAMO',472,'1','zonas_de_recoleccion','SI',189,'2009-06-16 04:31:45','1','PRESTADOR'),('0910','RECLAMO',473,'3','zonas_de_recoleccion','SI',190,'2009-06-16 04:31:45','1','PRESTADOR'),('0910','RECLAMO',474,'4','zonas_de_recoleccion','SI',191,'2009-06-16 04:31:45','1','PRESTADOR'),('0910','RECLAMO',475,'6','zonas_de_recoleccion','SI',192,'2009-06-16 04:31:45','1','PRESTADOR'),('0910','RECLAMO',982,'','zonas_de_recoleccion','NO',117,'2009-06-16 04:32:13','1','RESPONSABLE'),('0913','RECLAMO',476,'','','NO',117,'2009-06-16 04:31:45','1','PRESTADOR'),('0913','RECLAMO',983,'','','NO',117,'2009-06-16 04:32:13','1','RESPONSABLE'),('0918','RECLAMO',477,'','','NO',117,'2009-06-16 04:31:45','1','PRESTADOR'),('0918','RECLAMO',984,'','','NO',117,'2009-06-16 04:32:13','1','RESPONSABLE'),('0919','RECLAMO',34,'','','NO',117,'2009-07-20 09:34:07','1','RESPONSABLE'),('0919','RECLAMO',35,'','','NO',117,'2009-07-20 09:34:18','1','PRESTADOR'),('10','RECLAMO',510,'','','NO',130,'2009-06-16 04:31:48','1','PRESTADOR'),('10','RECLAMO',1016,'','','NO',130,'2009-06-16 04:32:14','1','RESPONSABLE'),('1012','RECLAMO',478,'','','NO',130,'2009-06-16 04:31:45','1','PRESTADOR'),('1012','RECLAMO',985,'','','NO',130,'2009-06-16 04:32:13','1','RESPONSABLE'),('1013','RECLAMO',479,'','','NO',130,'2009-06-16 04:31:45','1','PRESTADOR'),('1013','RECLAMO',986,'','','NO',130,'2009-06-16 04:32:13','1','RESPONSABLE'),('1014','RECLAMO',480,'','','NO',144,'2009-06-16 04:31:45','1','PRESTADOR'),('1014','RECLAMO',987,'','','NO',130,'2009-06-16 04:32:13','1','RESPONSABLE'),('1015','RECLAMO',481,'5','zonas_de_mantenimiento_de_alumbrado_publico','SI',103,'2009-06-16 04:31:45','1','PRESTADOR'),('1015','RECLAMO',482,'2','zonas_de_mantenimiento_de_alumbrado_publico','SI',146,'2009-06-16 04:31:45','1','PRESTADOR'),('1015','RECLAMO',483,'3','zonas_de_mantenimiento_de_alumbrado_publico','SI',148,'2009-06-16 04:31:46','1','PRESTADOR'),('1015','RECLAMO',484,'1','zonas_de_mantenimiento_de_alumbrado_publico','SI',149,'2009-06-16 04:31:46','1','PRESTADOR'),('1015','RECLAMO',485,'4','zonas_de_mantenimiento_de_alumbrado_publico','SI',183,'2009-06-16 04:31:46','1','PRESTADOR'),('1015','RECLAMO',988,'1','zonas_de_mantenimiento_de_alumbrado_publico','SI',344,'2009-06-16 04:32:13','1','RESPONSABLE'),('1015','RECLAMO',989,'2','zonas_de_mantenimiento_de_alumbrado_publico','SI',344,'2009-06-16 04:32:13','1','RESPONSABLE'),('1015','RECLAMO',990,'3','zonas_de_mantenimiento_de_alumbrado_publico','SI',344,'2009-06-16 04:32:13','1','RESPONSABLE'),('1015','RECLAMO',991,'4','zonas_de_mantenimiento_de_alumbrado_publico','SI',344,'2009-06-16 04:32:13','1','RESPONSABLE'),('1015','RECLAMO',992,'5','zonas_de_mantenimiento_de_alumbrado_publico','SI',344,'2009-06-16 04:32:13','1','RESPONSABLE'),('1016','RECLAMO',486,'','','NO',117,'2009-06-16 04:31:46','1','PRESTADOR'),('1016','RECLAMO',993,'','','NO',117,'2009-06-16 04:32:13','1','RESPONSABLE'),('1017','RECLAMO',487,'','','NO',352,'2009-06-16 04:31:46','1','PRESTADOR'),('1017','RECLAMO',994,'','','NO',352,'2009-06-16 04:32:13','1','RESPONSABLE'),('1018','RECLAMO',488,'','','NO',352,'2009-06-16 04:31:46','1','PRESTADOR'),('1018','RECLAMO',995,'','','NO',352,'2009-06-16 04:32:13','1','RESPONSABLE'),('1019','RECLAMO',489,'','','NO',132,'2009-06-16 04:31:46','1','PRESTADOR'),('1019','RECLAMO',996,'','','NO',132,'2009-06-16 04:32:13','1','RESPONSABLE'),('1020','RECLAMO',490,'','','NO',352,'2009-06-16 04:31:46','1','PRESTADOR'),('1020','RECLAMO',997,'','','NO',352,'2009-06-16 04:32:13','1','RESPONSABLE'),('1021','RECLAMO',491,'','','NO',130,'2009-06-16 04:31:46','1','PRESTADOR'),('1021','RECLAMO',998,'','','NO',130,'2009-06-16 04:32:13','1','RESPONSABLE'),('1022','RECLAMO',492,'','','NO',130,'2009-06-16 04:31:46','1','PRESTADOR'),('1022','RECLAMO',999,'','','NO',130,'2009-06-16 04:32:13','1','RESPONSABLE'),('1023','RECLAMO',493,'','','NO',130,'2009-06-16 04:31:47','1','PRESTADOR'),('1023','RECLAMO',1000,'','','NO',130,'2009-06-16 04:32:14','1','RESPONSABLE'),('1024','RECLAMO',494,'','','NO',130,'2009-06-16 04:31:47','1','PRESTADOR'),('1024','RECLAMO',1001,'','','NO',130,'2009-06-16 04:32:14','1','RESPONSABLE'),('1025','RECLAMO',495,'','','NO',130,'2009-06-16 04:31:47','1','PRESTADOR'),('1025','RECLAMO',1002,'','','NO',130,'2009-06-16 04:32:14','1','RESPONSABLE'),('1026','RECLAMO',496,'','','NO',130,'2009-06-16 04:31:47','1','PRESTADOR'),('1026','RECLAMO',1003,'','','NO',130,'2009-06-16 04:32:14','1','RESPONSABLE'),('1027','RECLAMO',548,'','','NO',130,'2009-06-16 04:31:51','1','PRESTADOR'),('1027','RECLAMO',779,'','','NO',130,'2009-06-16 04:32:04','1','RESPONSABLE'),('1028','RECLAMO',36,'','','NO',130,'2009-07-20 09:34:57','1','RESPONSABLE'),('1028','RECLAMO',37,'','','NO',130,'2009-07-20 09:35:15','1','PRESTADOR'),('11','RECLAMO',511,'','','NO',350,'2009-06-16 04:31:48','1','PRESTADOR'),('11','RECLAMO',1017,'','','NO',350,'2009-06-16 04:32:14','1','RESPONSABLE'),('1102','RECLAMO',497,'','','NO',350,'2009-06-16 04:31:47','1','PRESTADOR'),('1102','RECLAMO',1004,'','','NO',350,'2009-06-16 04:32:14','1','RESPONSABLE'),('1103','RECLAMO',498,'','','NO',350,'2009-06-16 04:31:47','1','PRESTADOR'),('1103','RECLAMO',1005,'','','NO',350,'2009-06-16 04:32:14','1','RESPONSABLE'),('1104','RECLAMO',499,'','','NO',350,'2009-06-16 04:31:47','1','PRESTADOR'),('1104','RECLAMO',1006,'','','NO',350,'2009-06-16 04:32:14','1','RESPONSABLE'),('1105','RECLAMO',500,'','','NO',350,'2009-06-16 04:31:47','1','PRESTADOR'),('1105','RECLAMO',1007,'','','NO',350,'2009-06-16 04:32:14','1','RESPONSABLE'),('1106','RECLAMO',501,'','','NO',350,'2009-06-16 04:31:47','1','PRESTADOR'),('1106','RECLAMO',1008,'','','NO',350,'2009-06-16 04:32:14','1','RESPONSABLE'),('1108','RECLAMO',38,'','','NO',350,'2009-07-20 09:36:14','1','RESPONSABLE'),('1108','RECLAMO',39,'','','NO',350,'2009-07-20 09:36:46','1','PRESTADOR'),('1201','RECLAMO',533,'','','NO',276,'2009-06-16 04:31:50','1','PRESTADOR'),('1201','RECLAMO',788,'','','NO',276,'2009-06-16 04:32:04','1','RESPONSABLE'),('1202','RECLAMO',534,'','','NO',276,'2009-06-16 04:31:50','1','PRESTADOR'),('1202','RECLAMO',789,'','','NO',276,'2009-06-16 04:32:04','1','RESPONSABLE'),('1206','RECLAMO',568,'','','NO',276,'2009-06-16 04:31:53','1','PRESTADOR'),('1206','RECLAMO',790,'','','NO',276,'2009-06-16 04:32:04','1','RESPONSABLE'),('1207','RECLAMO',172,'','','NO',276,'2009-06-16 04:31:19','1','PRESTADOR'),('1207','RECLAMO',791,'','','NO',276,'2009-06-16 04:32:04','1','RESPONSABLE'),('1208','RECLAMO',535,'','','NO',276,'2009-06-16 04:31:50','1','PRESTADOR'),('1208','RECLAMO',850,'','','NO',276,'2009-06-16 04:32:07','1','RESPONSABLE'),('1209','RECLAMO',293,'','','NO',276,'2009-06-16 04:31:29','1','PRESTADOR'),('1209','RECLAMO',792,'','','NO',276,'2009-06-16 04:32:04','1','RESPONSABLE'),('1301','RECLAMO',193,'','','NO',345,'2009-06-16 04:31:21','1','PRESTADOR'),('1301','RECLAMO',922,'','','NO',345,'2009-06-16 04:32:10','1','RESPONSABLE'),('1302','RECLAMO',257,'','','NO',345,'2009-06-16 04:31:26','1','PRESTADOR'),('1302','RECLAMO',923,'','','NO',345,'2009-06-16 04:32:10','1','RESPONSABLE'),('1303','RECLAMO',258,'','','NO',345,'2009-06-16 04:31:26','1','PRESTADOR'),('1303','RECLAMO',924,'','','NO',345,'2009-06-16 04:32:10','1','RESPONSABLE'),('1304','RECLAMO',259,'','','NO',345,'2009-06-16 04:31:26','1','PRESTADOR'),('1304','RECLAMO',925,'','','NO',345,'2009-06-16 04:32:10','1','RESPONSABLE'),('1305','RECLAMO',260,'','','NO',345,'2009-06-16 04:31:26','1','PRESTADOR'),('1305','RECLAMO',926,'','','NO',345,'2009-06-16 04:32:10','1','RESPONSABLE'),('1306','RECLAMO',40,'','','NO',345,'2009-07-20 09:37:32','1','RESPONSABLE'),('1306','RECLAMO',41,'','','NO',345,'2009-07-20 09:37:46','1','PRESTADOR'),('1401','RECLAMO',263,'','','NO',433,'2009-06-16 04:31:26','1','PRESTADOR'),('1401','RECLAMO',1035,'','','NO',433,'2009-06-16 04:32:15','1','RESPONSABLE'),('1402','RECLAMO',264,'','','NO',433,'2009-06-16 04:31:26','1','PRESTADOR'),('1402','RECLAMO',1036,'','','NO',433,'2009-06-16 04:32:15','1','RESPONSABLE'),('1403','RECLAMO',265,'','','NO',433,'2009-06-16 04:31:27','1','PRESTADOR'),('1403','RECLAMO',841,'','','NO',433,'2009-06-16 04:32:06','1','RESPONSABLE'),('1404','RECLAMO',266,'','','NO',433,'2009-06-16 04:31:27','1','PRESTADOR'),('1404','RECLAMO',1045,'','','NO',433,'2009-06-16 04:32:16','1','RESPONSABLE'),('1405','RECLAMO',267,'','','NO',433,'2009-06-16 04:31:27','1','PRESTADOR'),('1405','RECLAMO',1046,'','','NO',433,'2009-06-16 04:32:16','1','RESPONSABLE'),('1406','RECLAMO',268,'','','NO',433,'2009-06-16 04:31:27','1','PRESTADOR'),('1406','RECLAMO',927,'','','NO',433,'2009-06-16 04:32:10','1','RESPONSABLE'),('1407','RECLAMO',586,'','','NO',433,'2009-06-16 04:31:55','1','PRESTADOR'),('1407','RECLAMO',1047,'','','NO',433,'2009-06-16 04:32:16','1','RESPONSABLE'),('1408','RECLAMO',587,'','','NO',433,'2009-06-16 04:31:55','1','PRESTADOR'),('1408','RECLAMO',1048,'','','NO',433,'2009-06-16 04:32:16','1','RESPONSABLE'),('1501','RECLAMO',261,'','','NO',169,'2009-06-16 04:31:26','1','PRESTADOR'),('1501','RECLAMO',671,'','','NO',169,'2009-06-16 04:31:59','1','RESPONSABLE'),('1502','RECLAMO',306,'','','NO',169,'2009-06-16 04:31:30','1','PRESTADOR'),('1502','RECLAMO',672,'','','NO',169,'2009-06-16 04:31:59','1','RESPONSABLE'),('1503','RECLAMO',42,'','','NO',169,'2009-07-20 09:38:53','1','RESPONSABLE'),('1503','RECLAMO',43,'','','NO',169,'2009-07-20 09:39:05','1','PRESTADOR'),('1504','RECLAMO',50,'','','NO',239,'2009-08-19 16:23:35','1','PRESTADOR'),('1504','RECLAMO',51,'','','NO',169,'2009-08-19 17:22:34','','RESPONSABLE'),('16','RECLAMO',270,'','','NO',476,'2009-06-16 04:31:27','1','PRESTADOR'),('16','RECLAMO',676,'','','NO',476,'2009-06-16 04:31:59','1','RESPONSABLE'),('1601','RECLAMO',269,'','','NO',476,'2009-06-16 04:31:27','1','PRESTADOR'),('1601','RECLAMO',675,'','','NO',476,'2009-06-16 04:31:59','1','RESPONSABLE'),('1602','RECLAMO',271,'','','NO',476,'2009-06-16 04:31:27','1','PRESTADOR'),('1602','RECLAMO',761,'','','NO',476,'2009-06-16 04:32:03','1','RESPONSABLE'),('1603','RECLAMO',299,'','','NO',476,'2009-06-16 04:31:29','1','PRESTADOR'),('1603','RECLAMO',928,'','','NO',476,'2009-06-16 04:32:10','1','RESPONSABLE'),('1604','RECLAMO',513,'','','NO',476,'2009-06-16 04:31:48','1','PRESTADOR'),('1604','RECLAMO',762,'','','NO',476,'2009-06-16 04:32:03','1','RESPONSABLE'),('1605','RECLAMO',272,'','','NO',476,'2009-06-16 04:31:27','1','PRESTADOR'),('1605','RECLAMO',929,'','','NO',476,'2009-06-16 04:32:10','1','RESPONSABLE'),('1606','RECLAMO',514,'','','NO',476,'2009-06-16 04:31:48','1','PRESTADOR'),('1606','RECLAMO',930,'','','NO',476,'2009-06-16 04:32:10','1','RESPONSABLE'),('1607','RECLAMO',515,'','','NO',476,'2009-06-16 04:31:49','1','PRESTADOR'),('1607','RECLAMO',677,'','','NO',476,'2009-06-16 04:31:59','1','RESPONSABLE'),('1608','RECLAMO',516,'','','NO',476,'2009-06-16 04:31:49','1','PRESTADOR'),('1608','RECLAMO',678,'','','NO',476,'2009-06-16 04:31:59','1','RESPONSABLE'),('1609','RECLAMO',307,'','','NO',476,'2009-06-16 04:31:30','1','PRESTADOR'),('1609','RECLAMO',679,'','','NO',476,'2009-06-16 04:31:59','1','RESPONSABLE'),('1610','RECLAMO',308,'','','NO',476,'2009-06-16 04:31:30','1','PRESTADOR'),('1610','RECLAMO',680,'','','NO',476,'2009-06-16 04:31:59','1','RESPONSABLE'),('1611','RECLAMO',309,'','','NO',476,'2009-06-16 04:31:30','1','PRESTADOR'),('1611','RECLAMO',681,'','','NO',476,'2009-06-16 04:31:59','1','RESPONSABLE'),('1612','RECLAMO',44,'','','NO',476,'2009-07-20 09:40:01','1','RESPONSABLE'),('1612','RECLAMO',45,'','','NO',476,'2009-07-20 09:40:44','1','PRESTADOR'),('1701','RECLAMO',275,'','','NO',342,'2009-06-16 04:31:27','1','PRESTADOR'),('1701','RECLAMO',683,'','','NO',342,'2009-06-16 04:31:59','1','RESPONSABLE'),('1702','RECLAMO',276,'','','NO',342,'2009-06-16 04:31:27','1','PRESTADOR'),('1702','RECLAMO',870,'','','NO',342,'2009-06-16 04:32:08','1','RESPONSABLE'),('1703','RECLAMO',300,'','','NO',342,'2009-06-16 04:31:29','1','PRESTADOR'),('1703','RECLAMO',871,'','','NO',342,'2009-06-16 04:32:08','1','RESPONSABLE'),('1704','RECLAMO',277,'','','NO',342,'2009-06-16 04:31:27','1','PRESTADOR'),('1704','RECLAMO',684,'','','NO',342,'2009-06-16 04:31:59','1','RESPONSABLE'),('1705','RECLAMO',278,'','','NO',342,'2009-06-16 04:31:27','1','PRESTADOR'),('1705','RECLAMO',685,'','','NO',342,'2009-06-16 04:31:59','1','RESPONSABLE'),('1706','RECLAMO',46,'','','NO',342,'2009-07-20 09:41:40','1','RESPONSABLE'),('1706','RECLAMO',47,'','','NO',342,'2009-07-20 09:42:06','1','PRESTADOR'),('1801','RECLAMO',517,'','','NO',338,'2009-06-16 04:31:49','1','PRESTADOR'),('1801','RECLAMO',1012,'','','NO',338,'2009-06-16 04:32:14','1','RESPONSABLE'),('1802','RECLAMO',518,'','','NO',338,'2009-06-16 04:31:49','1','PRESTADOR'),('1802','RECLAMO',1037,'','','NO',338,'2009-06-16 04:32:15','1','RESPONSABLE'),('1803','RECLAMO',519,'','','NO',338,'2009-06-16 04:31:49','1','PRESTADOR'),('1803','RECLAMO',1038,'','','NO',338,'2009-06-16 04:32:15','1','RESPONSABLE'),('1804','RECLAMO',279,'','','NO',338,'2009-06-16 04:31:28','1','PRESTADOR'),('1804','RECLAMO',1039,'','','NO',338,'2009-06-16 04:32:15','1','RESPONSABLE'),('1805','RECLAMO',280,'','','NO',338,'2009-06-16 04:31:28','1','PRESTADOR'),('1805','RECLAMO',763,'','','NO',338,'2009-06-16 04:32:03','1','RESPONSABLE'),('1806','RECLAMO',281,'','','NO',338,'2009-06-16 04:31:28','1','PRESTADOR'),('1806','RECLAMO',764,'','','NO',338,'2009-06-16 04:32:03','1','RESPONSABLE'),('1807','RECLAMO',282,'','','NO',338,'2009-06-16 04:31:28','1','PRESTADOR'),('1807','RECLAMO',686,'','','NO',338,'2009-06-16 04:31:59','1','RESPONSABLE'),('1808','RECLAMO',48,'','','NO',338,'2009-07-20 09:42:58','1','RESPONSABLE'),('1808','RECLAMO',49,'','','NO',338,'2009-07-20 09:43:16','1','PRESTADOR'),('1901','RECLAMO',290,'','','NO',169,'2009-06-16 04:31:28','1','PRESTADOR'),('1901','RECLAMO',693,'','','NO',169,'2009-06-16 04:32:00','1','RESPONSABLE'),('1902','RECLAMO',289,'','','NO',169,'2009-06-16 04:31:28','1','PRESTADOR'),('1902','RECLAMO',694,'','','NO',169,'2009-06-16 04:32:00','1','RESPONSABLE'),('1903','RECLAMO',301,'','','NO',169,'2009-06-16 04:31:29','1','PRESTADOR'),('1903','RECLAMO',845,'','','NO',169,'2009-06-16 04:32:07','1','RESPONSABLE'),('1904','RECLAMO',302,'','','NO',169,'2009-06-16 04:31:30','1','PRESTADOR'),('1904','RECLAMO',846,'','','NO',169,'2009-06-16 04:32:07','1','RESPONSABLE'),('1905','RECLAMO',291,'','','NO',169,'2009-06-16 04:31:29','1','PRESTADOR'),('1905','RECLAMO',695,'','','NO',169,'2009-06-16 04:32:00','1','RESPONSABLE'),('1906','RECLAMO',303,'','','NO',169,'2009-06-16 04:31:30','1','PRESTADOR'),('1906','RECLAMO',847,'','','NO',169,'2009-06-16 04:32:07','1','RESPONSABLE'),('1907','RECLAMO',292,'','','NO',169,'2009-06-16 04:31:29','1','PRESTADOR'),('1907','RECLAMO',848,'','','NO',169,'2009-06-16 04:32:07','1','RESPONSABLE'),('1908','RECLAMO',304,'','','NO',169,'2009-06-16 04:31:30','1','PRESTADOR'),('1908','RECLAMO',849,'','','NO',169,'2009-06-16 04:32:07','1','RESPONSABLE'),('1909','RECLAMO',523,'','','NO',169,'2009-06-16 04:31:49','1','PRESTADOR'),('1909','RECLAMO',696,'','','NO',169,'2009-06-16 04:32:00','1','RESPONSABLE'),('1910','RECLAMO',524,'','','NO',169,'2009-06-16 04:31:49','1','PRESTADOR'),('1910','RECLAMO',884,'','','NO',169,'2009-06-16 04:32:08','1','RESPONSABLE'),('1911','RECLAMO',525,'','','NO',169,'2009-06-16 04:31:49','1','PRESTADOR'),('1911','RECLAMO',885,'','','NO',169,'2009-06-16 04:32:08','1','RESPONSABLE'),('1912','RECLAMO',526,'','','NO',169,'2009-06-16 04:31:49','1','PRESTADOR'),('1912','RECLAMO',886,'','','NO',169,'2009-06-16 04:32:08','1','RESPONSABLE'),('2001','RECLAMO',10,'','','NO',493,'2009-06-26 16:35:00','1','PRESTADOR'),('2001','RECLAMO',11,'','','NO',493,'2009-06-26 16:35:29','1','RESPONSABLE'),('2002','RECLAMO',12,'','','NO',144,'2009-06-26 16:36:33','1','PRESTADOR'),('2002','RECLAMO',13,'','','NO',144,'2009-06-26 16:36:41','1','RESPONSABLE'),('2003','RECLAMO',14,'','','NO',346,'2009-06-26 16:37:35','1','PRESTADOR'),('2003','RECLAMO',15,'','','NO',346,'2009-06-26 16:37:47','1','RESPONSABLE'),('2004','RECLAMO',16,'','','NO',352,'2009-06-26 16:38:43','1','PRESTADOR'),('2004','RECLAMO',17,'','','NO',352,'2009-06-26 16:38:59','1','RESPONSABLE'),('2005','RECLAMO',18,'','','NO',112,'2009-06-26 16:39:53','1','PRESTADOR'),('2005','RECLAMO',19,'','','NO',112,'2009-06-26 16:40:15','1','RESPONSABLE'),('2101','SOLICITUD',52,'','','NO',517,'2009-08-24 12:38:33','1','RESPONSABLE'),('2102','SOLICITUD',53,'','','NO',517,'2009-08-24 12:40:32','1','RESPONSABLE'),('2103','SOLICITUD',54,'','','NO',517,'2009-08-24 12:42:47','1','RESPONSABLE'),('30','DENUNCIA',1,'',NULL,'NO',486,'2009-06-16 04:33:25','1','OBSERVADOR'),('3001','DENUNCIA',1,'',NULL,'NO',486,'2009-06-16 04:33:25','1','OBSERVADOR'),('3002','DENUNCIA',1,'',NULL,'NO',486,'2009-06-16 04:33:25','1','OBSERVADOR'),('3003','DENUNCIA',1,'',NULL,'NO',486,'2009-06-16 04:33:25','1','OBSERVADOR'),('3004','DENUNCIA',1,'',NULL,'NO',486,'2009-06-16 04:33:25','1','OBSERVADOR'),('3005','DENUNCIA',1,'',NULL,'NO',486,'2009-06-16 04:33:25','1','OBSERVADOR'),('3006','DENUNCIA',1,'',NULL,'NO',486,'2009-06-16 04:33:25','1','OBSERVADOR'),('3007','DENUNCIA',1,'',NULL,'NO',486,'2009-06-16 04:33:25','1','OBSERVADOR'),('3008','DENUNCIA',1,'',NULL,'NO',486,'2009-06-16 04:33:25','1','OBSERVADOR'),('3009','DENUNCIA',1,'',NULL,'NO',486,'2009-06-16 04:33:25','1','OBSERVADOR'),('3010','DENUNCIA',1,'',NULL,'NO',486,'2009-06-16 04:33:25','1','OBSERVADOR'),('3011','DENUNCIA',1,'',NULL,'NO',486,'2009-06-16 04:33:25','1','OBSERVADOR'),('3012','DENUNCIA',1,'',NULL,'NO',486,'2009-06-16 04:33:25','1','OBSERVADOR'),('3013','DENUNCIA',1,'',NULL,'NO',486,'2009-06-16 04:33:25','1','OBSERVADOR'),('3014','DENUNCIA',1,'',NULL,'NO',486,'2009-06-16 04:33:25','1','OBSERVADOR'),('3015','DENUNCIA',1,'',NULL,'NO',486,'2009-06-16 04:33:25','1','OBSERVADOR'),('3016','DENUNCIA',1,'',NULL,'NO',486,'2009-06-16 04:33:25','1','OBSERVADOR'),('3017','DENUNCIA',1,'',NULL,'NO',486,'2009-06-16 04:33:25','1','OBSERVADOR'),('3018','DENUNCIA',1,'',NULL,'NO',486,'2009-06-16 04:33:25','1','OBSERVADOR'),('3019','DENUNCIA',1,'',NULL,'NO',486,'2009-06-16 04:33:25','1','OBSERVADOR'),('3020','DENUNCIA',1,'',NULL,'NO',486,'2009-06-16 04:33:25','1','OBSERVADOR'),('3021','DENUNCIA',1,'',NULL,'NO',486,'2009-06-16 04:33:25','1','OBSERVADOR'),('3022','DENUNCIA',1,'',NULL,'NO',486,'2009-06-16 04:33:25','1','OBSERVADOR'),('3023','DENUNCIA',1,'',NULL,'NO',486,'2009-06-16 04:33:25','1','OBSERVADOR'),('3024','DENUNCIA',1,'',NULL,'NO',486,'2009-06-16 04:33:25','1','OBSERVADOR'),('3025','DENUNCIA',1,'',NULL,'NO',486,'2009-06-16 04:33:25','1','OBSERVADOR'),('3026','DENUNCIA',1,'',NULL,'NO',486,'2009-06-16 04:33:25','1','OBSERVADOR'),('3027','DENUNCIA',1,'',NULL,'NO',486,'2009-06-16 04:33:25','1','OBSERVADOR'),('3028','DENUNCIA',1,'',NULL,'NO',486,'2009-06-16 04:33:25','1','OBSERVADOR');
/*!40000 ALTER TABLE `tic_prestaciones_gis` ENABLE KEYS */;
UNLOCK TABLES;

--
-- Table structure for table `tic_prestaciones_rubros`
--

DROP TABLE IF EXISTS `tic_prestaciones_rubros`;
/*!40101 SET @saved_cs_client     = @@character_set_client */;
/*!40101 SET character_set_client = utf8 */;
CREATE TABLE `tic_prestaciones_rubros` (
  `tpr_code` varchar(20) NOT NULL,
  `tpr_tipo` varchar(20) NOT NULL,
  `tru_code` int(10) NOT NULL,
  `tpr_prioridad` varchar(20) DEFAULT NULL,
  `tor_code` int(10) unsigned DEFAULT NULL,
  `tto_figura` varchar(50) DEFAULT NULL,
  PRIMARY KEY (`tpr_code`,`tpr_tipo`,`tru_code`)
) ENGINE=InnoDB DEFAULT CHARSET=latin1;
/*!40101 SET character_set_client = @saved_cs_client */;

--
-- Dumping data for table `tic_prestaciones_rubros`
--

LOCK TABLES `tic_prestaciones_rubros` WRITE;
/*!40000 ALTER TABLE `tic_prestaciones_rubros` DISABLE KEYS */;
INSERT INTO `tic_prestaciones_rubros` VALUES ('3001','DENUNCIA',2,'1.3',512,'RESPONSABLE'),('3001','DENUNCIA',3,'1.3',512,'RESPONSABLE'),('3001','DENUNCIA',4,'1.3',512,'RESPONSABLE'),('3001','DENUNCIA',5,'1.3',512,'RESPONSABLE'),('3001','DENUNCIA',6,'1.3',512,'RESPONSABLE'),('3001','DENUNCIA',7,'1.3',512,'RESPONSABLE'),('3001','DENUNCIA',8,'1.3',512,'RESPONSABLE'),('3001','DENUNCIA',9,'1.3',512,'RESPONSABLE'),('3001','DENUNCIA',10,'1.3',512,'RESPONSABLE'),('3001','DENUNCIA',11,'1.3',512,'RESPONSABLE'),('3001','DENUNCIA',12,'1.3',512,'RESPONSABLE'),('3001','DENUNCIA',13,'1.3',512,'RESPONSABLE'),('3001','DENUNCIA',14,'1.3',512,'RESPONSABLE'),('3001','DENUNCIA',15,'1.3',512,'RESPONSABLE'),('3001','DENUNCIA',16,'1.3',512,'RESPONSABLE'),('3001','DENUNCIA',17,'1.3',512,'RESPONSABLE'),('3001','DENUNCIA',18,'1.3',512,'RESPONSABLE'),('3001','DENUNCIA',20,'1.3',512,'RESPONSABLE'),('3001','DENUNCIA',22,'1.3',512,'RESPONSABLE'),('3001','DENUNCIA',23,'1.3',512,'RESPONSABLE'),('3001','DENUNCIA',24,'1.3',512,'RESPONSABLE'),('3001','DENUNCIA',25,'1.3',512,'RESPONSABLE'),('3001','DENUNCIA',26,'1.3',512,'RESPONSABLE'),('3001','DENUNCIA',27,'1.3',512,'RESPONSABLE'),('3001','DENUNCIA',28,'1.3',512,'RESPONSABLE'),('3001','DENUNCIA',29,'1.3',512,'RESPONSABLE'),('3001','DENUNCIA',35,'1.3',512,'RESPONSABLE'),('3001','DENUNCIA',36,'1.3',512,'RESPONSABLE'),('3001','DENUNCIA',37,'1.3',512,'RESPONSABLE'),('3001','DENUNCIA',38,'1.3',512,'RESPONSABLE'),('3001','DENUNCIA',88,'1.3',512,'RESPONSABLE'),('3001','DENUNCIA',91,'1.3',512,'RESPONSABLE'),('3001','DENUNCIA',92,'1.3',512,'RESPONSABLE'),('3002','DENUNCIA',1,'1.1',512,'RESPONSABLE'),('3002','DENUNCIA',2,'1.1',512,'RESPONSABLE'),('3002','DENUNCIA',3,'1.1',515,'RESPONSABLE'),('3002','DENUNCIA',4,'1.1',512,'RESPONSABLE'),('3002','DENUNCIA',5,'2.1',514,'RESPONSABLE'),('3002','DENUNCIA',8,'1.1',515,'RESPONSABLE'),('3003','DENUNCIA',1,'1.1',512,'RESPONSABLE'),('3003','DENUNCIA',2,'1.1',512,'RESPONSABLE'),('3003','DENUNCIA',3,'1.1',515,'RESPONSABLE'),('3003','DENUNCIA',4,'1.1',512,'RESPONSABLE'),('3003','DENUNCIA',5,'2.1',514,'RESPONSABLE'),('3003','DENUNCIA',8,'1.1',512,'RESPONSABLE'),('3004','DENUNCIA',1,'1.1',512,'RESPONSABLE'),('3004','DENUNCIA',2,'1.1',512,'RESPONSABLE'),('3004','DENUNCIA',3,'1.1',515,'RESPONSABLE'),('3004','DENUNCIA',4,'1.1',512,'RESPONSABLE'),('3004','DENUNCIA',5,'2.1',514,'RESPONSABLE'),('3004','DENUNCIA',6,'1.1',515,'RESPONSABLE'),('3004','DENUNCIA',7,'1.1',515,'RESPONSABLE'),('3004','DENUNCIA',8,'1.1',515,'RESPONSABLE'),('3004','DENUNCIA',9,'1.1',515,'RESPONSABLE'),('3004','DENUNCIA',10,'1.1',515,'RESPONSABLE'),('3004','DENUNCIA',11,'1.1',515,'RESPONSABLE'),('3004','DENUNCIA',12,'1.1',515,'RESPONSABLE'),('3004','DENUNCIA',13,'1.1',515,'RESPONSABLE'),('3004','DENUNCIA',14,'1.1',515,'RESPONSABLE'),('3004','DENUNCIA',15,'1.1',515,'RESPONSABLE'),('3004','DENUNCIA',16,'1.1',515,'RESPONSABLE'),('3004','DENUNCIA',17,'1.1',515,'RESPONSABLE'),('3004','DENUNCIA',18,'1.1',511,'RESPONSABLE'),('3004','DENUNCIA',19,'1.1',511,'RESPONSABLE'),('3004','DENUNCIA',20,'1.1',511,'RESPONSABLE'),('3004','DENUNCIA',21,'1.1',510,'RESPONSABLE'),('3004','DENUNCIA',22,'1.1',509,'RESPONSABLE'),('3004','DENUNCIA',23,'1.1',509,'RESPONSABLE'),('3004','DENUNCIA',24,'1.1',509,'RESPONSABLE'),('3004','DENUNCIA',25,'1.1',509,'RESPONSABLE'),('3004','DENUNCIA',26,'1.1',509,'RESPONSABLE'),('3004','DENUNCIA',27,'1.1',509,'RESPONSABLE'),('3004','DENUNCIA',28,'2.1',514,'RESPONSABLE'),('3004','DENUNCIA',29,'1.1',510,'RESPONSABLE'),('3004','DENUNCIA',30,'1.1',510,'RESPONSABLE'),('3004','DENUNCIA',31,'1.1',510,'RESPONSABLE'),('3004','DENUNCIA',32,'1.1',510,'RESPONSABLE'),('3004','DENUNCIA',33,'1.1',510,'RESPONSABLE'),('3004','DENUNCIA',34,'1.1',510,'RESPONSABLE'),('3004','DENUNCIA',35,'1.1',515,'RESPONSABLE'),('3004','DENUNCIA',36,'1.1',515,'RESPONSABLE'),('3004','DENUNCIA',37,'1.1',515,'RESPONSABLE'),('3004','DENUNCIA',38,'1.1',515,'RESPONSABLE'),('3004','DENUNCIA',39,'1.1',515,'RESPONSABLE'),('3004','DENUNCIA',40,'1.3',513,'RESPONSABLE'),('3004','DENUNCIA',41,'3.3',514,'RESPONSABLE'),('3004','DENUNCIA',42,'3.3',514,'RESPONSABLE'),('3004','DENUNCIA',43,'1.3',513,'RESPONSABLE'),('3004','DENUNCIA',44,'1.3',513,'RESPONSABLE'),('3004','DENUNCIA',45,'1.3',513,'RESPONSABLE'),('3004','DENUNCIA',46,'1.3',513,'RESPONSABLE'),('3004','DENUNCIA',47,'1.3',513,'RESPONSABLE'),('3004','DENUNCIA',48,'1.3',513,'RESPONSABLE'),('3004','DENUNCIA',49,'1.3',513,'RESPONSABLE'),('3004','DENUNCIA',50,'1.3',513,'RESPONSABLE'),('3004','DENUNCIA',51,'1.3',513,'RESPONSABLE'),('3004','DENUNCIA',52,'1.3',513,'RESPONSABLE'),('3004','DENUNCIA',53,'1.3',513,'RESPONSABLE'),('3004','DENUNCIA',54,'1.3',513,'RESPONSABLE'),('3004','DENUNCIA',55,'1.3',513,'RESPONSABLE'),('3004','DENUNCIA',56,'1.3',513,'RESPONSABLE'),('3004','DENUNCIA',57,'1.3',513,'RESPONSABLE'),('3004','DENUNCIA',58,'1.3',513,'RESPONSABLE'),('3004','DENUNCIA',59,'1.3',513,'RESPONSABLE'),('3004','DENUNCIA',60,'1.3',513,'RESPONSABLE'),('3004','DENUNCIA',61,'1.3',513,'RESPONSABLE'),('3004','DENUNCIA',62,'1.3',513,'RESPONSABLE'),('3004','DENUNCIA',63,'1.3',513,'RESPONSABLE'),('3004','DENUNCIA',64,'1.3',513,'RESPONSABLE'),('3004','DENUNCIA',65,'1.3',513,'RESPONSABLE'),('3004','DENUNCIA',66,'1.3',513,'RESPONSABLE'),('3004','DENUNCIA',67,'1.3',513,'RESPONSABLE'),('3004','DENUNCIA',68,'1.3',513,'RESPONSABLE'),('3004','DENUNCIA',69,'1.3',513,'RESPONSABLE'),('3004','DENUNCIA',70,'1.3',513,'RESPONSABLE'),('3004','DENUNCIA',71,'1.3',513,'RESPONSABLE'),('3004','DENUNCIA',72,'1.3',513,'RESPONSABLE'),('3004','DENUNCIA',73,'1.3',513,'RESPONSABLE'),('3004','DENUNCIA',74,'1.3',513,'RESPONSABLE'),('3004','DENUNCIA',75,'1.3',513,'RESPONSABLE'),('3004','DENUNCIA',77,'1.3',513,'RESPONSABLE'),('3004','DENUNCIA',78,'1.3',513,'RESPONSABLE'),('3004','DENUNCIA',79,'1.3',513,'RESPONSABLE'),('3004','DENUNCIA',80,'1.3',513,'RESPONSABLE'),('3004','DENUNCIA',81,'1.3',513,'RESPONSABLE'),('3004','DENUNCIA',82,'1.3',513,'RESPONSABLE'),('3004','DENUNCIA',83,'1.3',514,'RESPONSABLE'),('3004','DENUNCIA',84,'1.1',514,'RESPONSABLE'),('3004','DENUNCIA',85,'1.1',514,'RESPONSABLE'),('3004','DENUNCIA',86,'1.1',514,'RESPONSABLE'),('3004','DENUNCIA',87,'1.1',514,'RESPONSABLE'),('3004','DENUNCIA',88,'1.1',515,'RESPONSABLE'),('3004','DENUNCIA',89,'1.3',513,'RESPONSABLE'),('3004','DENUNCIA',90,'3.3',514,'RESPONSABLE'),('3004','DENUNCIA',91,'1.1',514,'RESPONSABLE'),('3004','DENUNCIA',92,'',260,'RESPONSABLE'),('3004','DENUNCIA',93,'3.3',514,'RESPONSABLE'),('3004','DENUNCIA',94,'3.3',514,'RESPONSABLE'),('3004','DENUNCIA',95,'3.3',514,'RESPONSABLE'),('3004','DENUNCIA',96,'',260,'RESPONSABLE'),('3004','DENUNCIA',97,'3.3',514,'RESPONSABLE'),('3004','DENUNCIA',98,'3.3',514,'RESPONSABLE'),('3004','DENUNCIA',99,'2.1',514,'RESPONSABLE'),('3004','DENUNCIA',100,'2.1',514,'RESPONSABLE'),('3004','DENUNCIA',101,'2.1',514,'RESPONSABLE'),('3004','DENUNCIA',102,'2.1',514,'RESPONSABLE'),('3004','DENUNCIA',103,'2.1',514,'RESPONSABLE'),('3004','DENUNCIA',104,'2.1',514,'RESPONSABLE'),('3004','DENUNCIA',105,'',260,'RESPONSABLE'),('3004','DENUNCIA',106,'',260,'RESPONSABLE'),('3004','DENUNCIA',107,'2.1',514,'RESPONSABLE'),('3004','DENUNCIA',108,'2.1',514,'RESPONSABLE'),('3004','DENUNCIA',109,'2.1',514,'RESPONSABLE'),('3004','DENUNCIA',110,'2.1',514,'RESPONSABLE'),('3004','DENUNCIA',111,'2.1',514,'RESPONSABLE'),('3004','DENUNCIA',112,'2.1',514,'RESPONSABLE'),('3004','DENUNCIA',113,'2.1',514,'RESPONSABLE'),('3004','DENUNCIA',114,'2.1',514,'RESPONSABLE'),('3004','DENUNCIA',115,'2.1',514,'RESPONSABLE'),('3004','DENUNCIA',116,'2.1',514,'RESPONSABLE'),('3004','DENUNCIA',117,'2.1',514,'RESPONSABLE'),('3004','DENUNCIA',118,'2.1',514,'RESPONSABLE'),('3004','DENUNCIA',119,'2.1',514,'RESPONSABLE'),('3004','DENUNCIA',120,'3.3',514,'RESPONSABLE'),('3004','DENUNCIA',121,'1.3',510,'RESPONSABLE'),('3004','DENUNCIA',122,'3.3',514,'RESPONSABLE'),('3004','DENUNCIA',123,'3.3',514,'RESPONSABLE'),('3004','DENUNCIA',124,'3.3',514,'RESPONSABLE'),('3004','DENUNCIA',125,'3.3',514,'RESPONSABLE'),('3004','DENUNCIA',126,'3.3',514,'RESPONSABLE'),('3004','DENUNCIA',127,'3.3',514,'RESPONSABLE'),('3004','DENUNCIA',128,'3.3',514,'RESPONSABLE'),('3004','DENUNCIA',129,'3.3',514,'RESPONSABLE'),('3004','DENUNCIA',130,'3.3',514,'RESPONSABLE'),('3004','DENUNCIA',131,'3.3',514,'RESPONSABLE'),('3004','DENUNCIA',132,'3.3',514,'RESPONSABLE'),('3004','DENUNCIA',133,'3.3',514,'RESPONSABLE'),('3004','DENUNCIA',134,'3.3',514,'RESPONSABLE'),('3004','DENUNCIA',135,'3.3',514,'RESPONSABLE'),('3004','DENUNCIA',136,'3.3',514,'RESPONSABLE'),('3004','DENUNCIA',137,'3.3',514,'RESPONSABLE'),('3004','DENUNCIA',138,'3.3',514,'RESPONSABLE'),('3004','DENUNCIA',139,'3.3',514,'RESPONSABLE'),('3004','DENUNCIA',140,'3.3',514,'RESPONSABLE'),('3004','DENUNCIA',141,'3.3',514,'RESPONSABLE'),('3004','DENUNCIA',142,'3.3',514,'RESPONSABLE'),('3004','DENUNCIA',143,'3.3',514,'RESPONSABLE'),('3004','DENUNCIA',144,'3.3',514,'RESPONSABLE'),('3004','DENUNCIA',145,'3.3',514,'RESPONSABLE'),('3005','DENUNCIA',21,'1.3',510,'RESPONSABLE'),('3005','DENUNCIA',30,'1.3',510,'RESPONSABLE'),('3005','DENUNCIA',31,'1.3',510,'RESPONSABLE'),('3005','DENUNCIA',32,'1.3',510,'RESPONSABLE'),('3005','DENUNCIA',34,'1.3',510,'RESPONSABLE'),('3006','DENUNCIA',1,'1.3',512,'RESPONSABLE'),('3006','DENUNCIA',2,'1.3',512,'RESPONSABLE'),('3006','DENUNCIA',3,'1.3',515,'RESPONSABLE'),('3006','DENUNCIA',4,'1.3',512,'RESPONSABLE'),('3006','DENUNCIA',5,'3.3',514,'RESPONSABLE'),('3006','DENUNCIA',8,'1.3',515,'RESPONSABLE'),('3006','DENUNCIA',18,'1.3',511,'RESPONSABLE'),('3006','DENUNCIA',20,'1.3',511,'RESPONSABLE'),('3006','DENUNCIA',33,'1.3',510,'RESPONSABLE'),('3007','DENUNCIA',1,'2.2',512,'RESPONSABLE'),('3007','DENUNCIA',2,'2.2',512,'RESPONSABLE'),('3007','DENUNCIA',3,'2.2',515,'RESPONSABLE'),('3007','DENUNCIA',4,'2.2',512,'RESPONSABLE'),('3007','DENUNCIA',5,'2.2',514,'RESPONSABLE'),('3007','DENUNCIA',6,'2.2',515,'RESPONSABLE'),('3007','DENUNCIA',7,'2.2',515,'RESPONSABLE'),('3007','DENUNCIA',8,'2.2',515,'RESPONSABLE'),('3007','DENUNCIA',9,'2.2',515,'RESPONSABLE'),('3007','DENUNCIA',10,'2.2',515,'RESPONSABLE'),('3007','DENUNCIA',11,'2.2',515,'RESPONSABLE'),('3007','DENUNCIA',12,'2.2',515,'RESPONSABLE'),('3007','DENUNCIA',13,'2.2',515,'RESPONSABLE'),('3007','DENUNCIA',14,'2.2',515,'RESPONSABLE'),('3007','DENUNCIA',15,'2.2',515,'RESPONSABLE'),('3007','DENUNCIA',16,'2.2',515,'RESPONSABLE'),('3007','DENUNCIA',17,'2.2',515,'RESPONSABLE'),('3007','DENUNCIA',18,'2.2',511,'RESPONSABLE'),('3007','DENUNCIA',19,'2.2',511,'RESPONSABLE'),('3007','DENUNCIA',20,'2.2',511,'RESPONSABLE'),('3007','DENUNCIA',21,'1.2',510,'RESPONSABLE'),('3007','DENUNCIA',22,'2.2',509,'RESPONSABLE'),('3007','DENUNCIA',23,'2.2',509,'RESPONSABLE'),('3007','DENUNCIA',24,'2.2',509,'RESPONSABLE'),('3007','DENUNCIA',25,'2.2',509,'RESPONSABLE'),('3007','DENUNCIA',26,'2.2',509,'RESPONSABLE'),('3007','DENUNCIA',27,'2.2',509,'RESPONSABLE'),('3007','DENUNCIA',28,'2.2',514,'RESPONSABLE'),('3007','DENUNCIA',29,'1.2',510,'RESPONSABLE'),('3007','DENUNCIA',30,'1.2',510,'RESPONSABLE'),('3007','DENUNCIA',31,'1.2',510,'RESPONSABLE'),('3007','DENUNCIA',32,'1.2',510,'RESPONSABLE'),('3007','DENUNCIA',33,'1.2',510,'RESPONSABLE'),('3007','DENUNCIA',34,'1.2',510,'RESPONSABLE'),('3007','DENUNCIA',35,'2.2',515,'RESPONSABLE'),('3007','DENUNCIA',36,'2.2',515,'RESPONSABLE'),('3007','DENUNCIA',37,'2.2',515,'RESPONSABLE'),('3007','DENUNCIA',38,'2.2',515,'RESPONSABLE'),('3007','DENUNCIA',39,'2.2',515,'RESPONSABLE'),('3007','DENUNCIA',40,'2.2',513,'RESPONSABLE'),('3007','DENUNCIA',41,'2.2',514,'RESPONSABLE'),('3007','DENUNCIA',42,'2.2',514,'RESPONSABLE'),('3007','DENUNCIA',43,'2.2',513,'RESPONSABLE'),('3007','DENUNCIA',44,'2.2',513,'RESPONSABLE'),('3007','DENUNCIA',45,'2.2',513,'RESPONSABLE'),('3007','DENUNCIA',46,'2.2',513,'RESPONSABLE'),('3007','DENUNCIA',47,'2.2',513,'RESPONSABLE'),('3007','DENUNCIA',48,'2.2',513,'RESPONSABLE'),('3007','DENUNCIA',49,'2.2',513,'RESPONSABLE'),('3007','DENUNCIA',50,'2.2',513,'RESPONSABLE'),('3007','DENUNCIA',51,'2.2',513,'RESPONSABLE'),('3007','DENUNCIA',52,'2.2',513,'RESPONSABLE'),('3007','DENUNCIA',53,'2.2',513,'RESPONSABLE'),('3007','DENUNCIA',54,'2.2',513,'RESPONSABLE'),('3007','DENUNCIA',55,'2.2',513,'RESPONSABLE'),('3007','DENUNCIA',56,'2.2',513,'RESPONSABLE'),('3007','DENUNCIA',57,'2.2',513,'RESPONSABLE'),('3007','DENUNCIA',58,'2.2',513,'RESPONSABLE'),('3007','DENUNCIA',59,'2.2',513,'RESPONSABLE'),('3007','DENUNCIA',60,'2.2',513,'RESPONSABLE'),('3007','DENUNCIA',61,'2.2',513,'RESPONSABLE'),('3007','DENUNCIA',62,'2.2',513,'RESPONSABLE'),('3007','DENUNCIA',63,'2.2',513,'RESPONSABLE'),('3007','DENUNCIA',64,'2.2',513,'RESPONSABLE'),('3007','DENUNCIA',65,'2.2',513,'RESPONSABLE'),('3007','DENUNCIA',66,'2.2',513,'RESPONSABLE'),('3007','DENUNCIA',67,'2.2',513,'RESPONSABLE'),('3007','DENUNCIA',68,'2.2',513,'RESPONSABLE'),('3007','DENUNCIA',69,'2.2',513,'RESPONSABLE'),('3007','DENUNCIA',70,'2.2',513,'RESPONSABLE'),('3007','DENUNCIA',71,'2.2',513,'RESPONSABLE'),('3007','DENUNCIA',72,'2.2',513,'RESPONSABLE'),('3007','DENUNCIA',73,'2.2',513,'RESPONSABLE'),('3007','DENUNCIA',74,'2.2',513,'RESPONSABLE'),('3007','DENUNCIA',75,'2.2',513,'RESPONSABLE'),('3007','DENUNCIA',77,'2.2',513,'RESPONSABLE'),('3007','DENUNCIA',78,'2.2',513,'RESPONSABLE'),('3007','DENUNCIA',79,'2.2',513,'RESPONSABLE'),('3007','DENUNCIA',80,'2.2',513,'RESPONSABLE'),('3007','DENUNCIA',81,'2.2',513,'RESPONSABLE'),('3007','DENUNCIA',82,'2.2',513,'RESPONSABLE'),('3007','DENUNCIA',83,'2.2',514,'RESPONSABLE'),('3007','DENUNCIA',84,'2.2',514,'RESPONSABLE'),('3007','DENUNCIA',85,'2.2',514,'RESPONSABLE'),('3007','DENUNCIA',86,'2.2',514,'RESPONSABLE'),('3007','DENUNCIA',87,'2.2',514,'RESPONSABLE'),('3007','DENUNCIA',88,'2.2',515,'RESPONSABLE'),('3007','DENUNCIA',89,'2.2',513,'RESPONSABLE'),('3007','DENUNCIA',90,'2.2',514,'RESPONSABLE'),('3007','DENUNCIA',91,'2.2',514,'RESPONSABLE'),('3007','DENUNCIA',92,'',260,'RESPONSABLE'),('3007','DENUNCIA',93,'2.2',514,'RESPONSABLE'),('3007','DENUNCIA',94,'2.2',514,'RESPONSABLE'),('3007','DENUNCIA',95,'2.2',514,'RESPONSABLE'),('3007','DENUNCIA',96,'',260,'RESPONSABLE'),('3007','DENUNCIA',97,'2.2',514,'RESPONSABLE'),('3007','DENUNCIA',98,'2.2',514,'RESPONSABLE'),('3007','DENUNCIA',99,'2.2',514,'RESPONSABLE'),('3007','DENUNCIA',100,'2.2',514,'RESPONSABLE'),('3007','DENUNCIA',101,'2.2',514,'RESPONSABLE'),('3007','DENUNCIA',102,'2.2',514,'RESPONSABLE'),('3007','DENUNCIA',103,'2.2',514,'RESPONSABLE'),('3007','DENUNCIA',104,'2.2',514,'RESPONSABLE'),('3007','DENUNCIA',105,'',260,'RESPONSABLE'),('3007','DENUNCIA',106,'',260,'RESPONSABLE'),('3007','DENUNCIA',107,'2.2',514,'RESPONSABLE'),('3007','DENUNCIA',108,'2.2',514,'RESPONSABLE'),('3007','DENUNCIA',109,'2.2',514,'RESPONSABLE'),('3007','DENUNCIA',110,'2.2',514,'RESPONSABLE'),('3007','DENUNCIA',111,'2.2',514,'RESPONSABLE'),('3007','DENUNCIA',112,'2.2',514,'RESPONSABLE'),('3007','DENUNCIA',113,'2.2',514,'RESPONSABLE'),('3007','DENUNCIA',114,'2.2',514,'RESPONSABLE'),('3007','DENUNCIA',115,'2.2',514,'RESPONSABLE'),('3007','DENUNCIA',116,'2.2',514,'RESPONSABLE'),('3007','DENUNCIA',117,'2.2',514,'RESPONSABLE'),('3007','DENUNCIA',118,'2.2',514,'RESPONSABLE'),('3007','DENUNCIA',119,'2.2',514,'RESPONSABLE'),('3007','DENUNCIA',120,'2.2',514,'RESPONSABLE'),('3007','DENUNCIA',121,'1.2',510,'RESPONSABLE'),('3007','DENUNCIA',122,'2.2',514,'RESPONSABLE'),('3007','DENUNCIA',123,'2.2',514,'RESPONSABLE'),('3007','DENUNCIA',124,'2.2',514,'RESPONSABLE'),('3007','DENUNCIA',125,'2.2',514,'RESPONSABLE'),('3007','DENUNCIA',126,'2.2',514,'RESPONSABLE'),('3007','DENUNCIA',127,'2.2',514,'RESPONSABLE'),('3007','DENUNCIA',128,'2.2',514,'RESPONSABLE'),('3007','DENUNCIA',129,'2.2',514,'RESPONSABLE'),('3007','DENUNCIA',130,'2.2',514,'RESPONSABLE'),('3007','DENUNCIA',131,'2.2',514,'RESPONSABLE'),('3007','DENUNCIA',132,'2.2',514,'RESPONSABLE'),('3007','DENUNCIA',133,'2.2',514,'RESPONSABLE'),('3007','DENUNCIA',134,'2.2',514,'RESPONSABLE'),('3007','DENUNCIA',135,'2.2',514,'RESPONSABLE'),('3007','DENUNCIA',136,'2.2',514,'RESPONSABLE'),('3007','DENUNCIA',137,'2.2',514,'RESPONSABLE'),('3007','DENUNCIA',138,'2.2',514,'RESPONSABLE'),('3007','DENUNCIA',139,'2.2',514,'RESPONSABLE'),('3007','DENUNCIA',140,'2.2',514,'RESPONSABLE'),('3007','DENUNCIA',141,'2.2',514,'RESPONSABLE'),('3007','DENUNCIA',142,'2.2',514,'RESPONSABLE'),('3007','DENUNCIA',143,'2.2',514,'RESPONSABLE'),('3007','DENUNCIA',144,'2.2',514,'RESPONSABLE'),('3007','DENUNCIA',145,'2.2',514,'RESPONSABLE'),('3008','DENUNCIA',1,'1.3',512,'RESPONSABLE'),('3008','DENUNCIA',2,'1.3',512,'RESPONSABLE'),('3008','DENUNCIA',3,'1.3',515,'RESPONSABLE'),('3008','DENUNCIA',4,'1.3',512,'RESPONSABLE'),('3008','DENUNCIA',5,'3.3',514,'RESPONSABLE'),('3008','DENUNCIA',6,'1.3',515,'RESPONSABLE'),('3008','DENUNCIA',7,'1.3',515,'RESPONSABLE'),('3008','DENUNCIA',8,'1.3',515,'RESPONSABLE'),('3008','DENUNCIA',9,'1.3',515,'RESPONSABLE'),('3008','DENUNCIA',10,'1.3',515,'RESPONSABLE'),('3008','DENUNCIA',11,'1.3',515,'RESPONSABLE'),('3008','DENUNCIA',12,'1.3',515,'RESPONSABLE'),('3008','DENUNCIA',13,'1.3',515,'RESPONSABLE'),('3008','DENUNCIA',14,'1.3',515,'RESPONSABLE'),('3008','DENUNCIA',15,'1.3',515,'RESPONSABLE'),('3008','DENUNCIA',16,'1.3',515,'RESPONSABLE'),('3008','DENUNCIA',17,'1.3',515,'RESPONSABLE'),('3008','DENUNCIA',18,'1.3',511,'RESPONSABLE'),('3008','DENUNCIA',19,'1.3',511,'RESPONSABLE'),('3008','DENUNCIA',20,'1.3',511,'RESPONSABLE'),('3008','DENUNCIA',21,'1.3',510,'RESPONSABLE'),('3008','DENUNCIA',22,'1.3',509,'RESPONSABLE'),('3008','DENUNCIA',23,'1.3',509,'RESPONSABLE'),('3008','DENUNCIA',24,'1.3',509,'RESPONSABLE'),('3008','DENUNCIA',25,'1.3',509,'RESPONSABLE'),('3008','DENUNCIA',26,'1.3',509,'RESPONSABLE'),('3008','DENUNCIA',27,'1.3',509,'RESPONSABLE'),('3008','DENUNCIA',28,'3.3',514,'RESPONSABLE'),('3008','DENUNCIA',29,'1.3',510,'RESPONSABLE'),('3008','DENUNCIA',30,'1.3',510,'RESPONSABLE'),('3008','DENUNCIA',31,'1.3',510,'RESPONSABLE'),('3008','DENUNCIA',32,'1.3',510,'RESPONSABLE'),('3008','DENUNCIA',33,'1.3',510,'RESPONSABLE'),('3008','DENUNCIA',34,'1.3',510,'RESPONSABLE'),('3008','DENUNCIA',35,'1.3',515,'RESPONSABLE'),('3008','DENUNCIA',36,'1.3',515,'RESPONSABLE'),('3008','DENUNCIA',37,'1.3',515,'RESPONSABLE'),('3008','DENUNCIA',38,'1.3',515,'RESPONSABLE'),('3008','DENUNCIA',39,'1.3',515,'RESPONSABLE'),('3008','DENUNCIA',40,'1.3',513,'RESPONSABLE'),('3008','DENUNCIA',41,'3.3',514,'RESPONSABLE'),('3008','DENUNCIA',42,'3.3',514,'RESPONSABLE'),('3008','DENUNCIA',43,'1.3',513,'RESPONSABLE'),('3008','DENUNCIA',44,'1.3',513,'RESPONSABLE'),('3008','DENUNCIA',45,'1.3',513,'RESPONSABLE'),('3008','DENUNCIA',46,'1.3',513,'RESPONSABLE'),('3008','DENUNCIA',47,'1.3',513,'RESPONSABLE'),('3008','DENUNCIA',48,'1.3',513,'RESPONSABLE'),('3008','DENUNCIA',49,'1.3',513,'RESPONSABLE'),('3008','DENUNCIA',50,'1.3',513,'RESPONSABLE'),('3008','DENUNCIA',51,'1.3',513,'RESPONSABLE'),('3008','DENUNCIA',52,'1.3',513,'RESPONSABLE'),('3008','DENUNCIA',53,'1.3',513,'RESPONSABLE'),('3008','DENUNCIA',54,'1.3',513,'RESPONSABLE'),('3008','DENUNCIA',55,'1.3',513,'RESPONSABLE'),('3008','DENUNCIA',56,'1.3',513,'RESPONSABLE'),('3008','DENUNCIA',57,'1.3',513,'RESPONSABLE'),('3008','DENUNCIA',58,'1.3',513,'RESPONSABLE'),('3008','DENUNCIA',59,'1.3',513,'RESPONSABLE'),('3008','DENUNCIA',60,'1.3',513,'RESPONSABLE'),('3008','DENUNCIA',61,'1.3',513,'RESPONSABLE'),('3008','DENUNCIA',62,'1.3',513,'RESPONSABLE'),('3008','DENUNCIA',63,'1.3',513,'RESPONSABLE'),('3008','DENUNCIA',64,'1.3',513,'RESPONSABLE'),('3008','DENUNCIA',65,'1.3',513,'RESPONSABLE'),('3008','DENUNCIA',66,'1.3',513,'RESPONSABLE'),('3008','DENUNCIA',67,'1.3',513,'RESPONSABLE'),('3008','DENUNCIA',68,'1.3',513,'RESPONSABLE'),('3008','DENUNCIA',69,'1.3',513,'RESPONSABLE'),('3008','DENUNCIA',70,'1.3',513,'RESPONSABLE'),('3008','DENUNCIA',71,'1.3',513,'RESPONSABLE'),('3008','DENUNCIA',72,'1.3',513,'RESPONSABLE'),('3008','DENUNCIA',73,'1.3',513,'RESPONSABLE'),('3008','DENUNCIA',74,'1.3',513,'RESPONSABLE'),('3008','DENUNCIA',75,'1.3',513,'RESPONSABLE'),('3008','DENUNCIA',77,'1.3',513,'RESPONSABLE'),('3008','DENUNCIA',78,'1.3',513,'RESPONSABLE'),('3008','DENUNCIA',79,'1.3',513,'RESPONSABLE'),('3008','DENUNCIA',80,'1.3',513,'RESPONSABLE'),('3008','DENUNCIA',81,'1.3',513,'RESPONSABLE'),('3008','DENUNCIA',82,'1.3',513,'RESPONSABLE'),('3008','DENUNCIA',83,'3.3',514,'RESPONSABLE'),('3008','DENUNCIA',84,'3.3',514,'RESPONSABLE'),('3008','DENUNCIA',85,'3.3',514,'RESPONSABLE'),('3008','DENUNCIA',86,'3.3',514,'RESPONSABLE'),('3008','DENUNCIA',87,'3.3',514,'RESPONSABLE'),('3008','DENUNCIA',88,'1.3',515,'RESPONSABLE'),('3008','DENUNCIA',89,'1.3',513,'RESPONSABLE'),('3008','DENUNCIA',90,'3.3',514,'RESPONSABLE'),('3008','DENUNCIA',91,'1.3',514,'RESPONSABLE'),('3008','DENUNCIA',92,'',260,'RESPONSABLE'),('3008','DENUNCIA',93,'3.3',514,'RESPONSABLE'),('3008','DENUNCIA',94,'3.3',514,'RESPONSABLE'),('3008','DENUNCIA',95,'3.3',514,'RESPONSABLE'),('3008','DENUNCIA',96,'',260,'RESPONSABLE'),('3008','DENUNCIA',97,'3.3',514,'RESPONSABLE'),('3008','DENUNCIA',98,'3.3',514,'RESPONSABLE'),('3008','DENUNCIA',99,'3.3',514,'RESPONSABLE'),('3008','DENUNCIA',100,'3.3',514,'RESPONSABLE'),('3008','DENUNCIA',101,'3.3',514,'RESPONSABLE'),('3008','DENUNCIA',102,'3.3',514,'RESPONSABLE'),('3008','DENUNCIA',103,'3.3',514,'RESPONSABLE'),('3008','DENUNCIA',104,'3.3',514,'RESPONSABLE'),('3008','DENUNCIA',105,'',260,'RESPONSABLE'),('3008','DENUNCIA',106,'',260,'RESPONSABLE'),('3008','DENUNCIA',107,'3.3',514,'RESPONSABLE'),('3008','DENUNCIA',108,'3.3',514,'RESPONSABLE'),('3008','DENUNCIA',109,'3.3',514,'RESPONSABLE'),('3008','DENUNCIA',110,'3.3',514,'RESPONSABLE'),('3008','DENUNCIA',111,'3.3',514,'RESPONSABLE'),('3008','DENUNCIA',112,'3.3',514,'RESPONSABLE'),('3008','DENUNCIA',113,'3.3',514,'RESPONSABLE'),('3008','DENUNCIA',114,'3.3',514,'RESPONSABLE'),('3008','DENUNCIA',115,'3.3',514,'RESPONSABLE'),('3008','DENUNCIA',116,'3.3',514,'RESPONSABLE'),('3008','DENUNCIA',117,'3.3',514,'RESPONSABLE'),('3008','DENUNCIA',118,'3.3',514,'RESPONSABLE'),('3008','DENUNCIA',119,'3.3',514,'RESPONSABLE'),('3008','DENUNCIA',120,'3.3',514,'RESPONSABLE'),('3008','DENUNCIA',121,'1.3',510,'RESPONSABLE'),('3008','DENUNCIA',122,'3.3',514,'RESPONSABLE'),('3008','DENUNCIA',123,'3.3',514,'RESPONSABLE'),('3008','DENUNCIA',124,'3.3',514,'RESPONSABLE'),('3008','DENUNCIA',125,'3.3',514,'RESPONSABLE'),('3008','DENUNCIA',126,'3.3',514,'RESPONSABLE'),('3008','DENUNCIA',127,'3.3',514,'RESPONSABLE'),('3008','DENUNCIA',128,'3.3',514,'RESPONSABLE'),('3008','DENUNCIA',129,'3.3',514,'RESPONSABLE'),('3008','DENUNCIA',130,'3.3',514,'RESPONSABLE'),('3008','DENUNCIA',131,'3.3',514,'RESPONSABLE'),('3008','DENUNCIA',132,'3.3',514,'RESPONSABLE'),('3008','DENUNCIA',133,'3.3',514,'RESPONSABLE'),('3008','DENUNCIA',134,'3.3',514,'RESPONSABLE'),('3008','DENUNCIA',135,'3.3',514,'RESPONSABLE'),('3008','DENUNCIA',136,'3.3',514,'RESPONSABLE'),('3008','DENUNCIA',137,'3.3',514,'RESPONSABLE'),('3008','DENUNCIA',138,'3.3',514,'RESPONSABLE'),('3008','DENUNCIA',139,'3.3',514,'RESPONSABLE'),('3008','DENUNCIA',140,'3.3',514,'RESPONSABLE'),('3008','DENUNCIA',141,'3.3',514,'RESPONSABLE'),('3008','DENUNCIA',142,'3.3',514,'RESPONSABLE'),('3008','DENUNCIA',143,'3.3',514,'RESPONSABLE'),('3008','DENUNCIA',144,'3.3',514,'RESPONSABLE'),('3008','DENUNCIA',145,'3.3',514,'RESPONSABLE'),('3009','DENUNCIA',1,'1.1',512,'RESPONSABLE'),('3009','DENUNCIA',2,'1.1',512,'RESPONSABLE'),('3009','DENUNCIA',3,'1.1',515,'RESPONSABLE'),('3009','DENUNCIA',4,'1.1',512,'RESPONSABLE'),('3009','DENUNCIA',5,'2.1',514,'RESPONSABLE'),('3009','DENUNCIA',6,'1.1',515,'RESPONSABLE'),('3009','DENUNCIA',7,'1.1',515,'RESPONSABLE'),('3009','DENUNCIA',8,'1.1',515,'RESPONSABLE'),('3009','DENUNCIA',9,'1.1',515,'RESPONSABLE'),('3009','DENUNCIA',10,'1.1',515,'RESPONSABLE'),('3009','DENUNCIA',11,'1.1',515,'RESPONSABLE'),('3009','DENUNCIA',12,'1.1',515,'RESPONSABLE'),('3009','DENUNCIA',13,'1.1',515,'RESPONSABLE'),('3009','DENUNCIA',14,'1.1',515,'RESPONSABLE'),('3009','DENUNCIA',15,'1.1',515,'RESPONSABLE'),('3009','DENUNCIA',16,'1.1',515,'RESPONSABLE'),('3009','DENUNCIA',17,'1.1',515,'RESPONSABLE'),('3009','DENUNCIA',18,'1.1',511,'RESPONSABLE'),('3009','DENUNCIA',19,'1.1',511,'RESPONSABLE'),('3009','DENUNCIA',20,'1.1',511,'RESPONSABLE'),('3009','DENUNCIA',21,'1.1',510,'RESPONSABLE'),('3009','DENUNCIA',22,'1.1',509,'RESPONSABLE'),('3009','DENUNCIA',23,'1.1',509,'RESPONSABLE'),('3009','DENUNCIA',24,'1.1',509,'RESPONSABLE'),('3009','DENUNCIA',25,'1.1',509,'RESPONSABLE'),('3009','DENUNCIA',26,'1.1',509,'RESPONSABLE'),('3009','DENUNCIA',27,'1.1',509,'RESPONSABLE'),('3009','DENUNCIA',28,'2.1',514,'RESPONSABLE'),('3009','DENUNCIA',29,'1.1',510,'RESPONSABLE'),('3009','DENUNCIA',30,'1.1',510,'RESPONSABLE'),('3009','DENUNCIA',31,'1.1',510,'RESPONSABLE'),('3009','DENUNCIA',32,'1.1',510,'RESPONSABLE'),('3009','DENUNCIA',33,'1.1',510,'RESPONSABLE'),('3009','DENUNCIA',34,'1.1',510,'RESPONSABLE'),('3009','DENUNCIA',35,'1.1',515,'RESPONSABLE'),('3009','DENUNCIA',36,'1.1',515,'RESPONSABLE'),('3009','DENUNCIA',37,'1.1',515,'RESPONSABLE'),('3009','DENUNCIA',38,'1.1',515,'RESPONSABLE'),('3009','DENUNCIA',39,'1.1',515,'RESPONSABLE'),('3009','DENUNCIA',40,'1.1',513,'RESPONSABLE'),('3009','DENUNCIA',41,'2.1',514,'RESPONSABLE'),('3009','DENUNCIA',42,'2.1',514,'RESPONSABLE'),('3009','DENUNCIA',43,'1.1',513,'RESPONSABLE'),('3009','DENUNCIA',44,'1.1',513,'RESPONSABLE'),('3009','DENUNCIA',45,'1.1',513,'RESPONSABLE'),('3009','DENUNCIA',46,'1.1',513,'RESPONSABLE'),('3009','DENUNCIA',47,'1.1',513,'RESPONSABLE'),('3009','DENUNCIA',48,'1.1',513,'RESPONSABLE'),('3009','DENUNCIA',49,'1.1',513,'RESPONSABLE'),('3009','DENUNCIA',50,'1.1',513,'RESPONSABLE'),('3009','DENUNCIA',51,'1.1',513,'RESPONSABLE'),('3009','DENUNCIA',52,'1.1',513,'RESPONSABLE'),('3009','DENUNCIA',53,'1.1',513,'RESPONSABLE'),('3009','DENUNCIA',54,'1.1',513,'RESPONSABLE'),('3009','DENUNCIA',55,'1.1',513,'RESPONSABLE'),('3009','DENUNCIA',56,'1.1',513,'RESPONSABLE'),('3009','DENUNCIA',57,'1.1',513,'RESPONSABLE'),('3009','DENUNCIA',58,'1.1',513,'RESPONSABLE'),('3009','DENUNCIA',59,'1.1',513,'RESPONSABLE'),('3009','DENUNCIA',60,'1.1',513,'RESPONSABLE'),('3009','DENUNCIA',61,'1.1',513,'RESPONSABLE'),('3009','DENUNCIA',62,'1.1',513,'RESPONSABLE'),('3009','DENUNCIA',63,'1.1',513,'RESPONSABLE'),('3009','DENUNCIA',64,'1.1',513,'RESPONSABLE'),('3009','DENUNCIA',65,'1.1',513,'RESPONSABLE'),('3009','DENUNCIA',66,'1.1',513,'RESPONSABLE'),('3009','DENUNCIA',67,'1.1',513,'RESPONSABLE'),('3009','DENUNCIA',68,'1.1',513,'RESPONSABLE'),('3009','DENUNCIA',69,'1.1',513,'RESPONSABLE'),('3009','DENUNCIA',70,'1.1',513,'RESPONSABLE'),('3009','DENUNCIA',71,'1.1',513,'RESPONSABLE'),('3009','DENUNCIA',72,'1.1',513,'RESPONSABLE'),('3009','DENUNCIA',73,'1.1',513,'RESPONSABLE'),('3009','DENUNCIA',74,'1.1',513,'RESPONSABLE'),('3009','DENUNCIA',75,'1.1',513,'RESPONSABLE'),('3009','DENUNCIA',77,'1.1',513,'RESPONSABLE'),('3009','DENUNCIA',78,'1.1',513,'RESPONSABLE'),('3009','DENUNCIA',79,'1.1',513,'RESPONSABLE'),('3009','DENUNCIA',80,'1.1',513,'RESPONSABLE'),('3009','DENUNCIA',81,'1.1',513,'RESPONSABLE'),('3009','DENUNCIA',82,'1.1',513,'RESPONSABLE'),('3009','DENUNCIA',83,'1.1',514,'RESPONSABLE'),('3009','DENUNCIA',84,'1.1',514,'RESPONSABLE'),('3009','DENUNCIA',85,'1.1',514,'RESPONSABLE'),('3009','DENUNCIA',86,'1.1',514,'RESPONSABLE'),('3009','DENUNCIA',87,'1.1',514,'RESPONSABLE'),('3009','DENUNCIA',88,'1.1',515,'RESPONSABLE'),('3009','DENUNCIA',89,'1.1',513,'RESPONSABLE'),('3009','DENUNCIA',90,'2.1',514,'RESPONSABLE'),('3009','DENUNCIA',91,'2.1',514,'RESPONSABLE'),('3009','DENUNCIA',92,'',260,'RESPONSABLE'),('3009','DENUNCIA',93,'2.1',514,'RESPONSABLE'),('3009','DENUNCIA',94,'2.1',514,'RESPONSABLE'),('3009','DENUNCIA',95,'2.1',514,'RESPONSABLE'),('3009','DENUNCIA',96,'',260,'RESPONSABLE'),('3009','DENUNCIA',97,'2.1',514,'RESPONSABLE'),('3009','DENUNCIA',98,'2.1',514,'RESPONSABLE'),('3009','DENUNCIA',99,'2.1',514,'RESPONSABLE'),('3009','DENUNCIA',100,'2.1',514,'RESPONSABLE'),('3009','DENUNCIA',101,'2.1',514,'RESPONSABLE'),('3009','DENUNCIA',102,'2.1',514,'RESPONSABLE'),('3009','DENUNCIA',103,'2.1',514,'RESPONSABLE'),('3009','DENUNCIA',104,'2.1',514,'RESPONSABLE'),('3009','DENUNCIA',105,'',260,'RESPONSABLE'),('3009','DENUNCIA',106,'',260,'RESPONSABLE'),('3009','DENUNCIA',107,'2.1',514,'RESPONSABLE'),('3009','DENUNCIA',108,'2.1',514,'RESPONSABLE'),('3009','DENUNCIA',109,'2.1',514,'RESPONSABLE'),('3009','DENUNCIA',110,'2.1',514,'RESPONSABLE'),('3009','DENUNCIA',111,'2.1',514,'RESPONSABLE'),('3009','DENUNCIA',112,'2.1',514,'RESPONSABLE'),('3009','DENUNCIA',113,'2.1',514,'RESPONSABLE'),('3009','DENUNCIA',114,'2.1',514,'RESPONSABLE'),('3009','DENUNCIA',115,'2.1',514,'RESPONSABLE'),('3009','DENUNCIA',116,'2.1',514,'RESPONSABLE'),('3009','DENUNCIA',117,'2.1',514,'RESPONSABLE'),('3009','DENUNCIA',118,'2.1',514,'RESPONSABLE'),('3009','DENUNCIA',119,'2.1',514,'RESPONSABLE'),('3009','DENUNCIA',120,'2.1',514,'RESPONSABLE'),('3009','DENUNCIA',121,'1.1',510,'RESPONSABLE'),('3009','DENUNCIA',122,'2.1',514,'RESPONSABLE'),('3009','DENUNCIA',123,'2.1',514,'RESPONSABLE'),('3009','DENUNCIA',124,'2.1',514,'RESPONSABLE'),('3009','DENUNCIA',125,'2.1',514,'RESPONSABLE'),('3009','DENUNCIA',126,'2.1',514,'RESPONSABLE'),('3009','DENUNCIA',127,'2.1',514,'RESPONSABLE'),('3009','DENUNCIA',128,'2.1',514,'RESPONSABLE'),('3009','DENUNCIA',129,'2.1',514,'RESPONSABLE'),('3009','DENUNCIA',130,'2.1',514,'RESPONSABLE'),('3009','DENUNCIA',131,'2.1',514,'RESPONSABLE'),('3009','DENUNCIA',132,'2.1',514,'RESPONSABLE'),('3009','DENUNCIA',133,'2.1',514,'RESPONSABLE'),('3009','DENUNCIA',134,'2.1',514,'RESPONSABLE'),('3009','DENUNCIA',135,'2.1',514,'RESPONSABLE'),('3009','DENUNCIA',136,'2.1',514,'RESPONSABLE'),('3009','DENUNCIA',137,'2.1',514,'RESPONSABLE'),('3009','DENUNCIA',138,'2.1',514,'RESPONSABLE'),('3009','DENUNCIA',139,'2.1',514,'RESPONSABLE'),('3009','DENUNCIA',140,'2.1',514,'RESPONSABLE'),('3009','DENUNCIA',141,'2.1',514,'RESPONSABLE'),('3009','DENUNCIA',142,'2.1',514,'RESPONSABLE'),('3009','DENUNCIA',143,'2.1',514,'RESPONSABLE'),('3009','DENUNCIA',144,'2.1',514,'RESPONSABLE'),('3009','DENUNCIA',145,'2.1',514,'RESPONSABLE'),('3010','DENUNCIA',1,'1.1',512,'RESPONSABLE'),('3010','DENUNCIA',2,'1.1',512,'RESPONSABLE'),('3010','DENUNCIA',3,'1.1',515,'RESPONSABLE'),('3010','DENUNCIA',4,'1.1',512,'RESPONSABLE'),('3010','DENUNCIA',5,'2.1',514,'RESPONSABLE'),('3010','DENUNCIA',6,'1.1',515,'RESPONSABLE'),('3010','DENUNCIA',7,'1.1',515,'RESPONSABLE'),('3010','DENUNCIA',8,'1.1',515,'RESPONSABLE'),('3010','DENUNCIA',9,'1.1',515,'RESPONSABLE'),('3010','DENUNCIA',10,'1.1',515,'RESPONSABLE'),('3010','DENUNCIA',11,'1.1',515,'RESPONSABLE'),('3010','DENUNCIA',12,'1.1',515,'RESPONSABLE'),('3010','DENUNCIA',13,'1.1',515,'RESPONSABLE'),('3010','DENUNCIA',14,'1.1',515,'RESPONSABLE'),('3010','DENUNCIA',15,'1.1',515,'RESPONSABLE'),('3010','DENUNCIA',16,'1.1',515,'RESPONSABLE'),('3010','DENUNCIA',17,'1.1',515,'RESPONSABLE'),('3010','DENUNCIA',18,'1.1',511,'RESPONSABLE'),('3010','DENUNCIA',19,'1.1',511,'RESPONSABLE'),('3010','DENUNCIA',20,'1.1',511,'RESPONSABLE'),('3010','DENUNCIA',21,'1.1',510,'RESPONSABLE'),('3010','DENUNCIA',22,'1.1',509,'RESPONSABLE'),('3010','DENUNCIA',23,'1.1',509,'RESPONSABLE'),('3010','DENUNCIA',24,'1.1',509,'RESPONSABLE'),('3010','DENUNCIA',25,'1.1',509,'RESPONSABLE'),('3010','DENUNCIA',26,'1.1',509,'RESPONSABLE'),('3010','DENUNCIA',27,'1.1',509,'RESPONSABLE'),('3010','DENUNCIA',28,'2.1',514,'RESPONSABLE'),('3010','DENUNCIA',29,'1.1',510,'RESPONSABLE'),('3010','DENUNCIA',30,'1.1',510,'RESPONSABLE'),('3010','DENUNCIA',31,'1.1',510,'RESPONSABLE'),('3010','DENUNCIA',32,'1.1',510,'RESPONSABLE'),('3010','DENUNCIA',33,'1.1',510,'RESPONSABLE'),('3010','DENUNCIA',34,'1.1',510,'RESPONSABLE'),('3010','DENUNCIA',35,'1.1',515,'RESPONSABLE'),('3010','DENUNCIA',36,'1.1',515,'RESPONSABLE'),('3010','DENUNCIA',37,'1.1',515,'RESPONSABLE'),('3010','DENUNCIA',38,'1.1',515,'RESPONSABLE'),('3010','DENUNCIA',39,'1.1',515,'RESPONSABLE'),('3010','DENUNCIA',40,'1.1',513,'RESPONSABLE'),('3010','DENUNCIA',41,'2.1',514,'RESPONSABLE'),('3010','DENUNCIA',42,'2.1',514,'RESPONSABLE'),('3010','DENUNCIA',43,'1.1',513,'RESPONSABLE'),('3010','DENUNCIA',44,'1.1',513,'RESPONSABLE'),('3010','DENUNCIA',45,'1.1',513,'RESPONSABLE'),('3010','DENUNCIA',46,'1.1',513,'RESPONSABLE'),('3010','DENUNCIA',47,'1.1',513,'RESPONSABLE'),('3010','DENUNCIA',48,'1.1',513,'RESPONSABLE'),('3010','DENUNCIA',49,'1.1',513,'RESPONSABLE'),('3010','DENUNCIA',50,'1.1',513,'RESPONSABLE'),('3010','DENUNCIA',51,'1.1',513,'RESPONSABLE'),('3010','DENUNCIA',52,'1.1',513,'RESPONSABLE'),('3010','DENUNCIA',53,'1.1',513,'RESPONSABLE'),('3010','DENUNCIA',54,'1.1',513,'RESPONSABLE'),('3010','DENUNCIA',55,'1.1',513,'RESPONSABLE'),('3010','DENUNCIA',56,'1.1',513,'RESPONSABLE'),('3010','DENUNCIA',57,'1.1',513,'RESPONSABLE'),('3010','DENUNCIA',58,'1.1',513,'RESPONSABLE'),('3010','DENUNCIA',59,'1.1',513,'RESPONSABLE'),('3010','DENUNCIA',60,'1.1',513,'RESPONSABLE'),('3010','DENUNCIA',61,'1.1',513,'RESPONSABLE'),('3010','DENUNCIA',62,'1.1',513,'RESPONSABLE'),('3010','DENUNCIA',63,'1.1',513,'RESPONSABLE'),('3010','DENUNCIA',64,'1.1',513,'RESPONSABLE'),('3010','DENUNCIA',65,'1.1',513,'RESPONSABLE'),('3010','DENUNCIA',66,'1.1',513,'RESPONSABLE'),('3010','DENUNCIA',67,'1.1',513,'RESPONSABLE'),('3010','DENUNCIA',68,'1.1',513,'RESPONSABLE'),('3010','DENUNCIA',69,'1.1',513,'RESPONSABLE'),('3010','DENUNCIA',70,'1.1',513,'RESPONSABLE'),('3010','DENUNCIA',71,'1.1',513,'RESPONSABLE'),('3010','DENUNCIA',72,'1.1',513,'RESPONSABLE'),('3010','DENUNCIA',73,'1.1',513,'RESPONSABLE'),('3010','DENUNCIA',74,'1.1',513,'RESPONSABLE'),('3010','DENUNCIA',75,'1.1',513,'RESPONSABLE'),('3010','DENUNCIA',77,'1.1',513,'RESPONSABLE'),('3010','DENUNCIA',78,'1.1',513,'RESPONSABLE'),('3010','DENUNCIA',79,'1.1',513,'RESPONSABLE'),('3010','DENUNCIA',80,'1.1',513,'RESPONSABLE'),('3010','DENUNCIA',81,'1.1',513,'RESPONSABLE'),('3010','DENUNCIA',82,'1.1',513,'RESPONSABLE'),('3010','DENUNCIA',83,'1.1',514,'RESPONSABLE'),('3010','DENUNCIA',84,'1.1',514,'RESPONSABLE'),('3010','DENUNCIA',85,'1.1',514,'RESPONSABLE'),('3010','DENUNCIA',86,'1.1',514,'RESPONSABLE'),('3010','DENUNCIA',87,'1.1',514,'RESPONSABLE'),('3010','DENUNCIA',88,'1.1',515,'RESPONSABLE'),('3010','DENUNCIA',89,'1.1',513,'RESPONSABLE'),('3010','DENUNCIA',90,'2.1',514,'RESPONSABLE'),('3010','DENUNCIA',91,'2.1',514,'RESPONSABLE'),('3010','DENUNCIA',92,'',260,'RESPONSABLE'),('3010','DENUNCIA',93,'2.1',514,'RESPONSABLE'),('3010','DENUNCIA',94,'2.1',514,'RESPONSABLE'),('3010','DENUNCIA',95,'2.1',514,'RESPONSABLE'),('3010','DENUNCIA',96,'',260,'RESPONSABLE'),('3010','DENUNCIA',97,'2.1',514,'RESPONSABLE'),('3010','DENUNCIA',98,'2.1',514,'RESPONSABLE'),('3010','DENUNCIA',99,'2.1',514,'RESPONSABLE'),('3010','DENUNCIA',100,'2.1',514,'RESPONSABLE'),('3010','DENUNCIA',101,'2.1',514,'RESPONSABLE'),('3010','DENUNCIA',102,'2.1',514,'RESPONSABLE'),('3010','DENUNCIA',103,'2.1',514,'RESPONSABLE'),('3010','DENUNCIA',104,'2.1',514,'RESPONSABLE'),('3010','DENUNCIA',107,'2.1',514,'RESPONSABLE'),('3010','DENUNCIA',108,'2.1',514,'RESPONSABLE'),('3010','DENUNCIA',109,'2.1',514,'RESPONSABLE'),('3010','DENUNCIA',110,'2.1',514,'RESPONSABLE'),('3010','DENUNCIA',111,'2.1',514,'RESPONSABLE'),('3010','DENUNCIA',112,'2.1',514,'RESPONSABLE'),('3010','DENUNCIA',113,'2.1',514,'RESPONSABLE'),('3010','DENUNCIA',114,'2.1',514,'RESPONSABLE'),('3010','DENUNCIA',115,'2.1',514,'RESPONSABLE'),('3010','DENUNCIA',116,'2.1',514,'RESPONSABLE'),('3010','DENUNCIA',117,'2.1',514,'RESPONSABLE'),('3010','DENUNCIA',118,'2.1',514,'RESPONSABLE'),('3010','DENUNCIA',119,'2.1',514,'RESPONSABLE'),('3010','DENUNCIA',120,'2.1',514,'RESPONSABLE'),('3010','DENUNCIA',121,'1.1',510,'RESPONSABLE'),('3010','DENUNCIA',122,'2.1',514,'RESPONSABLE'),('3010','DENUNCIA',123,'2.1',514,'RESPONSABLE'),('3010','DENUNCIA',124,'2.1',514,'RESPONSABLE'),('3010','DENUNCIA',125,'2.1',514,'RESPONSABLE'),('3010','DENUNCIA',126,'2.1',514,'RESPONSABLE'),('3010','DENUNCIA',127,'2.1',514,'RESPONSABLE'),('3010','DENUNCIA',128,'2.1',514,'RESPONSABLE'),('3010','DENUNCIA',129,'2.1',514,'RESPONSABLE'),('3010','DENUNCIA',130,'2.1',514,'RESPONSABLE'),('3010','DENUNCIA',131,'2.1',514,'RESPONSABLE'),('3010','DENUNCIA',132,'2.1',514,'RESPONSABLE'),('3010','DENUNCIA',133,'2.1',514,'RESPONSABLE'),('3010','DENUNCIA',134,'2.1',514,'RESPONSABLE'),('3010','DENUNCIA',135,'2.1',514,'RESPONSABLE'),('3010','DENUNCIA',136,'2.1',514,'RESPONSABLE'),('3010','DENUNCIA',137,'2.1',514,'RESPONSABLE'),('3010','DENUNCIA',138,'2.1',514,'RESPONSABLE'),('3010','DENUNCIA',139,'2.1',514,'RESPONSABLE'),('3010','DENUNCIA',140,'2.1',514,'RESPONSABLE'),('3010','DENUNCIA',141,'2.1',514,'RESPONSABLE'),('3010','DENUNCIA',142,'2.1',514,'RESPONSABLE'),('3010','DENUNCIA',143,'2.1',514,'RESPONSABLE'),('3010','DENUNCIA',144,'2.1',514,'RESPONSABLE'),('3010','DENUNCIA',145,'2.1',514,'RESPONSABLE'),('3011','DENUNCIA',9,'1.1',515,'RESPONSABLE'),('3011','DENUNCIA',12,'1.1',515,'RESPONSABLE'),('3011','DENUNCIA',17,'1.1',515,'RESPONSABLE'),('3011','DENUNCIA',18,'1.1',511,'RESPONSABLE'),('3011','DENUNCIA',91,'2.1',514,'RESPONSABLE'),('3011','DENUNCIA',92,'',260,'RESPONSABLE'),('3011','DENUNCIA',99,'2.1',514,'RESPONSABLE'),('3011','DENUNCIA',100,'2.1',514,'RESPONSABLE'),('3011','DENUNCIA',101,'2.1',514,'RESPONSABLE'),('3011','DENUNCIA',102,'2.1',514,'RESPONSABLE'),('3012','DENUNCIA',13,'1.1',515,'RESPONSABLE'),('3012','DENUNCIA',17,'1.1',515,'RESPONSABLE'),('3012','DENUNCIA',18,'1.1',511,'RESPONSABLE'),('3012','DENUNCIA',19,'1.1',511,'RESPONSABLE'),('3012','DENUNCIA',20,'1.1',511,'RESPONSABLE'),('3012','DENUNCIA',21,'1.1',510,'RESPONSABLE'),('3012','DENUNCIA',22,'1.1',509,'RESPONSABLE'),('3012','DENUNCIA',23,'1.1',509,'RESPONSABLE'),('3012','DENUNCIA',24,'1.1',509,'RESPONSABLE'),('3012','DENUNCIA',25,'1.1',509,'RESPONSABLE'),('3012','DENUNCIA',26,'1.1',509,'RESPONSABLE'),('3012','DENUNCIA',27,'1.1',509,'RESPONSABLE'),('3012','DENUNCIA',28,'2.1',514,'RESPONSABLE'),('3012','DENUNCIA',29,'1.1',510,'RESPONSABLE'),('3012','DENUNCIA',30,'1.1',510,'RESPONSABLE'),('3012','DENUNCIA',31,'1.1',510,'RESPONSABLE'),('3012','DENUNCIA',32,'1.1',510,'RESPONSABLE'),('3012','DENUNCIA',33,'1.1',510,'RESPONSABLE'),('3012','DENUNCIA',34,'1.1',510,'RESPONSABLE'),('3012','DENUNCIA',40,'1.1',513,'RESPONSABLE'),('3012','DENUNCIA',41,'2.1',514,'RESPONSABLE'),('3012','DENUNCIA',42,'2.1',514,'RESPONSABLE'),('3012','DENUNCIA',43,'1.1',513,'RESPONSABLE'),('3012','DENUNCIA',44,'1.1',513,'RESPONSABLE'),('3012','DENUNCIA',45,'1.1',513,'RESPONSABLE'),('3012','DENUNCIA',46,'1.1',513,'RESPONSABLE'),('3012','DENUNCIA',47,'1.1',513,'RESPONSABLE'),('3012','DENUNCIA',48,'1.1',513,'RESPONSABLE'),('3012','DENUNCIA',49,'1.1',513,'RESPONSABLE'),('3012','DENUNCIA',50,'1.1',513,'RESPONSABLE'),('3012','DENUNCIA',51,'1.1',513,'RESPONSABLE'),('3012','DENUNCIA',52,'1.1',513,'RESPONSABLE'),('3012','DENUNCIA',53,'1.1',513,'RESPONSABLE'),('3012','DENUNCIA',54,'1.1',513,'RESPONSABLE'),('3012','DENUNCIA',55,'1.1',513,'RESPONSABLE'),('3012','DENUNCIA',56,'1.1',513,'RESPONSABLE'),('3012','DENUNCIA',57,'1.1',513,'RESPONSABLE'),('3012','DENUNCIA',58,'1.1',513,'RESPONSABLE'),('3012','DENUNCIA',59,'1.1',513,'RESPONSABLE'),('3012','DENUNCIA',60,'1.1',513,'RESPONSABLE'),('3012','DENUNCIA',61,'1.1',513,'RESPONSABLE'),('3012','DENUNCIA',62,'1.1',513,'RESPONSABLE'),('3012','DENUNCIA',63,'1.1',513,'RESPONSABLE'),('3012','DENUNCIA',64,'1.1',513,'RESPONSABLE'),('3012','DENUNCIA',65,'1.1',513,'RESPONSABLE'),('3012','DENUNCIA',66,'1.1',513,'RESPONSABLE'),('3012','DENUNCIA',67,'1.1',513,'RESPONSABLE'),('3012','DENUNCIA',68,'1.1',513,'RESPONSABLE'),('3012','DENUNCIA',69,'1.1',513,'RESPONSABLE'),('3012','DENUNCIA',70,'1.1',513,'RESPONSABLE'),('3012','DENUNCIA',71,'1.1',513,'RESPONSABLE'),('3012','DENUNCIA',72,'1.1',513,'RESPONSABLE'),('3012','DENUNCIA',73,'1.1',513,'RESPONSABLE'),('3012','DENUNCIA',74,'1.1',513,'RESPONSABLE'),('3012','DENUNCIA',75,'1.1',513,'RESPONSABLE'),('3012','DENUNCIA',77,'1.1',513,'RESPONSABLE'),('3012','DENUNCIA',78,'1.1',513,'RESPONSABLE'),('3012','DENUNCIA',79,'1.1',513,'RESPONSABLE'),('3012','DENUNCIA',80,'1.1',513,'RESPONSABLE'),('3012','DENUNCIA',81,'1.1',513,'RESPONSABLE'),('3012','DENUNCIA',82,'1.1',513,'RESPONSABLE'),('3012','DENUNCIA',83,'2.1',514,'RESPONSABLE'),('3012','DENUNCIA',88,'1.1',515,'RESPONSABLE'),('3012','DENUNCIA',89,'1.1',513,'RESPONSABLE'),('3012','DENUNCIA',90,'2.1',514,'RESPONSABLE'),('3012','DENUNCIA',91,'2.1',514,'RESPONSABLE'),('3012','DENUNCIA',92,'',260,'RESPONSABLE'),('3012','DENUNCIA',93,'2.1',514,'RESPONSABLE'),('3012','DENUNCIA',94,'2.1',514,'RESPONSABLE'),('3012','DENUNCIA',95,'2.1',514,'RESPONSABLE'),('3012','DENUNCIA',96,'',260,'RESPONSABLE'),('3012','DENUNCIA',97,'2.1',514,'RESPONSABLE'),('3012','DENUNCIA',98,'2.1',514,'RESPONSABLE'),('3012','DENUNCIA',105,'',260,'RESPONSABLE'),('3012','DENUNCIA',106,'',260,'RESPONSABLE'),('3012','DENUNCIA',107,'2.1',514,'RESPONSABLE'),('3012','DENUNCIA',108,'2.1',514,'RESPONSABLE'),('3012','DENUNCIA',109,'2.1',514,'RESPONSABLE'),('3012','DENUNCIA',110,'2.1',514,'RESPONSABLE'),('3012','DENUNCIA',114,'2.1',514,'RESPONSABLE'),('3012','DENUNCIA',116,'2.1',514,'RESPONSABLE'),('3012','DENUNCIA',120,'2.1',514,'RESPONSABLE'),('3012','DENUNCIA',121,'1.1',510,'RESPONSABLE'),('3012','DENUNCIA',123,'2.1',514,'RESPONSABLE'),('3013','DENUNCIA',1,'1.1',512,'RESPONSABLE'),('3013','DENUNCIA',2,'1.1',512,'RESPONSABLE'),('3013','DENUNCIA',3,'1.1',515,'RESPONSABLE'),('3013','DENUNCIA',4,'1.1',512,'RESPONSABLE'),('3013','DENUNCIA',5,'2.1',514,'RESPONSABLE'),('3013','DENUNCIA',6,'1.1',515,'RESPONSABLE'),('3013','DENUNCIA',7,'1.1',515,'RESPONSABLE'),('3013','DENUNCIA',8,'1.1',515,'RESPONSABLE'),('3013','DENUNCIA',9,'1.1',515,'RESPONSABLE'),('3013','DENUNCIA',10,'1.1',515,'RESPONSABLE'),('3013','DENUNCIA',11,'1.1',515,'RESPONSABLE'),('3013','DENUNCIA',12,'1.1',515,'RESPONSABLE'),('3013','DENUNCIA',13,'1.1',515,'RESPONSABLE'),('3013','DENUNCIA',14,'1.1',515,'RESPONSABLE'),('3013','DENUNCIA',15,'1.1',515,'RESPONSABLE'),('3013','DENUNCIA',16,'1.1',515,'RESPONSABLE'),('3013','DENUNCIA',17,'1.1',515,'RESPONSABLE'),('3013','DENUNCIA',18,'1.1',511,'RESPONSABLE'),('3013','DENUNCIA',20,'1.1',511,'RESPONSABLE'),('3013','DENUNCIA',22,'1.1',509,'RESPONSABLE'),('3013','DENUNCIA',23,'1.1',509,'RESPONSABLE'),('3013','DENUNCIA',24,'1.1',509,'RESPONSABLE'),('3013','DENUNCIA',25,'1.1',509,'RESPONSABLE'),('3013','DENUNCIA',26,'1.1',509,'RESPONSABLE'),('3013','DENUNCIA',27,'1.1',509,'RESPONSABLE'),('3013','DENUNCIA',28,'1.1',514,'RESPONSABLE'),('3013','DENUNCIA',29,'1.1',510,'RESPONSABLE'),('3013','DENUNCIA',35,'1.1',515,'RESPONSABLE'),('3013','DENUNCIA',36,'1.1',515,'RESPONSABLE'),('3013','DENUNCIA',37,'1.1',515,'RESPONSABLE'),('3013','DENUNCIA',38,'1.1',515,'RESPONSABLE'),('3013','DENUNCIA',39,'1.1',515,'RESPONSABLE'),('3013','DENUNCIA',43,'1.1',513,'RESPONSABLE'),('3013','DENUNCIA',44,'1.1',513,'RESPONSABLE'),('3013','DENUNCIA',45,'1.1',513,'RESPONSABLE'),('3013','DENUNCIA',46,'1.1',513,'RESPONSABLE'),('3013','DENUNCIA',47,'1.1',513,'RESPONSABLE'),('3013','DENUNCIA',48,'1.1',513,'RESPONSABLE'),('3013','DENUNCIA',49,'1.1',513,'RESPONSABLE'),('3013','DENUNCIA',50,'1.1',513,'RESPONSABLE'),('3013','DENUNCIA',51,'1.1',513,'RESPONSABLE'),('3013','DENUNCIA',52,'1.1',513,'RESPONSABLE'),('3013','DENUNCIA',53,'1.1',513,'RESPONSABLE'),('3013','DENUNCIA',54,'1.1',513,'RESPONSABLE'),('3013','DENUNCIA',55,'1.1',513,'RESPONSABLE'),('3013','DENUNCIA',56,'1.1',513,'RESPONSABLE'),('3013','DENUNCIA',57,'1.1',513,'RESPONSABLE'),('3013','DENUNCIA',58,'1.1',513,'RESPONSABLE'),('3013','DENUNCIA',59,'1.1',513,'RESPONSABLE'),('3013','DENUNCIA',60,'1.1',513,'RESPONSABLE'),('3013','DENUNCIA',61,'1.1',513,'RESPONSABLE'),('3013','DENUNCIA',62,'1.1',513,'RESPONSABLE'),('3013','DENUNCIA',63,'1.1',513,'RESPONSABLE'),('3013','DENUNCIA',64,'1.1',513,'RESPONSABLE'),('3013','DENUNCIA',65,'1.1',513,'RESPONSABLE'),('3013','DENUNCIA',66,'1.1',513,'RESPONSABLE'),('3013','DENUNCIA',67,'1.1',513,'RESPONSABLE'),('3013','DENUNCIA',68,'1.1',513,'RESPONSABLE'),('3013','DENUNCIA',69,'1.1',513,'RESPONSABLE'),('3013','DENUNCIA',70,'1.1',513,'RESPONSABLE'),('3013','DENUNCIA',71,'1.1',513,'RESPONSABLE'),('3013','DENUNCIA',72,'1.1',513,'RESPONSABLE'),('3013','DENUNCIA',73,'1.1',513,'RESPONSABLE'),('3013','DENUNCIA',74,'1.1',513,'RESPONSABLE'),('3013','DENUNCIA',75,'1.1',513,'RESPONSABLE'),('3013','DENUNCIA',77,'1.1',513,'RESPONSABLE'),('3013','DENUNCIA',78,'1.1',513,'RESPONSABLE'),('3013','DENUNCIA',79,'1.1',513,'RESPONSABLE'),('3013','DENUNCIA',80,'1.1',513,'RESPONSABLE'),('3013','DENUNCIA',81,'1.1',513,'RESPONSABLE'),('3013','DENUNCIA',82,'1.1',513,'RESPONSABLE'),('3013','DENUNCIA',83,'1.1',514,'RESPONSABLE'),('3013','DENUNCIA',84,'1.1',514,'RESPONSABLE'),('3013','DENUNCIA',85,'1.1',514,'RESPONSABLE'),('3013','DENUNCIA',86,'1.1',514,'RESPONSABLE'),('3013','DENUNCIA',87,'1.1',514,'RESPONSABLE'),('3013','DENUNCIA',88,'1.1',515,'RESPONSABLE'),('3013','DENUNCIA',89,'1.1',515,'RESPONSABLE'),('3013','DENUNCIA',90,'1.1',514,'RESPONSABLE'),('3013','DENUNCIA',103,'1.1',514,'RESPONSABLE'),('3013','DENUNCIA',104,'1.1',514,'RESPONSABLE'),('3013','DENUNCIA',105,'',260,'RESPONSABLE'),('3013','DENUNCIA',106,'',260,'RESPONSABLE'),('3013','DENUNCIA',107,'1.1',514,'RESPONSABLE'),('3013','DENUNCIA',108,'1.1',514,'RESPONSABLE'),('3013','DENUNCIA',109,'1.1',514,'RESPONSABLE'),('3014','DENUNCIA',1,'1.3',512,'RESPONSABLE'),('3014','DENUNCIA',2,'1.3',512,'RESPONSABLE'),('3014','DENUNCIA',3,'1.3',515,'RESPONSABLE'),('3014','DENUNCIA',4,'1.3',512,'RESPONSABLE'),('3014','DENUNCIA',5,'3.3',514,'RESPONSABLE'),('3014','DENUNCIA',6,'1.3',515,'RESPONSABLE'),('3014','DENUNCIA',7,'1.3',515,'RESPONSABLE'),('3014','DENUNCIA',8,'1.3',515,'RESPONSABLE'),('3014','DENUNCIA',9,'1.3',515,'RESPONSABLE'),('3014','DENUNCIA',10,'1.3',515,'RESPONSABLE'),('3014','DENUNCIA',11,'1.3',515,'RESPONSABLE'),('3014','DENUNCIA',12,'1.3',515,'RESPONSABLE'),('3014','DENUNCIA',13,'1.3',515,'RESPONSABLE'),('3014','DENUNCIA',14,'1.3',515,'RESPONSABLE'),('3014','DENUNCIA',15,'1.3',515,'RESPONSABLE'),('3014','DENUNCIA',16,'1.3',515,'RESPONSABLE'),('3014','DENUNCIA',17,'1.3',515,'RESPONSABLE'),('3014','DENUNCIA',91,'1.3',514,'RESPONSABLE'),('3014','DENUNCIA',92,'',260,'RESPONSABLE'),('3014','DENUNCIA',99,'3.3',514,'RESPONSABLE'),('3014','DENUNCIA',100,'3.3',514,'RESPONSABLE'),('3014','DENUNCIA',101,'3.3',514,'RESPONSABLE'),('3014','DENUNCIA',102,'3.3',514,'RESPONSABLE'),('3015','DENUNCIA',1,'1.3',512,'RESPONSABLE'),('3015','DENUNCIA',2,'1.3',512,'RESPONSABLE'),('3015','DENUNCIA',3,'1.3',515,'RESPONSABLE'),('3015','DENUNCIA',4,'1.3',512,'RESPONSABLE'),('3015','DENUNCIA',5,'1.3',514,'RESPONSABLE'),('3015','DENUNCIA',6,'1.3',515,'RESPONSABLE'),('3015','DENUNCIA',7,'1.3',515,'RESPONSABLE'),('3015','DENUNCIA',8,'1.3',515,'RESPONSABLE'),('3015','DENUNCIA',9,'1.3',515,'RESPONSABLE'),('3015','DENUNCIA',10,'1.3',515,'RESPONSABLE'),('3015','DENUNCIA',11,'1.3',515,'RESPONSABLE'),('3015','DENUNCIA',12,'1.3',515,'RESPONSABLE'),('3015','DENUNCIA',13,'1.3',515,'RESPONSABLE'),('3015','DENUNCIA',14,'1.3',515,'RESPONSABLE'),('3015','DENUNCIA',15,'1.3',515,'RESPONSABLE'),('3015','DENUNCIA',16,'1.3',515,'RESPONSABLE'),('3015','DENUNCIA',17,'1.3',515,'RESPONSABLE'),('3015','DENUNCIA',18,'1.3',511,'RESPONSABLE'),('3015','DENUNCIA',20,'1.3',511,'RESPONSABLE'),('3015','DENUNCIA',22,'1.3',509,'RESPONSABLE'),('3015','DENUNCIA',23,'1.3',509,'RESPONSABLE'),('3015','DENUNCIA',24,'1.3',509,'RESPONSABLE'),('3015','DENUNCIA',25,'1.3',509,'RESPONSABLE'),('3015','DENUNCIA',26,'1.3',509,'RESPONSABLE'),('3015','DENUNCIA',27,'1.3',509,'RESPONSABLE'),('3015','DENUNCIA',28,'3.3',514,'RESPONSABLE'),('3015','DENUNCIA',29,'1.3',510,'RESPONSABLE'),('3015','DENUNCIA',35,'1.3',515,'RESPONSABLE'),('3015','DENUNCIA',36,'1.3',515,'RESPONSABLE'),('3015','DENUNCIA',37,'1.3',515,'RESPONSABLE'),('3015','DENUNCIA',38,'1.3',515,'RESPONSABLE'),('3015','DENUNCIA',88,'1.3',515,'RESPONSABLE'),('3015','DENUNCIA',91,'3.3',514,'RESPONSABLE'),('3015','DENUNCIA',92,'',260,'RESPONSABLE'),('3016','DENUNCIA',2,'1.1',512,'RESPONSABLE'),('3016','DENUNCIA',3,'1.1',515,'RESPONSABLE'),('3016','DENUNCIA',4,'1.1',512,'RESPONSABLE'),('3016','DENUNCIA',5,'2.1',514,'RESPONSABLE'),('3016','DENUNCIA',8,'1.1',515,'RESPONSABLE'),('3016','DENUNCIA',12,'1.1',515,'RESPONSABLE'),('3016','DENUNCIA',92,'',260,'RESPONSABLE'),('3016','DENUNCIA',93,'',260,'RESPONSABLE'),('3016','DENUNCIA',98,'1.1',514,'RESPONSABLE'),('3016','DENUNCIA',99,'1.1',514,'RESPONSABLE'),('3016','DENUNCIA',100,'1.1',514,'RESPONSABLE'),('3017','DENUNCIA',1,'',260,'RESPONSABLE'),('3017','DENUNCIA',2,'',260,'RESPONSABLE'),('3017','DENUNCIA',3,'',260,'RESPONSABLE'),('3017','DENUNCIA',4,'',260,'RESPONSABLE'),('3017','DENUNCIA',5,'',260,'RESPONSABLE'),('3017','DENUNCIA',8,'',260,'RESPONSABLE'),('3017','DENUNCIA',9,'',260,'RESPONSABLE'),('3017','DENUNCIA',14,'',260,'RESPONSABLE'),('3017','DENUNCIA',15,'',260,'RESPONSABLE'),('3017','DENUNCIA',16,'',260,'RESPONSABLE'),('3017','DENUNCIA',18,'',260,'RESPONSABLE'),('3017','DENUNCIA',19,'',260,'RESPONSABLE'),('3017','DENUNCIA',20,'',260,'RESPONSABLE'),('3017','DENUNCIA',21,'',260,'RESPONSABLE'),('3017','DENUNCIA',22,'',260,'RESPONSABLE'),('3017','DENUNCIA',23,'',260,'RESPONSABLE'),('3017','DENUNCIA',24,'',260,'RESPONSABLE'),('3017','DENUNCIA',25,'',260,'RESPONSABLE'),('3017','DENUNCIA',26,'',260,'RESPONSABLE'),('3017','DENUNCIA',27,'',260,'RESPONSABLE'),('3017','DENUNCIA',28,'',260,'RESPONSABLE'),('3017','DENUNCIA',29,'',260,'RESPONSABLE'),('3017','DENUNCIA',30,'',260,'RESPONSABLE'),('3017','DENUNCIA',31,'',260,'RESPONSABLE'),('3017','DENUNCIA',32,'',260,'RESPONSABLE'),('3017','DENUNCIA',33,'',260,'RESPONSABLE'),('3017','DENUNCIA',34,'',260,'RESPONSABLE'),('3017','DENUNCIA',35,'',260,'RESPONSABLE'),('3017','DENUNCIA',36,'',260,'RESPONSABLE'),('3017','DENUNCIA',37,'',260,'RESPONSABLE'),('3017','DENUNCIA',38,'',260,'RESPONSABLE'),('3017','DENUNCIA',39,'',260,'RESPONSABLE'),('3017','DENUNCIA',67,'',260,'RESPONSABLE'),('3017','DENUNCIA',68,'',260,'RESPONSABLE'),('3017','DENUNCIA',69,'',260,'RESPONSABLE'),('3017','DENUNCIA',70,'',260,'RESPONSABLE'),('3017','DENUNCIA',71,'',260,'RESPONSABLE'),('3017','DENUNCIA',72,'',260,'RESPONSABLE'),('3017','DENUNCIA',73,'',260,'RESPONSABLE'),('3017','DENUNCIA',74,'',260,'RESPONSABLE'),('3017','DENUNCIA',75,'',260,'RESPONSABLE'),('3017','DENUNCIA',77,'',260,'RESPONSABLE'),('3017','DENUNCIA',78,'',260,'RESPONSABLE'),('3017','DENUNCIA',79,'',260,'RESPONSABLE'),('3017','DENUNCIA',80,'',260,'RESPONSABLE'),('3017','DENUNCIA',81,'',260,'RESPONSABLE'),('3017','DENUNCIA',82,'',260,'RESPONSABLE'),('3017','DENUNCIA',83,'',260,'RESPONSABLE'),('3017','DENUNCIA',89,'',260,'RESPONSABLE'),('3017','DENUNCIA',90,'',260,'RESPONSABLE'),('3017','DENUNCIA',91,'',260,'RESPONSABLE'),('3017','DENUNCIA',92,'',260,'RESPONSABLE'),('3017','DENUNCIA',93,'',260,'RESPONSABLE'),('3017','DENUNCIA',94,'',260,'RESPONSABLE'),('3017','DENUNCIA',95,'',260,'RESPONSABLE'),('3017','DENUNCIA',96,'',260,'RESPONSABLE'),('3017','DENUNCIA',97,'',260,'RESPONSABLE'),('3017','DENUNCIA',98,'',260,'RESPONSABLE'),('3017','DENUNCIA',99,'',260,'RESPONSABLE'),('3017','DENUNCIA',100,'',260,'RESPONSABLE'),('3017','DENUNCIA',101,'',260,'RESPONSABLE'),('3017','DENUNCIA',102,'',260,'RESPONSABLE'),('3017','DENUNCIA',103,'',260,'RESPONSABLE'),('3017','DENUNCIA',104,'',260,'RESPONSABLE'),('3017','DENUNCIA',105,'',260,'RESPONSABLE'),('3017','DENUNCIA',106,'',260,'RESPONSABLE'),('3017','DENUNCIA',107,'',260,'RESPONSABLE'),('3017','DENUNCIA',108,'',260,'RESPONSABLE'),('3017','DENUNCIA',109,'',260,'RESPONSABLE'),('3017','DENUNCIA',111,'',260,'RESPONSABLE'),('3017','DENUNCIA',113,'',260,'RESPONSABLE'),('3017','DENUNCIA',125,'',260,'RESPONSABLE'),('3018','DENUNCIA',1,'',260,'RESPONSABLE'),('3018','DENUNCIA',2,'',260,'RESPONSABLE'),('3018','DENUNCIA',3,'',260,'RESPONSABLE'),('3018','DENUNCIA',4,'',260,'RESPONSABLE'),('3018','DENUNCIA',5,'',260,'RESPONSABLE'),('3018','DENUNCIA',6,'',260,'RESPONSABLE'),('3018','DENUNCIA',8,'',260,'RESPONSABLE'),('3018','DENUNCIA',9,'',260,'RESPONSABLE'),('3018','DENUNCIA',14,'',260,'RESPONSABLE'),('3018','DENUNCIA',15,'',260,'RESPONSABLE'),('3018','DENUNCIA',16,'',260,'RESPONSABLE'),('3018','DENUNCIA',18,'',260,'RESPONSABLE'),('3018','DENUNCIA',19,'',260,'RESPONSABLE'),('3018','DENUNCIA',20,'',260,'RESPONSABLE'),('3018','DENUNCIA',21,'',260,'RESPONSABLE'),('3018','DENUNCIA',22,'',260,'RESPONSABLE'),('3018','DENUNCIA',23,'',260,'RESPONSABLE'),('3018','DENUNCIA',24,'',260,'RESPONSABLE'),('3018','DENUNCIA',25,'',260,'RESPONSABLE'),('3018','DENUNCIA',26,'',260,'RESPONSABLE'),('3018','DENUNCIA',27,'',260,'RESPONSABLE'),('3018','DENUNCIA',28,'',260,'RESPONSABLE'),('3018','DENUNCIA',29,'',260,'RESPONSABLE'),('3018','DENUNCIA',30,'',260,'RESPONSABLE'),('3018','DENUNCIA',31,'',260,'RESPONSABLE'),('3018','DENUNCIA',32,'',260,'RESPONSABLE'),('3018','DENUNCIA',33,'',260,'RESPONSABLE'),('3018','DENUNCIA',34,'',260,'RESPONSABLE'),('3018','DENUNCIA',35,'',260,'RESPONSABLE'),('3018','DENUNCIA',36,'',260,'RESPONSABLE'),('3018','DENUNCIA',37,'',260,'RESPONSABLE'),('3018','DENUNCIA',38,'',260,'RESPONSABLE'),('3018','DENUNCIA',39,'',260,'RESPONSABLE'),('3018','DENUNCIA',43,'',260,'RESPONSABLE'),('3018','DENUNCIA',88,'',260,'RESPONSABLE'),('3018','DENUNCIA',89,'',260,'RESPONSABLE'),('3018','DENUNCIA',90,'',260,'RESPONSABLE'),('3018','DENUNCIA',91,'',260,'RESPONSABLE'),('3018','DENUNCIA',92,'',260,'RESPONSABLE'),('3018','DENUNCIA',93,'',260,'RESPONSABLE'),('3018','DENUNCIA',94,'',260,'RESPONSABLE'),('3018','DENUNCIA',95,'',260,'RESPONSABLE'),('3018','DENUNCIA',96,'',260,'RESPONSABLE'),('3018','DENUNCIA',97,'',260,'RESPONSABLE'),('3018','DENUNCIA',98,'',260,'RESPONSABLE'),('3018','DENUNCIA',99,'',260,'RESPONSABLE'),('3018','DENUNCIA',100,'',260,'RESPONSABLE'),('3018','DENUNCIA',101,'',260,'RESPONSABLE'),('3018','DENUNCIA',102,'',260,'RESPONSABLE'),('3018','DENUNCIA',103,'',260,'RESPONSABLE'),('3018','DENUNCIA',104,'',260,'RESPONSABLE'),('3018','DENUNCIA',105,'',260,'RESPONSABLE'),('3018','DENUNCIA',106,'',260,'RESPONSABLE'),('3018','DENUNCIA',107,'',260,'RESPONSABLE'),('3018','DENUNCIA',108,'',260,'RESPONSABLE'),('3018','DENUNCIA',109,'',260,'RESPONSABLE'),('3018','DENUNCIA',111,'',260,'RESPONSABLE'),('3018','DENUNCIA',113,'',260,'RESPONSABLE'),('3018','DENUNCIA',125,'',260,'RESPONSABLE'),('3019','DENUNCIA',8,'',260,'RESPONSABLE'),('3019','DENUNCIA',9,'',260,'RESPONSABLE'),('3019','DENUNCIA',14,'',260,'RESPONSABLE'),('3019','DENUNCIA',16,'',260,'RESPONSABLE'),('3019','DENUNCIA',18,'',260,'RESPONSABLE'),('3019','DENUNCIA',19,'',260,'RESPONSABLE'),('3019','DENUNCIA',20,'',260,'RESPONSABLE'),('3019','DENUNCIA',21,'',260,'RESPONSABLE'),('3019','DENUNCIA',22,'',260,'RESPONSABLE'),('3019','DENUNCIA',23,'',260,'RESPONSABLE'),('3019','DENUNCIA',24,'',260,'RESPONSABLE'),('3019','DENUNCIA',25,'',260,'RESPONSABLE'),('3019','DENUNCIA',26,'',260,'RESPONSABLE'),('3019','DENUNCIA',27,'',260,'RESPONSABLE'),('3019','DENUNCIA',28,'',260,'RESPONSABLE'),('3019','DENUNCIA',29,'',260,'RESPONSABLE'),('3019','DENUNCIA',30,'',260,'RESPONSABLE'),('3019','DENUNCIA',31,'',260,'RESPONSABLE'),('3019','DENUNCIA',32,'',260,'RESPONSABLE'),('3019','DENUNCIA',33,'',260,'RESPONSABLE'),('3019','DENUNCIA',34,'',260,'RESPONSABLE'),('3019','DENUNCIA',35,'',260,'RESPONSABLE'),('3019','DENUNCIA',36,'',260,'RESPONSABLE'),('3019','DENUNCIA',37,'',260,'RESPONSABLE'),('3019','DENUNCIA',38,'',260,'RESPONSABLE'),('3019','DENUNCIA',39,'',260,'RESPONSABLE'),('3019','DENUNCIA',89,'',260,'RESPONSABLE'),('3019','DENUNCIA',90,'',260,'RESPONSABLE'),('3019','DENUNCIA',91,'',260,'RESPONSABLE'),('3019','DENUNCIA',92,'',260,'RESPONSABLE'),('3019','DENUNCIA',93,'',260,'RESPONSABLE'),('3019','DENUNCIA',94,'',260,'RESPONSABLE'),('3019','DENUNCIA',95,'',260,'RESPONSABLE'),('3019','DENUNCIA',96,'',260,'RESPONSABLE'),('3019','DENUNCIA',97,'',260,'RESPONSABLE'),('3019','DENUNCIA',98,'',260,'RESPONSABLE'),('3019','DENUNCIA',99,'',260,'RESPONSABLE'),('3019','DENUNCIA',100,'',260,'RESPONSABLE'),('3019','DENUNCIA',101,'',260,'RESPONSABLE'),('3019','DENUNCIA',102,'',260,'RESPONSABLE'),('3019','DENUNCIA',103,'',260,'RESPONSABLE'),('3019','DENUNCIA',104,'',260,'RESPONSABLE'),('3019','DENUNCIA',105,'',260,'RESPONSABLE'),('3019','DENUNCIA',106,'',260,'RESPONSABLE'),('3019','DENUNCIA',107,'',260,'RESPONSABLE'),('3019','DENUNCIA',108,'',260,'RESPONSABLE'),('3019','DENUNCIA',109,'',260,'RESPONSABLE'),('3019','DENUNCIA',111,'',260,'RESPONSABLE'),('3019','DENUNCIA',113,'',260,'RESPONSABLE'),('3019','DENUNCIA',125,'',260,'RESPONSABLE'),('3020','DENUNCIA',107,'',272,'RESPONSABLE'),('3020','DENUNCIA',108,'',272,'RESPONSABLE'),('3020','DENUNCIA',109,'',272,'RESPONSABLE'),('3020','DENUNCIA',146,'',272,'RESPONSABLE'),('3020','DENUNCIA',147,'',272,'RESPONSABLE'),('3020','DENUNCIA',148,'',272,'RESPONSABLE'),('3021','DENUNCIA',107,'',272,'RESPONSABLE'),('3021','DENUNCIA',108,'',272,'RESPONSABLE'),('3021','DENUNCIA',109,'',272,'RESPONSABLE'),('3021','DENUNCIA',146,'',272,'RESPONSABLE'),('3021','DENUNCIA',147,'',272,'RESPONSABLE'),('3021','DENUNCIA',148,'',272,'PRESTADOR'),('3022','DENUNCIA',107,'',272,'RESPONSABLE'),('3022','DENUNCIA',108,'',272,'RESPONSABLE'),('3022','DENUNCIA',109,'',272,'RESPONSABLE'),('3022','DENUNCIA',146,'',272,'RESPONSABLE'),('3022','DENUNCIA',147,'',272,'RESPONSABLE'),('3022','DENUNCIA',148,'',272,'RESPONSABLE'),('3023','DENUNCIA',107,'',272,'RESPONSABLE'),('3023','DENUNCIA',108,'',272,'RESPONSABLE'),('3023','DENUNCIA',109,'',272,'RESPONSABLE'),('3023','DENUNCIA',118,'',272,'RESPONSABLE'),('3023','DENUNCIA',146,'',272,'RESPONSABLE'),('3023','DENUNCIA',147,'',272,'RESPONSABLE'),('3023','DENUNCIA',148,'',272,'RESPONSABLE'),('3024','DENUNCIA',1,'1.1',512,'RESPONSABLE'),('3024','DENUNCIA',2,'1.1',512,'RESPONSABLE'),('3024','DENUNCIA',3,'1.1',515,'RESPONSABLE'),('3024','DENUNCIA',4,'1.1',512,'RESPONSABLE'),('3024','DENUNCIA',5,'2.1',514,'RESPONSABLE'),('3024','DENUNCIA',6,'1.1',515,'RESPONSABLE'),('3024','DENUNCIA',7,'1.1',515,'RESPONSABLE'),('3024','DENUNCIA',8,'1.1',515,'RESPONSABLE'),('3024','DENUNCIA',9,'1.1',515,'RESPONSABLE'),('3024','DENUNCIA',10,'1.1',515,'RESPONSABLE'),('3024','DENUNCIA',11,'1.1',515,'RESPONSABLE'),('3024','DENUNCIA',12,'1.1',515,'RESPONSABLE'),('3024','DENUNCIA',13,'1.1',515,'RESPONSABLE'),('3024','DENUNCIA',14,'1.1',515,'RESPONSABLE'),('3024','DENUNCIA',15,'1.1',515,'RESPONSABLE'),('3024','DENUNCIA',16,'1.1',515,'RESPONSABLE'),('3024','DENUNCIA',17,'1.1',515,'RESPONSABLE'),('3024','DENUNCIA',18,'1.1',511,'RESPONSABLE'),('3024','DENUNCIA',19,'1.1',511,'RESPONSABLE'),('3024','DENUNCIA',20,'1.1',511,'RESPONSABLE'),('3024','DENUNCIA',21,'1.1',510,'RESPONSABLE'),('3024','DENUNCIA',22,'1.1',509,'RESPONSABLE'),('3024','DENUNCIA',23,'1.1',509,'RESPONSABLE'),('3024','DENUNCIA',24,'1.1',509,'RESPONSABLE'),('3024','DENUNCIA',25,'1.1',509,'RESPONSABLE'),('3024','DENUNCIA',26,'1.1',509,'RESPONSABLE'),('3024','DENUNCIA',27,'1.1',509,'RESPONSABLE'),('3024','DENUNCIA',28,'2.1',514,'RESPONSABLE'),('3024','DENUNCIA',29,'1.1',510,'RESPONSABLE'),('3024','DENUNCIA',30,'1.1',510,'RESPONSABLE'),('3024','DENUNCIA',31,'1.1',510,'RESPONSABLE'),('3024','DENUNCIA',32,'1.1',510,'RESPONSABLE'),('3024','DENUNCIA',33,'1.1',510,'RESPONSABLE'),('3024','DENUNCIA',34,'1.1',510,'RESPONSABLE'),('3024','DENUNCIA',35,'1.1',515,'RESPONSABLE'),('3024','DENUNCIA',36,'1.1',515,'RESPONSABLE'),('3024','DENUNCIA',37,'1.1',515,'RESPONSABLE'),('3024','DENUNCIA',38,'2.1',515,'RESPONSABLE'),('3024','DENUNCIA',39,'1.1',515,'RESPONSABLE'),('3024','DENUNCIA',40,'1.1',513,'RESPONSABLE'),('3024','DENUNCIA',41,'2.1',514,'RESPONSABLE'),('3024','DENUNCIA',42,'2.1',514,'RESPONSABLE'),('3024','DENUNCIA',43,'1.1',513,'RESPONSABLE'),('3024','DENUNCIA',44,'1.1',513,'RESPONSABLE'),('3024','DENUNCIA',45,'1.1',513,'RESPONSABLE'),('3024','DENUNCIA',46,'1.1',513,'RESPONSABLE'),('3024','DENUNCIA',47,'1.1',513,'RESPONSABLE'),('3024','DENUNCIA',48,'1.1',513,'RESPONSABLE'),('3024','DENUNCIA',49,'1.1',513,'RESPONSABLE'),('3024','DENUNCIA',50,'1.1',513,'RESPONSABLE'),('3024','DENUNCIA',51,'1.1',513,'RESPONSABLE'),('3024','DENUNCIA',52,'1.1',513,'RESPONSABLE'),('3024','DENUNCIA',53,'1.1',513,'RESPONSABLE'),('3024','DENUNCIA',54,'1.1',513,'RESPONSABLE'),('3024','DENUNCIA',55,'1.1',513,'RESPONSABLE'),('3024','DENUNCIA',56,'1.1',513,'RESPONSABLE'),('3024','DENUNCIA',57,'1.1',513,'RESPONSABLE'),('3024','DENUNCIA',58,'1.1',513,'RESPONSABLE'),('3024','DENUNCIA',59,'1.1',513,'RESPONSABLE'),('3024','DENUNCIA',60,'1.1',513,'RESPONSABLE'),('3024','DENUNCIA',61,'1.1',513,'RESPONSABLE'),('3024','DENUNCIA',62,'1.1',513,'RESPONSABLE'),('3024','DENUNCIA',63,'1.1',513,'RESPONSABLE'),('3024','DENUNCIA',64,'1.1',513,'RESPONSABLE'),('3024','DENUNCIA',65,'1.1',513,'RESPONSABLE'),('3024','DENUNCIA',66,'1.1',513,'RESPONSABLE'),('3024','DENUNCIA',67,'1.1',513,'RESPONSABLE'),('3024','DENUNCIA',68,'1.1',513,'RESPONSABLE'),('3024','DENUNCIA',69,'1.1',513,'RESPONSABLE'),('3024','DENUNCIA',70,'1.1',513,'RESPONSABLE'),('3024','DENUNCIA',71,'1.1',513,'RESPONSABLE'),('3024','DENUNCIA',72,'1.1',513,'RESPONSABLE'),('3024','DENUNCIA',73,'1.1',513,'RESPONSABLE'),('3024','DENUNCIA',74,'1.1',513,'RESPONSABLE'),('3024','DENUNCIA',75,'1.1',513,'RESPONSABLE'),('3024','DENUNCIA',77,'1.1',513,'RESPONSABLE'),('3024','DENUNCIA',78,'1.1',513,'RESPONSABLE'),('3024','DENUNCIA',79,'1.1',513,'RESPONSABLE'),('3024','DENUNCIA',80,'1.1',513,'RESPONSABLE'),('3024','DENUNCIA',81,'1.1',513,'RESPONSABLE'),('3024','DENUNCIA',82,'1.1',513,'RESPONSABLE'),('3024','DENUNCIA',83,'2.1',514,'RESPONSABLE'),('3024','DENUNCIA',84,'2.1',514,'RESPONSABLE'),('3024','DENUNCIA',85,'2.1',514,'RESPONSABLE'),('3024','DENUNCIA',86,'2.1',514,'RESPONSABLE'),('3024','DENUNCIA',87,'2.1',514,'RESPONSABLE'),('3024','DENUNCIA',88,'1.1',515,'RESPONSABLE'),('3024','DENUNCIA',89,'1.1',513,'RESPONSABLE'),('3024','DENUNCIA',90,'2.1',514,'RESPONSABLE'),('3024','DENUNCIA',91,'1.1',514,'RESPONSABLE'),('3024','DENUNCIA',92,'',260,'RESPONSABLE'),('3024','DENUNCIA',93,'2.1',514,'RESPONSABLE'),('3024','DENUNCIA',94,'2.1',514,'RESPONSABLE'),('3024','DENUNCIA',95,'2.1',514,'RESPONSABLE'),('3024','DENUNCIA',96,'',260,'RESPONSABLE'),('3024','DENUNCIA',97,'2.1',514,'RESPONSABLE'),('3024','DENUNCIA',98,'2.1',514,'RESPONSABLE'),('3024','DENUNCIA',99,'2.1',514,'RESPONSABLE'),('3024','DENUNCIA',100,'2.1',514,'RESPONSABLE'),('3024','DENUNCIA',101,'2.1',514,'RESPONSABLE'),('3024','DENUNCIA',102,'2.1',514,'RESPONSABLE'),('3024','DENUNCIA',103,'2.1',514,'RESPONSABLE'),('3024','DENUNCIA',104,'2.1',514,'RESPONSABLE'),('3024','DENUNCIA',105,'',260,'RESPONSABLE'),('3024','DENUNCIA',106,'',260,'RESPONSABLE'),('3024','DENUNCIA',107,'2.1',514,'RESPONSABLE'),('3024','DENUNCIA',108,'2.1',514,'RESPONSABLE'),('3024','DENUNCIA',109,'2.1',514,'RESPONSABLE'),('3024','DENUNCIA',110,'2.1',514,'RESPONSABLE'),('3024','DENUNCIA',111,'2.1',514,'RESPONSABLE'),('3024','DENUNCIA',112,'2.1',514,'RESPONSABLE'),('3024','DENUNCIA',113,'2.1',514,'RESPONSABLE'),('3024','DENUNCIA',114,'2.1',514,'RESPONSABLE'),('3024','DENUNCIA',115,'2.1',514,'RESPONSABLE'),('3024','DENUNCIA',116,'2.1',514,'RESPONSABLE'),('3024','DENUNCIA',117,'2.1',514,'RESPONSABLE'),('3024','DENUNCIA',118,'2.1',514,'RESPONSABLE'),('3024','DENUNCIA',119,'2.1',514,'RESPONSABLE'),('3024','DENUNCIA',120,'2.1',514,'RESPONSABLE'),('3024','DENUNCIA',121,'1.1',510,'RESPONSABLE'),('3024','DENUNCIA',122,'2.1',514,'RESPONSABLE'),('3024','DENUNCIA',123,'2.1',514,'RESPONSABLE'),('3024','DENUNCIA',124,'2.1',514,'RESPONSABLE'),('3024','DENUNCIA',125,'2.1',514,'RESPONSABLE'),('3024','DENUNCIA',126,'2.1',514,'RESPONSABLE'),('3024','DENUNCIA',127,'2.1',514,'RESPONSABLE'),('3024','DENUNCIA',128,'2.1',514,'RESPONSABLE'),('3024','DENUNCIA',129,'2.1',514,'RESPONSABLE'),('3024','DENUNCIA',130,'2.1',514,'RESPONSABLE'),('3024','DENUNCIA',131,'2.1',514,'RESPONSABLE'),('3024','DENUNCIA',132,'2.1',514,'RESPONSABLE'),('3024','DENUNCIA',133,'2.1',514,'RESPONSABLE'),('3024','DENUNCIA',134,'2.1',514,'RESPONSABLE'),('3024','DENUNCIA',135,'2.1',514,'RESPONSABLE'),('3024','DENUNCIA',136,'2.1',514,'RESPONSABLE'),('3024','DENUNCIA',137,'2.1',514,'RESPONSABLE'),('3024','DENUNCIA',138,'2.1',514,'RESPONSABLE'),('3024','DENUNCIA',139,'2.1',514,'RESPONSABLE'),('3024','DENUNCIA',140,'2.1',514,'RESPONSABLE'),('3024','DENUNCIA',141,'2.1',514,'RESPONSABLE'),('3024','DENUNCIA',142,'2.1',514,'RESPONSABLE'),('3024','DENUNCIA',143,'2.1',514,'RESPONSABLE'),('3024','DENUNCIA',144,'2.1',514,'RESPONSABLE'),('3024','DENUNCIA',145,'2.1',514,'RESPONSABLE'),('3025','DENUNCIA',40,'',272,'RESPONSABLE'),('3025','DENUNCIA',41,'',272,'RESPONSABLE'),('3025','DENUNCIA',42,'',272,'RESPONSABLE'),('3025','DENUNCIA',103,'',272,'RESPONSABLE'),('3025','DENUNCIA',107,'',272,'RESPONSABLE'),('3025','DENUNCIA',108,'',272,'RESPONSABLE'),('3025','DENUNCIA',109,'',272,'RESPONSABLE'),('3025','DENUNCIA',146,'',272,'RESPONSABLE'),('3025','DENUNCIA',147,'',272,'RESPONSABLE'),('3025','DENUNCIA',148,'',272,'RESPONSABLE'),('3026','DENUNCIA',107,'',272,'RESPONSABLE'),('3026','DENUNCIA',108,'',272,'RESPONSABLE'),('3026','DENUNCIA',109,'',272,'RESPONSABLE'),('3026','DENUNCIA',146,'',272,'RESPONSABLE'),('3026','DENUNCIA',147,'',272,'RESPONSABLE'),('3026','DENUNCIA',148,'',272,'RESPONSABLE'),('3027','DENUNCIA',6,'',272,'RESPONSABLE'),('3027','DENUNCIA',7,'',272,'RESPONSABLE'),('3027','DENUNCIA',9,'',272,'RESPONSABLE'),('3027','DENUNCIA',10,'',272,'RESPONSABLE'),('3027','DENUNCIA',11,'',272,'RESPONSABLE'),('3027','DENUNCIA',12,'',272,'RESPONSABLE'),('3027','DENUNCIA',13,'',272,'RESPONSABLE'),('3027','DENUNCIA',14,'',272,'RESPONSABLE'),('3027','DENUNCIA',15,'',272,'RESPONSABLE'),('3027','DENUNCIA',16,'',272,'RESPONSABLE'),('3027','DENUNCIA',17,'',272,'RESPONSABLE'),('3027','DENUNCIA',18,'',272,'RESPONSABLE'),('3027','DENUNCIA',19,'',272,'RESPONSABLE'),('3027','DENUNCIA',20,'',272,'RESPONSABLE'),('3027','DENUNCIA',21,'',272,'RESPONSABLE'),('3027','DENUNCIA',22,'',272,'RESPONSABLE'),('3027','DENUNCIA',23,'',272,'RESPONSABLE'),('3027','DENUNCIA',24,'',272,'RESPONSABLE'),('3027','DENUNCIA',25,'',272,'RESPONSABLE'),('3027','DENUNCIA',26,'',272,'RESPONSABLE'),('3027','DENUNCIA',27,'',272,'RESPONSABLE'),('3027','DENUNCIA',28,'',272,'RESPONSABLE'),('3027','DENUNCIA',29,'',272,'RESPONSABLE'),('3027','DENUNCIA',30,'',272,'RESPONSABLE'),('3027','DENUNCIA',31,'',272,'RESPONSABLE'),('3027','DENUNCIA',32,'',272,'RESPONSABLE'),('3027','DENUNCIA',33,'',272,'RESPONSABLE'),('3027','DENUNCIA',34,'',272,'RESPONSABLE'),('3027','DENUNCIA',35,'',272,'RESPONSABLE'),('3027','DENUNCIA',36,'',272,'RESPONSABLE'),('3027','DENUNCIA',37,'',272,'RESPONSABLE'),('3027','DENUNCIA',38,'',272,'RESPONSABLE'),('3027','DENUNCIA',39,'',272,'RESPONSABLE'),('3027','DENUNCIA',40,'',272,'RESPONSABLE'),('3027','DENUNCIA',41,'',272,'RESPONSABLE'),('3027','DENUNCIA',42,'',272,'RESPONSABLE'),('3027','DENUNCIA',43,'',272,'RESPONSABLE'),('3027','DENUNCIA',44,'',272,'RESPONSABLE'),('3027','DENUNCIA',45,'',272,'RESPONSABLE'),('3027','DENUNCIA',46,'',272,'RESPONSABLE'),('3027','DENUNCIA',47,'',272,'RESPONSABLE'),('3027','DENUNCIA',48,'',272,'RESPONSABLE'),('3027','DENUNCIA',49,'',272,'RESPONSABLE'),('3027','DENUNCIA',50,'',272,'RESPONSABLE'),('3027','DENUNCIA',51,'',272,'RESPONSABLE'),('3027','DENUNCIA',52,'',272,'RESPONSABLE'),('3027','DENUNCIA',53,'',272,'RESPONSABLE'),('3027','DENUNCIA',54,'',272,'RESPONSABLE'),('3027','DENUNCIA',55,'',272,'RESPONSABLE'),('3027','DENUNCIA',56,'',272,'RESPONSABLE'),('3027','DENUNCIA',57,'',272,'RESPONSABLE'),('3027','DENUNCIA',58,'',272,'RESPONSABLE'),('3027','DENUNCIA',59,'',272,'RESPONSABLE'),('3027','DENUNCIA',60,'',272,'RESPONSABLE'),('3027','DENUNCIA',61,'',272,'RESPONSABLE'),('3027','DENUNCIA',62,'',272,'RESPONSABLE'),('3027','DENUNCIA',63,'',272,'RESPONSABLE'),('3027','DENUNCIA',64,'',272,'RESPONSABLE'),('3027','DENUNCIA',65,'',272,'RESPONSABLE'),('3027','DENUNCIA',66,'',272,'RESPONSABLE'),('3027','DENUNCIA',67,'',272,'RESPONSABLE'),('3027','DENUNCIA',68,'',272,'RESPONSABLE'),('3027','DENUNCIA',69,'',272,'RESPONSABLE'),('3027','DENUNCIA',70,'',272,'RESPONSABLE'),('3027','DENUNCIA',71,'',272,'RESPONSABLE'),('3027','DENUNCIA',72,'',272,'RESPONSABLE'),('3027','DENUNCIA',73,'',272,'RESPONSABLE'),('3027','DENUNCIA',74,'',272,'RESPONSABLE'),('3027','DENUNCIA',75,'',272,'RESPONSABLE'),('3027','DENUNCIA',77,'',272,'RESPONSABLE'),('3027','DENUNCIA',78,'',272,'RESPONSABLE'),('3027','DENUNCIA',79,'',272,'RESPONSABLE'),('3027','DENUNCIA',80,'',272,'RESPONSABLE'),('3027','DENUNCIA',81,'',272,'RESPONSABLE'),('3027','DENUNCIA',82,'',272,'RESPONSABLE'),('3027','DENUNCIA',83,'',272,'RESPONSABLE'),('3027','DENUNCIA',84,'',272,'RESPONSABLE'),('3027','DENUNCIA',85,'',272,'RESPONSABLE'),('3027','DENUNCIA',86,'',272,'RESPONSABLE'),('3027','DENUNCIA',87,'',272,'RESPONSABLE'),('3027','DENUNCIA',88,'',272,'RESPONSABLE'),('3027','DENUNCIA',89,'',272,'RESPONSABLE'),('3027','DENUNCIA',90,'',272,'RESPONSABLE'),('3027','DENUNCIA',91,'',272,'RESPONSABLE'),('3027','DENUNCIA',92,'',272,'RESPONSABLE'),('3027','DENUNCIA',93,'',272,'RESPONSABLE'),('3027','DENUNCIA',94,'',272,'RESPONSABLE'),('3027','DENUNCIA',95,'',272,'RESPONSABLE'),('3027','DENUNCIA',96,'',272,'RESPONSABLE'),('3027','DENUNCIA',97,'',272,'RESPONSABLE'),('3027','DENUNCIA',98,'',272,'RESPONSABLE'),('3027','DENUNCIA',99,'',272,'RESPONSABLE'),('3027','DENUNCIA',100,'',272,'RESPONSABLE'),('3027','DENUNCIA',101,'',272,'RESPONSABLE'),('3027','DENUNCIA',102,'',272,'RESPONSABLE'),('3027','DENUNCIA',103,'',272,'RESPONSABLE'),('3027','DENUNCIA',104,'',272,'RESPONSABLE'),('3027','DENUNCIA',107,'',272,'RESPONSABLE'),('3027','DENUNCIA',108,'',272,'RESPONSABLE'),('3027','DENUNCIA',109,'',272,'RESPONSABLE'),('3027','DENUNCIA',110,'',272,'RESPONSABLE'),('3027','DENUNCIA',111,'',272,'RESPONSABLE'),('3027','DENUNCIA',112,'',272,'RESPONSABLE'),('3027','DENUNCIA',113,'',272,'RESPONSABLE'),('3027','DENUNCIA',114,'',272,'RESPONSABLE'),('3027','DENUNCIA',115,'',272,'RESPONSABLE'),('3027','DENUNCIA',116,'',272,'RESPONSABLE'),('3027','DENUNCIA',117,'',272,'RESPONSABLE'),('3027','DENUNCIA',118,'',272,'RESPONSABLE'),('3027','DENUNCIA',119,'',272,'RESPONSABLE'),('3027','DENUNCIA',120,'',272,'RESPONSABLE'),('3027','DENUNCIA',121,'',272,'RESPONSABLE'),('3027','DENUNCIA',122,'',272,'RESPONSABLE'),('3027','DENUNCIA',123,'',272,'RESPONSABLE'),('3027','DENUNCIA',124,'',272,'RESPONSABLE'),('3027','DENUNCIA',146,'',272,'RESPONSABLE'),('3027','DENUNCIA',147,'',272,'RESPONSABLE'),('3027','DENUNCIA',148,'',272,'RESPONSABLE');
/*!40000 ALTER TABLE `tic_prestaciones_rubros` ENABLE KEYS */;
UNLOCK TABLES;

--
-- Table structure for table `tic_rubros`
--

DROP TABLE IF EXISTS `tic_rubros`;
/*!40101 SET @saved_cs_client     = @@character_set_client */;
/*!40101 SET character_set_client = utf8 */;
CREATE TABLE `tic_rubros` (
  `tru_code` int(10) NOT NULL,
  `tru_detalle` varchar(100) DEFAULT NULL,
  `tru_estado` varchar(20) DEFAULT NULL,
  `tru_tstamp` datetime DEFAULT NULL,
  `use_code` varchar(50) DEFAULT NULL,
  PRIMARY KEY (`tru_code`)
) ENGINE=InnoDB DEFAULT CHARSET=latin1;
/*!40101 SET character_set_client = @saved_cs_client */;

--
-- Dumping data for table `tic_rubros`
--

LOCK TABLES `tic_rubros` WRITE;
/*!40000 ALTER TABLE `tic_rubros` DISABLE KEYS */;
INSERT INTO `tic_rubros` VALUES (0,'NO APLICA','ACTIVO','2009-06-16 04:33:25','1'),(1,'Discoteca','ACTIVO','2009-06-16 04:33:25','1'),(2,'Local con Baile (Bar, Pub, Restaurant, Otros)','ACTIVO','2009-06-16 04:33:25','1'),(3,'Recitales / Shows en vivo','ACTIVO','2009-06-16 04:33:25','1'),(4,'Pub y afines','ACTIVO','2009-06-16 04:33:25','1'),(5,'Pool','ACTIVO','2009-06-16 04:33:25','1'),(6,'Cine','ACTIVO','2009-06-16 04:33:25','1'),(7,'Teatro / Auditorio','ACTIVO','2009-06-16 04:33:25','1'),(8,'Eventos','ACTIVO','2009-06-16 04:33:25','1'),(9,'Sala de Juegos y Apuestas','ACTIVO','2009-06-16 04:33:25','1'),(10,'Centro de exposiciones / Museo Privado','ACTIVO','2009-06-16 04:33:25','1'),(11,'Sociedad de Fomento / Asociación Mutual o Cultural','ACTIVO','2009-06-16 04:33:25','1'),(12,'Pista de Patinaje / Juegos de Diversiones','ACTIVO','2009-06-16 04:33:25','1'),(13,'Circo / Hipódromo / Kartódromo / Velódromo / Autódromo','ACTIVO','2009-06-16 04:33:25','1'),(14,'Salón de Fiestas','ACTIVO','2009-06-16 04:33:25','1'),(15,'Pelotero','ACTIVO','2009-06-16 04:33:25','1'),(16,'Calesita','ACTIVO','2009-06-16 04:33:25','1'),(17,'Otros Juegos Motrices','ACTIVO','2009-06-16 04:33:25','1'),(18,'Hotel / Appart','ACTIVO','2009-06-16 04:33:25','1'),(19,'Albergue Transitorio','ACTIVO','2009-06-16 04:33:25','1'),(20,'Pensión /  Inquilinato / Residencia Universitaria','ACTIVO','2009-06-16 04:33:25','1'),(21,'Geriátrico','ACTIVO','2009-06-16 04:33:25','1'),(22,'Establecimientos Educativos','ACTIVO','2009-06-16 04:33:25','1'),(23,'Guardería / Jardín de Infantes / Prescolar','ACTIVO','2009-06-16 04:33:25','1'),(24,'Establecimientos Educativos primarios y secundarios','ACTIVO','2009-06-16 04:33:25','1'),(25,'Establecimientos Educativos terciarios, universitarios y posgrado','ACTIVO','2009-06-16 04:33:25','1'),(26,'Establecimientos Educativos Diferenciales','ACTIVO','2009-06-16 04:33:25','1'),(27,'Instituto / Academia (de idiomas, computación, artes, etc.)','ACTIVO','2009-06-16 04:33:25','1'),(28,'Biblioteca','ACTIVO','2009-06-16 04:33:25','1'),(29,'Internado','ACTIVO','2009-06-16 04:33:25','1'),(30,'Hospital / Sanatorio / Clínica con internación','ACTIVO','2009-06-16 04:33:25','1'),(31,'Consultorio / Centro Médico / Prest. Ambulatorias','ACTIVO','2009-06-16 04:33:25','1'),(32,'Centro de salud mental','ACTIVO','2009-06-16 04:33:25','1'),(33,'Servicio de ambulancia (el 1002 está Pres. de Ambulancia)','ACTIVO','2009-06-16 04:33:25','1'),(34,'Centro de reposo / Convalecencia / Rehabilitación','ACTIVO','2009-06-16 04:33:25','1'),(35,'Grandes Estadios','ACTIVO','2009-06-16 04:33:25','1'),(36,'Clubes y Polideportivos','ACTIVO','2009-06-16 04:33:25','1'),(37,'Colonia de Vacaciones','ACTIVO','2009-06-16 04:33:25','1'),(38,'Gimnasio','ACTIVO','2009-06-16 04:33:25','1'),(39,'Natatorio','ACTIVO','2009-06-16 04:33:25','1'),(40,'Taller textil / de costura','ACTIVO','2009-06-16 04:33:25','1'),(41,'Talabartería / Tejeduría','ACTIVO','2009-06-16 04:33:25','1'),(42,'Tapicería / Taller de calzado','ACTIVO','2009-06-16 04:33:25','1'),(43,'Fábrica','ACTIVO','2009-06-16 04:33:25','1'),(44,'Fábrica de Papel / Cartón y afines','ACTIVO','2009-06-16 04:33:25','1'),(45,'Fábrica Textil / Cuero y afines','ACTIVO','2009-06-16 04:33:25','1'),(46,'Fábrica relativa a la Construcción','ACTIVO','2009-06-16 04:33:25','1'),(47,'Fábrica de Gases Comprimidos / Licuados','ACTIVO','2009-06-16 04:33:25','1'),(48,'Fábrica de Productos Varios (Limpieza, Adorno, Etc.)','ACTIVO','2009-06-16 04:33:25','1'),(49,'Fábrica de muebles / Carpintería / Aserradero','ACTIVO','2009-06-16 04:33:25','1'),(50,'Fábrica de Hielo / Frío Industrial','ACTIVO','2009-06-16 04:33:25','1'),(51,'Fábrica de Plástico y afines','ACTIVO','2009-06-16 04:33:25','1'),(52,'Fábrica de Productos Químicos / Petróleo','ACTIVO','2009-06-16 04:33:25','1'),(53,'Fábrica Metalurgica y afines','ACTIVO','2009-06-16 04:33:25','1'),(54,'Fábrica de actividad Ganadera y/o Agrícola','ACTIVO','2009-06-16 04:33:25','1'),(55,'Fábrica de Actividad Minera','ACTIVO','2009-06-16 04:33:25','1'),(56,'Fábrica de Embarcaciones','ACTIVO','2009-06-16 04:33:25','1'),(57,'Fábrica de Inst.Opticos / Ortopedia / Fotografía y afines','ACTIVO','2009-06-16 04:33:25','1'),(58,'Fábrica de Maquinaria / Equipamiento / Accesorios y afines','ACTIVO','2009-06-16 04:33:25','1'),(59,'Fábrica de Mármol / Porcelana / Yeso / Piedras y afines','ACTIVO','2009-06-16 04:33:25','1'),(60,'Fábrica de Productos de Electricidad y afines','ACTIVO','2009-06-16 04:33:25','1'),(61,'Fábrica de Vehículos / Autopartes y afines','ACTIVO','2009-06-16 04:33:25','1'),(62,'Fábrica de Vidrio / Cristales y afines','ACTIVO','2009-06-16 04:33:25','1'),(63,'Laboratorio','ACTIVO','2009-06-16 04:33:25','1'),(64,'Laboratorio medicinal','ACTIVO','2009-06-16 04:33:25','1'),(65,'Laboratorio de cosméstica / perfumería','ACTIVO','2009-06-16 04:33:25','1'),(66,'Laboratorio industrial / químico','ACTIVO','2009-06-16 04:33:25','1'),(67,'Depósito','ACTIVO','2009-06-16 04:33:25','1'),(68,'Depósito de Papel / Cartón y afines','ACTIVO','2009-06-16 04:33:25','1'),(69,'Depósito de Textil y afines','ACTIVO','2009-06-16 04:33:25','1'),(70,'Depósito de materiales para Construcción','ACTIVO','2009-06-16 04:33:25','1'),(71,'Depósito de Alimentos / Bebidas','ACTIVO','2009-06-16 04:33:25','1'),(72,'Depósito de Gases Comprimidos / Licuados','ACTIVO','2009-06-16 04:33:25','1'),(73,'Depósito de Productos Varios (Limpieza, Adorno, Etc.)','ACTIVO','2009-06-16 04:33:25','1'),(74,'Depósito de Productos Químicos / Petróleo','ACTIVO','2009-06-16 04:33:25','1'),(75,'Depósito de actividad Ganadera y/o Agrícola','ACTIVO','2009-06-16 04:33:25','1'),(76,'Exceso de Capacidad Mercadería','ACTIVO','2009-06-16 04:33:25','1'),(77,'Depósito de Inst.Opticos /Ortopedia / Fotog. y afines','ACTIVO','2009-06-16 04:33:25','1'),(78,'Depósito de Maquinaria / Equipamiento / Accesorios y afines','ACTIVO','2009-06-16 04:33:25','1'),(79,'Depósito de Mármol / Porcelana / Yeso / Piedras y afines','ACTIVO','2009-06-16 04:33:25','1'),(80,'Depósito de Productos de Electricidad y afines','ACTIVO','2009-06-16 04:33:25','1'),(81,'Depósito de Vehículos / Autopartes y afines','ACTIVO','2009-06-16 04:33:25','1'),(82,'Depósito de Vidrio / Cristales y afines','ACTIVO','2009-06-16 04:33:25','1'),(83,'Distribuidora','ACTIVO','2009-06-16 04:33:25','1'),(84,'Medios (Radiodifusora, Canal TV, Productora)','ACTIVO','2009-06-16 04:33:25','1'),(85,'Estudio de Televisión y Radiodifusión','ACTIVO','2009-06-16 04:33:25','1'),(86,'Estudio de Grabación de Sonidos','ACTIVO','2009-06-16 04:33:25','1'),(87,'Estación de Transmisión y Recepción de Telefonía Móvil Celular','ACTIVO','2009-06-16 04:33:25','1'),(88,'Galería y Centro Comercial','ACTIVO','2009-06-16 04:33:25','1'),(89,'Supermercado / Hipermercado','ACTIVO','2009-06-16 04:33:25','1'),(90,'Autorservicio','ACTIVO','2009-06-16 04:33:25','1'),(91,'Café / Bar','ACTIVO','2009-06-16 04:33:25','1'),(92,'Restaurant','ACTIVO','2009-06-16 04:33:25','1'),(93,'Carnicería / Pescadería / Pollería','ACTIVO','2009-06-16 04:33:25','1'),(94,'Verdulería / Frutería','ACTIVO','2009-06-16 04:33:25','1'),(95,'Panadería / Confitería / Bombonería','ACTIVO','2009-06-16 04:33:25','1'),(96,'Casa de comidas','ACTIVO','2009-06-16 04:33:25','1'),(97,'Despensa / Almacén / Heladería / Etc.','ACTIVO','2009-06-16 04:33:25','1'),(98,'Kiosco / Maxikiosco','ACTIVO','2009-06-16 04:33:25','1'),(99,'Ciber','ACTIVO','2009-06-16 04:33:25','1'),(100,'Video Juegos','ACTIVO','2009-06-16 04:33:25','1'),(101,'Locutorio / Correo / Agencia de Lotería','ACTIVO','2009-06-16 04:33:25','1'),(102,'Video-DVD Club','ACTIVO','2009-06-16 04:33:25','1'),(103,'Salón de Belleza / Solarium','ACTIVO','2009-06-16 04:33:25','1'),(104,'Sauna / Spa / Centro de estética','ACTIVO','2009-06-16 04:33:25','1'),(105,'Puesto fijo de venta de comestibles','ACTIVO','2009-06-16 04:33:25','1'),(106,'Venta Ambulante de Comestibles','ACTIVO','2009-06-16 04:33:25','1'),(107,'Taller mecánico / Gomería','ACTIVO','2009-06-16 04:33:25','1'),(108,'Taller de chapa y pintura','ACTIVO','2009-06-16 04:33:25','1'),(109,'Reparaciones / Mantenimiento','ACTIVO','2009-06-16 04:33:25','1'),(110,'Playa de estacionamiento / Garage','ACTIVO','2009-06-16 04:33:25','1'),(111,'Lavadero de autos','ACTIVO','2009-06-16 04:33:25','1'),(112,'Remises / Taxi / Alquiler vehículos','ACTIVO','2009-06-16 04:33:25','1'),(113,'Terminal de estacionamiento','ACTIVO','2009-06-16 04:33:25','1'),(114,'Empresas de Transporte de carga','ACTIVO','2009-06-16 04:33:25','1'),(115,'Consecionario de autos / Venta de vehículos','ACTIVO','2009-06-16 04:33:25','1'),(116,'Angares / Guarda de embarcaciones','ACTIVO','2009-06-16 04:33:25','1'),(117,'Banco / Cajeros / Entidades financieras','ACTIVO','2009-06-16 04:33:25','1'),(118,'Oficina / Agencia comercial y de servicios / Asociación','ACTIVO','2009-06-16 04:33:25','1'),(119,'Oficina de Mensajería','ACTIVO','2009-06-16 04:33:25','1'),(120,'Vivero','ACTIVO','2009-06-16 04:33:25','1'),(121,'Veterinaria / Pensionado para pequeños animales','ACTIVO','2009-06-16 04:33:25','1'),(122,'Librería / Papelería / Editorial','ACTIVO','2009-06-16 04:33:25','1'),(123,'Fotografía / Filmación / Música','ACTIVO','2009-06-16 04:33:25','1'),(124,'Imprenta','ACTIVO','2009-06-16 04:33:25','1'),(125,'Farmacia / Perfumería','ACTIVO','2009-06-16 04:33:25','1'),(126,'Indumentaria / Calzado / Marroquinería','ACTIVO','2009-06-16 04:33:25','1'),(127,'Mercería / Lencería / Lanería','ACTIVO','2009-06-16 04:33:25','1'),(128,'Juguetería / Bicicletería','ACTIVO','2009-06-16 04:33:25','1'),(129,'Joyería / Relojería','ACTIVO','2009-06-16 04:33:25','1'),(130,'Computación / Telefonía / Electrodomésticos','ACTIVO','2009-06-16 04:33:25','1'),(131,'Regalería / Bazar / Antigüedades / Obras de Arte','ACTIVO','2009-06-16 04:33:25','1'),(132,'Mueblería / Decoración','ACTIVO','2009-06-16 04:33:25','1'),(133,'Retacería / Colchonería / Blanquería','ACTIVO','2009-06-16 04:33:25','1'),(134,'Alquiler de vajilla, mantelería y afines','ACTIVO','2009-06-16 04:33:25','1'),(135,'Ferretería / Pinturería / Cerrajería','ACTIVO','2009-06-16 04:33:25','1'),(136,'Herrería / Vidriería','ACTIVO','2009-06-16 04:33:25','1'),(137,'Repuestos / Accesorios','ACTIVO','2009-06-16 04:33:25','1'),(138,'Maquinaria / Equipamiento','ACTIVO','2009-06-16 04:33:25','1'),(139,'Venta Materiales para la Construcción','ACTIVO','2009-06-16 04:33:25','1'),(140,'Proveeduría / Ramos Generales','ACTIVO','2009-06-16 04:33:25','1'),(141,'Armería / Art. Navales / Camping','ACTIVO','2009-06-16 04:33:25','1'),(142,'Optica / Ortopedia y artículos de precisión','ACTIVO','2009-06-16 04:33:25','1'),(143,'Tintorería / Lavandería','ACTIVO','2009-06-16 04:33:25','1'),(144,'Limpieza / Desinfección','ACTIVO','2009-06-16 04:33:25','1'),(145,'Casa de Velatorios','ACTIVO','2009-06-16 04:33:25','1'),(146,'Obras en Construcción / Demoliciones','ACTIVO','2009-06-16 04:33:25','1'),(147,'Obras Finalizadas','ACTIVO','2009-06-16 04:33:25','1'),(148,'Obras Abandonadas / Terrenos Baldíos','ACTIVO','2009-06-16 04:33:25','1');
/*!40000 ALTER TABLE `tic_rubros` ENABLE KEYS */;
UNLOCK TABLES;

--
-- Table structure for table `tic_ticket`
--

DROP TABLE IF EXISTS `tic_ticket`;
/*!40101 SET @saved_cs_client     = @@character_set_client */;
/*!40101 SET character_set_client = utf8 */;
CREATE TABLE `tic_ticket` (
  `tic_nro` int(10) NOT NULL,
  `tic_anio` int(10) NOT NULL,
  `tic_tipo` varchar(20) NOT NULL,
  `tic_tstamp_in` datetime DEFAULT NULL,
  `use_code` varchar(50) DEFAULT NULL,
  `tic_nota_in` varchar(500) DEFAULT NULL,
  `tic_estado` varchar(50) DEFAULT NULL,
  `tic_lugar` varchar(1000) DEFAULT NULL,
  `tic_barrio` varchar(50) DEFAULT NULL,
  `tic_cgpc` varchar(20) DEFAULT NULL,
  `tic_coordx` double DEFAULT NULL,
  `tic_coordy` double DEFAULT NULL,
  `tic_id_cuadra` int(10) DEFAULT NULL,
  `tic_forms` int(10) DEFAULT NULL,
  `tic_canal` varchar(20) DEFAULT NULL,
  `tic_tstamp_plazo` datetime DEFAULT NULL,
  `tic_tstamp_cierre` datetime DEFAULT NULL,
  `tic_calle_nombre` varchar(100) DEFAULT NULL,
  `tic_nro_puerta` int(10) DEFAULT NULL,
  `tic_nro_asociado` int(10) unsigned DEFAULT NULL,
  `tic_anio_asociado` int(10) unsigned DEFAULT NULL,
  PRIMARY KEY (`tic_nro`,`tic_anio`,`tic_tipo`),
  KEY `ix_tic_ticket1` (`tic_tipo`)
) ENGINE=InnoDB DEFAULT CHARSET=latin1;
/*!40101 SET character_set_client = @saved_cs_client */;

--
-- Dumping data for table `tic_ticket`
--

LOCK TABLES `tic_ticket` WRITE;
/*!40000 ALTER TABLE `tic_ticket` DISABLE KEYS */;
INSERT INTO `tic_ticket` VALUES (1,2012,'DENUNCIA','2012-12-07 00:22:14','508','un tema','ABIERTO','&lt;?xml version=&quot;1.0&quot; encoding=&quot;utf-8&quot;?&gt;&lt;direccion&gt;&lt;domicilio&gt;&lt;calle&gt;MITRE, BARTOLOME&lt;/calle&gt;&lt;nro&gt;1530&lt;/nro&gt;&lt;piso&gt;&lt;/piso&gt;&lt;dpto&gt;&lt;/dpto&gt;&lt;nombre_fantasia&gt;&lt;/nombre_fantasia&gt;&lt;/domicilio&gt;&lt;/direccion&gt;','San Nicolas','Comuna 1',106900.382607,102383.214595,0,115827,'call','2013-01-06 00:22:14',NULL,'MITRE, BARTOLOME',1530,NULL,NULL);
/*!40000 ALTER TABLE `tic_ticket` ENABLE KEYS */;
UNLOCK TABLES;

--
-- Table structure for table `tic_ticket_asociado`
--

DROP TABLE IF EXISTS `tic_ticket_asociado`;
/*!40101 SET @saved_cs_client     = @@character_set_client */;
/*!40101 SET character_set_client = utf8 */;
CREATE TABLE `tic_ticket_asociado` (
  `tic_nro` int(10) unsigned NOT NULL AUTO_INCREMENT,
  `tic_anio` int(10) unsigned NOT NULL,
  `tic_tipo` varchar(20) NOT NULL,
  `tic_nro_asoc` int(10) unsigned NOT NULL,
  `tic_anio_asoc` int(10) unsigned NOT NULL,
  `tta_tstamp` datetime NOT NULL,
  `use_code` varchar(50) DEFAULT NULL,
  PRIMARY KEY (`tic_nro`,`tic_anio`,`tic_tipo`,`tic_nro_asoc`,`tic_anio_asoc`)
) ENGINE=InnoDB DEFAULT CHARSET=latin1;
/*!40101 SET character_set_client = @saved_cs_client */;

--
-- Dumping data for table `tic_ticket_asociado`
--

LOCK TABLES `tic_ticket_asociado` WRITE;
/*!40000 ALTER TABLE `tic_ticket_asociado` DISABLE KEYS */;
/*!40000 ALTER TABLE `tic_ticket_asociado` ENABLE KEYS */;
UNLOCK TABLES;

--
-- Table structure for table `tic_ticket_ciudadano`
--

DROP TABLE IF EXISTS `tic_ticket_ciudadano`;
/*!40101 SET @saved_cs_client     = @@character_set_client */;
/*!40101 SET character_set_client = utf8 */;
CREATE TABLE `tic_ticket_ciudadano` (
  `tic_nro` int(10) NOT NULL,
  `tic_anio` int(10) NOT NULL,
  `tic_tipo` varchar(20) NOT NULL,
  `ciu_code` int(10) NOT NULL,
  `ttc_tstamp` datetime DEFAULT NULL,
  `ttc_nota` varchar(1000) DEFAULT NULL,
  PRIMARY KEY (`tic_nro`,`tic_anio`,`tic_tipo`,`ciu_code`)
) ENGINE=InnoDB DEFAULT CHARSET=latin1;
/*!40101 SET character_set_client = @saved_cs_client */;

--
-- Dumping data for table `tic_ticket_ciudadano`
--

LOCK TABLES `tic_ticket_ciudadano` WRITE;
/*!40000 ALTER TABLE `tic_ticket_ciudadano` DISABLE KEYS */;
INSERT INTO `tic_ticket_ciudadano` VALUES (1,2012,'DENUNCIA',157560,'2012-12-07 00:22:14','un tema');
/*!40000 ALTER TABLE `tic_ticket_ciudadano` ENABLE KEYS */;
UNLOCK TABLES;

--
-- Table structure for table `tic_ticket_ciudadano_reit`
--

DROP TABLE IF EXISTS `tic_ticket_ciudadano_reit`;
/*!40101 SET @saved_cs_client     = @@character_set_client */;
/*!40101 SET character_set_client = utf8 */;
CREATE TABLE `tic_ticket_ciudadano_reit` (
  `tic_nro` int(10) NOT NULL,
  `tic_anio` int(10) NOT NULL,
  `tic_tipo` varchar(20) NOT NULL,
  `ciu_code` int(10) NOT NULL,
  `ttc_tstamp` datetime NOT NULL,
  `ttc_nota` varchar(1000) DEFAULT NULL,
  PRIMARY KEY (`tic_nro`,`tic_anio`,`tic_tipo`,`ciu_code`,`ttc_tstamp`)
) ENGINE=InnoDB DEFAULT CHARSET=latin1;
/*!40101 SET character_set_client = @saved_cs_client */;

--
-- Dumping data for table `tic_ticket_ciudadano_reit`
--

LOCK TABLES `tic_ticket_ciudadano_reit` WRITE;
/*!40000 ALTER TABLE `tic_ticket_ciudadano_reit` DISABLE KEYS */;
/*!40000 ALTER TABLE `tic_ticket_ciudadano_reit` ENABLE KEYS */;
UNLOCK TABLES;

--
-- Table structure for table `tic_ticket_organismos`
--

DROP TABLE IF EXISTS `tic_ticket_organismos`;
/*!40101 SET @saved_cs_client     = @@character_set_client */;
/*!40101 SET character_set_client = utf8 */;
CREATE TABLE `tic_ticket_organismos` (
  `tic_nro` int(10) NOT NULL,
  `tic_anio` int(10) NOT NULL,
  `tic_tipo` varchar(20) NOT NULL,
  `tor_code` int(10) NOT NULL,
  `tto_figura` varchar(50) NOT NULL DEFAULT '',
  `tpr_code` varchar(20) DEFAULT NULL,
  `tto_alerta` int(10) unsigned DEFAULT NULL,
  PRIMARY KEY (`tic_nro`,`tic_anio`,`tic_tipo`,`tor_code`,`tto_figura`) USING BTREE
) ENGINE=InnoDB DEFAULT CHARSET=latin1;
/*!40101 SET character_set_client = @saved_cs_client */;

--
-- Dumping data for table `tic_ticket_organismos`
--

LOCK TABLES `tic_ticket_organismos` WRITE;
/*!40000 ALTER TABLE `tic_ticket_organismos` DISABLE KEYS */;
INSERT INTO `tic_ticket_organismos` VALUES (1,2012,'DENUNCIA',260,'RESPONSABLE','3017',1),(1,2012,'DENUNCIA',486,'OBSERVADOR','3017',1);
/*!40000 ALTER TABLE `tic_ticket_organismos` ENABLE KEYS */;
UNLOCK TABLES;

--
-- Table structure for table `tic_ticket_prestaciones`
--

DROP TABLE IF EXISTS `tic_ticket_prestaciones`;
/*!40101 SET @saved_cs_client     = @@character_set_client */;
/*!40101 SET character_set_client = utf8 */;
CREATE TABLE `tic_ticket_prestaciones` (
  `tic_nro` int(10) NOT NULL,
  `tic_anio` int(10) NOT NULL,
  `tic_tipo` varchar(20) NOT NULL,
  `tpr_code` varchar(20) NOT NULL,
  `ttp_tstamp` datetime DEFAULT NULL,
  `tru_code` int(10) DEFAULT NULL,
  `ttp_cuestionario` varchar(3000) DEFAULT NULL,
  `ttp_estado` varchar(50) DEFAULT NULL,
  `ttp_prioridad` varchar(20) DEFAULT NULL,
  `ttp_tstamp_cierra` datetime DEFAULT NULL,
  `ttp_tstamp_plazo` datetime DEFAULT NULL,
  `ttp_alerta` int(10) unsigned DEFAULT NULL,
  PRIMARY KEY (`tic_nro`,`tic_anio`,`tic_tipo`,`tpr_code`)
) ENGINE=InnoDB DEFAULT CHARSET=latin1;
/*!40101 SET character_set_client = @saved_cs_client */;

--
-- Dumping data for table `tic_ticket_prestaciones`
--

LOCK TABLES `tic_ticket_prestaciones` WRITE;
/*!40000 ALTER TABLE `tic_ticket_prestaciones` DISABLE KEYS */;
INSERT INTO `tic_ticket_prestaciones` VALUES (1,2012,'DENUNCIA','3017','2012-12-07 00:22:14',73,'&lt;?xml version=&quot;1.0&quot; encoding=&quot;UTF-8&quot;?&gt;&lt;cuestionarioresultado&gt;&lt;/cuestionarioresultado&gt;','INICIADO','1.1',NULL,NULL,NULL);
/*!40000 ALTER TABLE `tic_ticket_prestaciones` ENABLE KEYS */;
UNLOCK TABLES;

--
-- Table structure for table `tra_audit`
--

DROP TABLE IF EXISTS `tra_audit`;
/*!40101 SET @saved_cs_client     = @@character_set_client */;
/*!40101 SET character_set_client = utf8 */;
CREATE TABLE `tra_audit` (
  `aud_seq` int(10) NOT NULL,
  `tra_code` varchar(50) NOT NULL,
  `aud_step` varchar(50) DEFAULT NULL,
  `use_code` varchar(50) DEFAULT NULL,
  `use_name` varchar(100) DEFAULT NULL,
  `aud_tstamp` datetime DEFAULT NULL,
  `aud_object` varchar(50) DEFAULT NULL,
  `aud_step_label` varchar(100) DEFAULT NULL,
  `aud_msg` varchar(4000) DEFAULT NULL,
  `aud_result` varchar(50) DEFAULT NULL
) ENGINE=InnoDB DEFAULT CHARSET=latin1;
/*!40101 SET character_set_client = @saved_cs_client */;

--
-- Dumping data for table `tra_audit`
--

LOCK TABLES `tra_audit` WRITE;
/*!40000 ALTER TABLE `tra_audit` DISABLE KEYS */;
/*!40000 ALTER TABLE `tra_audit` ENABLE KEYS */;
UNLOCK TABLES;

--
-- Table structure for table `tra_events`
--

DROP TABLE IF EXISTS `tra_events`;
/*!40101 SET @saved_cs_client     = @@character_set_client */;
/*!40101 SET character_set_client = utf8 */;
CREATE TABLE `tra_events` (
  `tev_object` varchar(50) NOT NULL,
  `tev_op` char(1) NOT NULL,
  `tev_code` varchar(50) NOT NULL,
  `tev_tstamp` datetime NOT NULL,
  `tev_proc_tstamp` datetime DEFAULT NULL,
  `ave_code` varchar(50) DEFAULT NULL,
  `tev_class` varchar(200) DEFAULT NULL,
  `tev_key` int(10) NOT NULL,
  `tev_proc_result` varchar(400) DEFAULT NULL,
  `tev_template` varchar(200) DEFAULT NULL,
  `tev_mail_to` varchar(200) DEFAULT NULL,
  `tev_presentation` varchar(200) DEFAULT NULL,
  UNIQUE KEY `pk_tra_events_1` (`tev_key`)
) ENGINE=InnoDB DEFAULT CHARSET=latin1;
/*!40101 SET character_set_client = @saved_cs_client */;

--
-- Dumping data for table `tra_events`
--

LOCK TABLES `tra_events` WRITE;
/*!40000 ALTER TABLE `tra_events` DISABLE KEYS */;
/*!40000 ALTER TABLE `tra_events` ENABLE KEYS */;
UNLOCK TABLES;

--
-- Table structure for table `tra_list`
--

DROP TABLE IF EXISTS `tra_list`;
/*!40101 SET @saved_cs_client     = @@character_set_client */;
/*!40101 SET character_set_client = utf8 */;
CREATE TABLE `tra_list` (
  `tra_code` varchar(50) NOT NULL,
  `tra_sys` varchar(50) DEFAULT NULL,
  `cir_code` varchar(50) DEFAULT NULL,
  `tra_act_level` decimal(18,0) DEFAULT NULL,
  `tra_rol` varchar(50) DEFAULT NULL,
  `tra_status` varchar(50) DEFAULT NULL,
  `tra_doc_xml` varchar(50) DEFAULT NULL,
  `tra_route_xml` varchar(50) DEFAULT NULL,
  `tra_prop_xml` varchar(50) DEFAULT NULL,
  `tra_tstamp_in` datetime DEFAULT NULL,
  `tra_tstamp_alarm` datetime DEFAULT NULL,
  `tra_key` varchar(100) DEFAULT NULL,
  `tra_key_desc` varchar(200) DEFAULT NULL,
  `tra_viewer` varchar(100) DEFAULT NULL,
  `tra_result` varchar(50) DEFAULT NULL,
  `tra_result_msg` varchar(500) DEFAULT NULL,
  `use_code_owner` varchar(50) DEFAULT NULL,
  `uri` varchar(50) DEFAULT NULL,
  `tra_handler` varchar(100) DEFAULT NULL,
  `use_code_aut` varchar(50) DEFAULT NULL,
  `tra_engine` varchar(50) DEFAULT NULL,
  `tra_job_status` varchar(50) DEFAULT NULL,
  `tra_job_error` varchar(500) DEFAULT NULL,
  `tra_change` char(1) DEFAULT NULL,
  `tra_can_print` char(1) DEFAULT NULL,
  `tra_hide_tstamp` datetime DEFAULT NULL
) ENGINE=InnoDB DEFAULT CHARSET=latin1;
/*!40101 SET character_set_client = @saved_cs_client */;

--
-- Dumping data for table `tra_list`
--

LOCK TABLES `tra_list` WRITE;
/*!40000 ALTER TABLE `tra_list` DISABLE KEYS */;
/*!40000 ALTER TABLE `tra_list` ENABLE KEYS */;
UNLOCK TABLES;

--
-- Table structure for table `tra_log`
--

DROP TABLE IF EXISTS `tra_log`;
/*!40101 SET @saved_cs_client     = @@character_set_client */;
/*!40101 SET character_set_client = utf8 */;
CREATE TABLE `tra_log` (
  `swo_code` varchar(50) NOT NULL,
  `san_code` int(10) DEFAULT NULL,
  `trl_code` int(10) NOT NULL,
  `trl_msg` varchar(1024) DEFAULT NULL,
  `trl_read` char(1) DEFAULT NULL
) ENGINE=InnoDB DEFAULT CHARSET=latin1;
/*!40101 SET character_set_client = @saved_cs_client */;

--
-- Dumping data for table `tra_log`
--

LOCK TABLES `tra_log` WRITE;
/*!40000 ALTER TABLE `tra_log` DISABLE KEYS */;
/*!40000 ALTER TABLE `tra_log` ENABLE KEYS */;
UNLOCK TABLES;

--
-- Temporary table structure for view `v_ticket`
--

DROP TABLE IF EXISTS `v_ticket`;
/*!50001 DROP VIEW IF EXISTS `v_ticket`*/;
SET @saved_cs_client     = @@character_set_client;
SET character_set_client = utf8;
/*!50001 CREATE TABLE `v_ticket` (
  `tipo` tinyint NOT NULL,
  `anio` tinyint NOT NULL,
  `numero` tinyint NOT NULL,
  `prestacion` tinyint NOT NULL,
  `ubicacion` tinyint NOT NULL,
  `estado` tinyint NOT NULL,
  `ciudadano` tinyint NOT NULL,
  `ciu_code` tinyint NOT NULL,
  `tic_nro` tinyint NOT NULL,
  `tic_anio` tinyint NOT NULL
) ENGINE=MyISAM */;
SET character_set_client = @saved_cs_client;

--
-- Temporary table structure for view `v_ticket_ciu`
--

DROP TABLE IF EXISTS `v_ticket_ciu`;
/*!50001 DROP VIEW IF EXISTS `v_ticket_ciu`*/;
SET @saved_cs_client     = @@character_set_client;
SET character_set_client = utf8;
/*!50001 CREATE TABLE `v_ticket_ciu` (
  `tipo` tinyint NOT NULL,
  `anio` tinyint NOT NULL,
  `numero` tinyint NOT NULL,
  `prestacion` tinyint NOT NULL,
  `ubicacion` tinyint NOT NULL,
  `estado` tinyint NOT NULL,
  `ciudadano` tinyint NOT NULL,
  `ciu_code` tinyint NOT NULL
) ENGINE=MyISAM */;
SET character_set_client = @saved_cs_client;

--
-- Temporary table structure for view `v_tickets`
--

DROP TABLE IF EXISTS `v_tickets`;
/*!50001 DROP VIEW IF EXISTS `v_tickets`*/;
SET @saved_cs_client     = @@character_set_client;
SET character_set_client = utf8;
/*!50001 CREATE TABLE `v_tickets` (
  `tic_nro` tinyint NOT NULL,
  `tic_anio` tinyint NOT NULL,
  `tic_tipo` tinyint NOT NULL,
  `tpr_code` tinyint NOT NULL,
  `ttp_tstamp` tinyint NOT NULL,
  `ttp_estado` tinyint NOT NULL,
  `ttp_prioridad` tinyint NOT NULL,
  `tor_code` tinyint NOT NULL,
  `tto_figura` tinyint NOT NULL,
  `tru_code` tinyint NOT NULL,
  `tic_calle_nombre` tinyint NOT NULL,
  `tic_nro_puerta` tinyint NOT NULL,
  `tic_barrio` tinyint NOT NULL,
  `tic_nota_in` tinyint NOT NULL,
  `tto_alerta` tinyint NOT NULL,
  `responsable` tinyint NOT NULL,
  `prestador` tinyint NOT NULL
) ENGINE=MyISAM */;
SET character_set_client = @saved_cs_client;

--
-- Final view structure for view `v_ticket`
--

/*!50001 DROP TABLE IF EXISTS `v_ticket`*/;
/*!50001 DROP VIEW IF EXISTS `v_ticket`*/;
/*!50001 SET @saved_cs_client          = @@character_set_client */;
/*!50001 SET @saved_cs_results         = @@character_set_results */;
/*!50001 SET @saved_col_connection     = @@collation_connection */;
/*!50001 SET character_set_client      = utf8 */;
/*!50001 SET character_set_results     = utf8 */;
/*!50001 SET collation_connection      = utf8_general_ci */;
/*!50001 CREATE ALGORITHM=UNDEFINED */
/*!50013 DEFINER=`root`@`localhost` SQL SECURITY DEFINER */
/*!50001 VIEW `v_ticket` AS select `tic_ticket`.`tic_tipo` AS `tipo`,`tic_ticket`.`tic_anio` AS `anio`,`tic_ticket`.`tic_nro` AS `numero`,`getPrestaciones`(`tic_ticket`.`tic_nro`,`tic_ticket`.`tic_anio`,`tic_ticket`.`tic_tipo`) AS `prestacion`,`tic_ticket`.`tic_lugar` AS `ubicacion`,`tic_ticket`.`tic_estado` AS `estado`,' ' AS `ciudadano`,0 AS `ciu_code`,`tic_ticket`.`tic_nro` AS `tic_nro`,`tic_ticket`.`tic_anio` AS `tic_anio` from `tic_ticket` */;
/*!50001 SET character_set_client      = @saved_cs_client */;
/*!50001 SET character_set_results     = @saved_cs_results */;
/*!50001 SET collation_connection      = @saved_col_connection */;

--
-- Final view structure for view `v_ticket_ciu`
--

/*!50001 DROP TABLE IF EXISTS `v_ticket_ciu`*/;
/*!50001 DROP VIEW IF EXISTS `v_ticket_ciu`*/;
/*!50001 SET @saved_cs_client          = @@character_set_client */;
/*!50001 SET @saved_cs_results         = @@character_set_results */;
/*!50001 SET @saved_col_connection     = @@collation_connection */;
/*!50001 SET character_set_client      = utf8 */;
/*!50001 SET character_set_results     = utf8 */;
/*!50001 SET collation_connection      = utf8_general_ci */;
/*!50001 CREATE ALGORITHM=UNDEFINED */
/*!50013 DEFINER=`root`@`localhost` SQL SECURITY DEFINER */
/*!50001 VIEW `v_ticket_ciu` AS select `ti`.`tic_tipo` AS `tipo`,`ti`.`tic_anio` AS `anio`,`ti`.`tic_nro` AS `numero`,`getPrestaciones`(`ti`.`tic_nro`,`ti`.`tic_anio`,`ti`.`tic_tipo`) AS `prestacion`,`ti`.`tic_lugar` AS `ubicacion`,`ti`.`tic_estado` AS `estado`,`getCiudadano`(`tc`.`ciu_code`) AS `ciudadano`,`tc`.`ciu_code` AS `ciu_code` from (`tic_ticket` `ti` join `tic_ticket_ciudadano` `tc` on(((`tc`.`tic_nro` = `ti`.`tic_nro`) and (`tc`.`tic_anio` = `ti`.`tic_anio`) and (`tc`.`tic_tipo` = `ti`.`tic_tipo`)))) */;
/*!50001 SET character_set_client      = @saved_cs_client */;
/*!50001 SET character_set_results     = @saved_cs_results */;
/*!50001 SET collation_connection      = @saved_col_connection */;

--
-- Final view structure for view `v_tickets`
--

/*!50001 DROP TABLE IF EXISTS `v_tickets`*/;
/*!50001 DROP VIEW IF EXISTS `v_tickets`*/;
/*!50001 SET @saved_cs_client          = @@character_set_client */;
/*!50001 SET @saved_cs_results         = @@character_set_results */;
/*!50001 SET @saved_col_connection     = @@collation_connection */;
/*!50001 SET character_set_client      = utf8 */;
/*!50001 SET character_set_results     = utf8 */;
/*!50001 SET collation_connection      = utf8_general_ci */;
/*!50001 CREATE ALGORITHM=UNDEFINED */
/*!50013 DEFINER=`root`@`localhost` SQL SECURITY DEFINER */
/*!50001 VIEW `v_tickets` AS select `pre`.`tic_nro` AS `tic_nro`,`pre`.`tic_anio` AS `tic_anio`,`pre`.`tic_tipo` AS `tic_tipo`,`pre`.`tpr_code` AS `tpr_code`,`pre`.`ttp_tstamp` AS `ttp_tstamp`,`pre`.`ttp_estado` AS `ttp_estado`,`pre`.`ttp_prioridad` AS `ttp_prioridad`,`org`.`tor_code` AS `tor_code`,`org`.`tto_figura` AS `tto_figura`,`pre`.`tru_code` AS `tru_code`,`tic`.`tic_calle_nombre` AS `tic_calle_nombre`,`tic`.`tic_nro_puerta` AS `tic_nro_puerta`,`tic`.`tic_barrio` AS `tic_barrio`,`tic`.`tic_nota_in` AS `tic_nota_in`,`org`.`tto_alerta` AS `tto_alerta`,if(strcmp(`org`.`tto_figura`,'RESPONSABLE'),'','X') AS `responsable`,if(strcmp(`org`.`tto_figura`,'PRESTADOR'),'','X') AS `prestador` from ((`tic_ticket_prestaciones` `pre` join `tic_ticket_organismos` `org` on(((`pre`.`tic_nro` = `org`.`tic_nro`) and (`pre`.`tic_anio` = `org`.`tic_anio`) and (`pre`.`tic_tipo` = `org`.`tic_tipo`)))) join `tic_ticket` `tic` on(((`pre`.`tic_nro` = `tic`.`tic_nro`) and (`pre`.`tic_anio` = `tic`.`tic_anio`) and (`pre`.`tic_tipo` = `tic`.`tic_tipo`)))) */;
/*!50001 SET character_set_client      = @saved_cs_client */;
/*!50001 SET character_set_results     = @saved_cs_results */;
/*!50001 SET collation_connection      = @saved_col_connection */;
/*!40103 SET TIME_ZONE=@OLD_TIME_ZONE */;

/*!40101 SET SQL_MODE=@OLD_SQL_MODE */;
/*!40014 SET FOREIGN_KEY_CHECKS=@OLD_FOREIGN_KEY_CHECKS */;
/*!40014 SET UNIQUE_CHECKS=@OLD_UNIQUE_CHECKS */;
/*!40101 SET CHARACTER_SET_CLIENT=@OLD_CHARACTER_SET_CLIENT */;
/*!40101 SET CHARACTER_SET_RESULTS=@OLD_CHARACTER_SET_RESULTS */;
/*!40101 SET COLLATION_CONNECTION=@OLD_COLLATION_CONNECTION */;
/*!40111 SET SQL_NOTES=@OLD_SQL_NOTES */;

-- Dump completed on 2012-12-07  8:49:22
